Workbook

Sheet Kubiņu masa
B4: 45393
E5: mo-abs sausa, žavskapī 50C/3h
B7: Gaisa mitrums: | E7: 0.5 | H7: 0.6 | K7: 0.7 | M7: 0.8 | P7: 0.9 | S7: 0.95
B8: Temperatūra: | D8: 23oC | E8: 23oC | F8: 23oC | G8: 23oC | H8: 23oC | I8: 23oC | J8: 23oC | K8: 23oC | L8: 23oC | M8: 23oC | N8: 23oC | O8: 23oC | P8: 23oC | Q8: 23oC | R8: 23oC | S8: 23oC | T8: 23oC | U8: 23oC
B9: Paraugi | D9: 45608 | E9: 45609 | F9: 15.11.24 | G9: 19.11.24 | H9: 20.11.24 | I9: 22.11.24 | J9: 25.11.24 | K9: 26.11.24 | L9: 27.11.24 | M9: 29.11.24 | N9: 02.12.24 | O9: 03.12.24 | P9: 04.12.24 | Q9: 06.12.24 | R9: 09.12.24 | S9: 10.12.24 | T9: 11.12.24 | U9: 16.12.24
A10: apstrāde | D10: mo*
A11: bez apstrādes | B11: Sl1 | C11: 316 | D11: 6.617 | E11: 6.98 | F11: 6.98 | G11: 6.96 | H11: 7.04 | I11: 7.05 | J11: 7.05 | K11: 7.15 | L11: 7.15 | M11: 7.35 | N11: 7.35 | O11: 7.35 | P11: 7.63 | Q11: 7.69 | R11: 7.69 | S11: 7.94 | T11: 7.95 | U11: 7.87
C12: 320 | D12: 6.473 | E12: 6.84 | F12: 6.84 | G12: 6.83 | H12: 6.89 | I12: 6.92 | J12: 6.92 | K12: 6.99 | L12: 6.98 | M12: 7.19 | N12: 7.19 | O12: 7.2 | P12: 7.46 | Q12: 7.54 | R12: 7.54 | S12: 7.76 | T12: 7.78 | U12: 7.68
C13: 325 | D13: 6.128 | E13: 6.46 | F13: 6.46 | G13: 6.47 | H13: 6.45 | I13: 6.54 | J13: 6.54 | K13: 6.61 | L13: 6.51 | M13: 6.81 | N13: 6.81 | O13: 6.81 | P13: 7.05 | Q13: 7.15 | R13: 7.13 | S13: 7.35 | T13: 7.35 | U13: 7.27
B14: Sl2 | C14: 332 | D14: 3.74 | E14: 3.94 | F14: 3.94 | G14: 3.91 | H14: 3.94 | I14: 4 | J14: 3.97 | K14: 4.02 | L14: 4.01 | M14: 4.15 | N14: 4.15 | O14: 4.14 | P14: 4.31 | Q14: 4.36 | R14: 4.35 | S14: 4.52 | T14: 4.51 | U14: 4.4
C15: 336 | D15: 3.827 | E15: 4.04 | F15: 4.04 | G15: 4.02 | H15: 4.07 | I15: 4.09 | J15: 4.07 | K15: 4.14 | L15: 4.12 | M15: 4.25 | N15: 4.25 | O15: 4.24 | P15: 4.41 | Q15: 4.47 | R15: 4.45 | S15: 4.61 | T15: 4.6 | U15: 4.49
C16: 341 | D16: 3.634 | E16: 3.84 | F16: 3.83 | G16: 3.83 | H16: 3.86 | I16: 3.86 | J16: 3.85 | K16: 3.92 | L16: 3.9 | M16: 4.04 | N16: 4.04 | O16: 4.03 | P16: 4.17 | Q16: 4.26 | R16: 4.22 | S16: 4.4 | T16: 4.36 | U16: 4.3
B17: Sl3 | C17: 348 | D17: 5.153 | E17: 5.41 | F17: 5.43 | G17: 5.42 | H17: 5.44 | I17: 5.47 | J17: 5.46 | K17: 5.54 | L17: 5.53 | M17: 5.7 | N17: 5.7 | O17: 5.71 | P17: 5.95 | Q17: 6 | R17: 5.99 | S17: 6.18 | T17: 6.16 | U17: 6.09
C18: 352 | D18: 5.241 | E18: 5.54 | F18: 5.52 | G18: 5.52 | H18: 5.56 | I18: 5.58 | J18: 5.57 | K18: 5.65 | L18: 5.64 | M18: 5.81 | N18: 5.81 | O18: 5.82 | P18: 6.05 | Q18: 6.12 | R18: 6.1 | S18: 6.29 | T18: 6.3 | U18: 6.23
C19: 357 | D19: 5.155 | E19: 5.43 | F19: 5.4 | G19: 5.43 | H19: 5.48 | I19: 5.48 | J19: 5.49 | K19: 5.55 | L19: 5.57 | M19: 5.72 | N19: 5.72 | O19: 5.72 | P19: 5.93 | Q19: 5.99 | R19: 5.98 | S19: 6.19 | T19: 6.2 | U19: 6.06
B20: Sl4 | C20: 368 | D20: 5.737 | E20: 6.05 | F20: 6.02 | G20: 6.04 | H20: 6.1 | I20: 6.13 | J20: 6.12 | K20: 6.2 | L20: 6.19 | M20: 6.36 | N20: 6.36 | O20: 6.35 | P20: 6.51 | Q20: 6.59 | R20: 6.58 | S20: 6.74 | T20: 6.72 | U20: 6.74
C21: 372 | D21: 6.177 | E21: 6.53 | F21: 6.49 | G21: 6.51 | H21: 6.58 | I21: 6.6 | J21: 6.58 | K21: 6.69 | L21: 6.68 | M21: 6.86 | N21: 6.86 | O21: 6.85 | P21: 7.03 | Q21: 7.1 | R21: 7.09 | S21: 7.28 | T21: 7.28 | U21: 7.28
C22: 377 | D22: 6.033 | E22: 6.33 | F22: 6.33 | G22: 6.35 | H22: 6.42 | I22: 6.44 | J22: 6.44 | K22: 6.52 | L22: 6.5 | M22: 6.7 | N22: 6.7 | O22: 6.68 | P22: 6.84 | Q22: 6.92 | R22: 6.91 | S22: 7.13 | T22: 7.1 | U22: 7.09
B23: Sa1 | C23: 384 | D23: 2.877 | E23: 3.01 | F23: 2.97 | G23: 3 | H23: 3.04 | I23: 3.05 | J23: 3.02 | K23: 3.07 | L23: 3.06 | M23: 3.18 | N23: 3.18 | O23: 3.16 | P23: 3.31 | Q23: 3.34 | R23: 3.34 | S23: 3.54 | T23: 3.46 | U23: 3.4
C24: 387 | D24: 3.04 | E24: 3.19 | F24: 3.17 | G24: 3.17 | H24: 3.21 | I24: 3.22 | J24: 3.2 | K24: 3.25 | L24: 3.25 | M24: 3.34 | N24: 3.34 | O24: 3.35 | P24: 3.5 | Q24: 3.55 | R24: 3.54 | S24: 3.71 | T24: 3.7 | U24: 3.59
C25: 392 | D25: 3.161 | E25: 3.31 | F25: 3.29 | G25: 3.32 | H25: 3.34 | I25: 3.35 | J25: 3.33 | K25: 3.38 | L25: 3.37 | M25: 3.48 | N25: 3.48 | O25: 3.47 | P25: 3.61 | Q25: 3.69 | R25: 3.67 | S25: 3.85 | T25: 3.82 | U25: 3.73
B26: Sa2 | C26: 399 | D26: 3.139 | E26: 3.28 | F26: 3.29 | G26: 3.29 | H26: 3.33 | I26: 3.34 | J26: 3.32 | K26: 3.36 | L26: 3.36 | M26: 3.48 | N26: 3.48 | O26: 3.48 | P26: 3.6 | Q26: 3.68 | R26: 3.65 | S26: 3.84 | T26: 3.77 | U26: 3.61
C27: 403 | D27: 3.21 | E27: 3.39 | F27: 3.36 | G27: 3.37 | H27: 3.41 | I27: 3.41 | J27: 3.39 | K27: 3.45 | L27: 3.44 | M27: 3.56 | N27: 3.56 | O27: 3.55 | P27: 3.66 | Q27: 3.74 | R27: 3.71 | S27: 3.9 | T27: 3.89 | U27: 3.78
C28: 408 | D28: 3.124 | E28: 3.29 | F28: 3.27 | G28: 3.25 | H28: 3.3 | I28: 3.31 | J28: 3.3 | K28: 3.34 | L28: 3.33 | M28: 3.42 | N28: 3.42 | O28: 3.44 | P28: 3.54 | Q28: 3.65 | R28: 3.5 | S28: 3.78 | T28: 3.74 | U28: 3.65
B29: Sa3 | C29: 419 | D29: 4.028 | E29: 4.19 | F29: 4.22 | G29: 4.24 | H29: 4.26 | I29: 4.28 | J29: 4.26 | K29: 4.31 | L29: 4.29 | M29: 4.4 | N29: 4.4 | O29: 4.41 | P29: 4.59 | Q29: 4.67 | R29: 4.66 | S29: 4.84 | T29: 4.82 | U29: 4.71
C30: 423 | D30: 4.088 | E30: 4.3 | F30: 4.28 | G30: 4.29 | H30: 4.31 | I30: 4.34 | J30: 4.33 | K30: 4.38 | L30: 4.37 | M30: 4.47 | N30: 4.47 | O30: 4.48 | P30: 4.63 | Q30: 4.74 | R30: 4.71 | S30: 4.89 | T30: 4.89 | U30: 4.74
C31: 428 | D31: 3.837 | E31: 4.04 | F31: 4.01 | G31: 4.02 | H31: 4.07 | I31: 4.08 | J31: 4.06 | K31: 4.1 | L31: 4.09 | M31: 4.19 | N31: 4.19 | O31: 4.2 | P31: 4.34 | Q31: 4.42 | R31: 4.4 | S31: 4.57 | T31: 4.58 | U31: 4.37
B32: Sa4 | C32: 439 | D32: 2.877 | E32: 3 | F32: 2.99 | G32: 3 | H32: 3.03 | I32: 3.04 | J32: 3.02 | K32: 3.06 | L32: 3.04 | M32: 3.12 | N32: 3.12 | O32: 3.12 | P32: 3.25 | Q32: 3.27 | R32: 3.25 | S32: 3.35 | T32: 3.34 | U32: 3.3
C33: 443 | D33: 2.91 | E33: 3.02 | F33: 3.03 | G33: 3.04 | H33: 3.05 | I33: 3.09 | J33: 3.05 | K33: 3.08 | L33: 3.07 | M33: 3.16 | N33: 3.16 | O33: 3.15 | P33: 3.28 | Q33: 3.3 | R33: 3.28 | S33: 3.38 | T33: 3.36 | U33: 3.32
C34: 448 | D34: 2.843 | E34: 2.97 | F34: 2.93 | G34: 2.95 | H34: 2.98 | I34: 3 | J34: 2.96 | K34: 3 | L34: 3 | M34: 3.06 | N34: 3.06 | O34: 3.06 | P34: 3.15 | Q34: 3.21 | R34: 3.17 | S34: 3.28 | T34: 3.29 | U34: 3.23
A35: hito apstrāde | B35: Sl11 | C35: 295 | D35: 5.055 | E35: 5.13 | F35: 5.1 | G35: 5.1 | H35: 5.15 | I35: 5.16 | J35: 5.14 | K35: 5.24 | L35: 5.25 | M35: 5.37 | N35: 5.37 | O35: 5.38 | P35: 5.64 | Q35: 5.66 | R35: 5.67 | S35: 5.9 | T35: 5.94 | U35: 5.71
C36: 298 | D36: 5.408 | E36: 5.5 | F36: 5.69 | G36: 5.68 | H36: 5.73 | I36: 5.74 | J36: 5.73 | K36: 5.84 | L36: 5.83 | M36: 6 | N36: 6 | O36: 5.99 | P36: 6.29 | Q36: 6.32 | R36: 6.31 | S36: 6.58 | T36: 6.6 | U36: 6.41
C37: 301 | D37: 5.218 | E37: 5.71 | F37: 5.49 | G37: 5.48 | H37: 5.53 | I37: 5.54 | J37: 5.54 | K37: 5.64 | L37: 5.65 | M37: 5.79 | N37: 5.79 | O37: 5.79 | P37: 6.07 | Q37: 6.09 | R37: 6.09 | S37: 6.34 | T37: 6.37 | U37: 6.2
B38: Sl - 22 | C38: 6 | D38: 3.724 | E38: 3.92 | F38: 3.95 | G38: 3.95 | H38: 3.99 | I38: 4 | J38: 3.98 | K38: 4.08 | L38: 4.08 | M38: 4.22 | N38: 4.21 | O38: 4.21 | P38: 4.44 | Q38: 4.47 | R38: 4.45 | S38: 4.7 | T38: 4.69 | U38: 4.36
C39: 10 | D39: 3.671 | E39: 3.88 | F39: 3.88 | G39: 3.87 | H39: 3.92 | I39: 3.92 | J39: 3.9 | K39: 4 | L39: 3.99 | M39: 4.11 | N39: 4.12 | O39: 4.11 | P39: 4.29 | Q39: 4.38 | R39: 4.35 | S39: 4.56 | T39: 4.56 | U39: 4.32
C40: 14 | D40: 3.865 | E40: 4.11 | F40: 4.08 | G40: 4.07 | H40: 4.12 | I40: 4.13 | J40: 4.11 | K40: 4.22 | L40: 4.21 | M40: 4.35 | N40: 4.34 | O40: 4.33 | P40: 4.55 | Q40: 4.61 | R40: 4.58 | S40: 4.82 | T40: 4.81 | U40: 4.61
B41: Sl - 23 | C41: 26 | D41: 4.22 | E41: 4.49 | F41: 4.46 | G41: 4.46 | H41: 4.51 | I41: 4.52 | J41: 4.49 | K41: 4.6 | L41: 4.6 | M41: 4.77 | N41: 4.75 | O41: 4.72 | P41: 5.04 | Q41: 5.09 | R41: 5.07 | S41: 5.4 | T41: 5.78 | U41: 5.1
C42: 30 | D42: 4.196 | E42: 4.44 | F42: 4.44 | G42: 4.45 | H42: 4.49 | I42: 4.51 | J42: 4.47 | K42: 4.58 | L42: 4.59 | M42: 4.73 | N42: 4.72 | O42: 4.71 | P42: 5.02 | Q42: 5.07 | R42: 5.05 | S42: 5.38 | T42: 5.37 | U42: 5.02
C43: 34 | D43: 4.231 | E43: 4.47 | F43: 4.47 | G43: 4.48 | H43: 4.51 | I43: 4.54 | J43: 4.5 | K43: 4.63 | L43: 4.62 | M43: 4.76 | N43: 4.76 | O43: 4.74 | P43: 5.03 | Q43: 5.07 | R43: 5.05 | S43: 5.3 | T43: 5.32 | U43: 4.92
B44: Sl - 31 | C44: 46 | D44: 5.044 | E44: 5.34 | F44: 5.35 | G44: 5.32 | H44: 5.35 | I44: 5.4 | J44: 5.37 | K44: 5.48 | L44: 5.47 | M44: 5.63 | N44: 5.64 | O44: 5.62 | P44: 5.86 | Q44: 5.92 | R44: 5.9 | S44: 6.1 | T44: 6.13 | U44: 5.98
C45: 50 | D45: 5.409 | E45: 5.71 | F45: 5.72 | G45: 5.72 | H45: 5.77 | I45: 5.79 | J45: 5.76 | K45: 5.89 | L45: 5.88 | M45: 6.03 | N45: 6.02 | O45: 6.01 | P45: 6.22 | Q45: 6.31 | R45: 6.31 | S45: 6.48 | T45: 6.5 | U45: 6.37
C46: 54 | D46: 5.175 | E46: 5.47 | F46: 5.48 | G46: 5.44 | H46: 5.51 | I46: 5.52 | J46: 5.5 | K46: 5.61 | L46: 5.59 | M46: 5.78 | N46: 5.77 | O46: 5.75 | P46: 5.96 | Q46: 6.01 | R46: 6.01 | S46: 6.22 | T46: 6.23 | U46: 6.06
B47: Sl - 32 | C47: 67 | D47: 4.475 | E47: 4.74 | F47: 4.73 | G47: 4.72 | H47: 4.77 | I47: 4.77 | J47: 4.75 | K47: 4.83 | L47: 4.84 | M47: 5.02 | N47: 5.02 | O47: 5 | P47: 5.27 | Q47: 5.32 | R47: 5.3 | S47: 5.56 | T47: 5.54 | U47: 5.4
C48: 71 | D48: 4.833 | E48: 5.11 | F48: 5.12 | G48: 5.1 | H48: 5.14 | I48: 5.16 | J48: 5.14 | K48: 5.24 | L48: 5.25 | M48: 5.43 | N48: 5.41 | O48: 5.39 | P48: 5.66 | Q48: 5.73 | R48: 5.67 | S48: 5.98 | T48: 5.963 | U48: 5.81
C49: 75 | D49: 5.037 | E49: 5.35 | F49: 5.34 | G49: 5.28 | H49: 5.37 | I49: 5.39 | J49: 5.36 | K49: 5.47 | L49: 5.46 | M49: 5.67 | N49: 5.67 | O49: 5.64 | P49: 5.9 | Q49: 5.95 | R49: 5.91 | S49: 6.2 | T49: 6.24 | U49: 6.04
B50: Sl - 41 | C50: 87 | D50: 5.182 | E50: 5.49 | F50: 5.45 | G50: 5.45 | H50: 5.49 | I50: 5.54 | J50: 5.51 | K50: 5.63 | L50: 5.6 | M50: 5.76 | N50: 5.78 | O50: 5.75 | P50: 5.91 | Q50: 6 | R50: 5.97 | S50: 6.17 | T50: 6.2 | U50: 6.18
C51: 91 | D51: 5.034 | E51: 5.31 | F51: 5.33 | G51: 5.31 | H51: 5.37 | I51: 5.38 | J51: 5.36 | K51: 5.44 | L51: 5.46 | M51: 5.62 | N51: 5.6 | O51: 5.6 | P51: 5.75 | Q51: 5.85 | R51: 5.82 | S51: 6 | T51: 6.02 | U51: 5.98
C52: 95 | D52: 5.39 | E52: 5.71 | F52: 5.71 | G52: 5.68 | H52: 5.75 | I52: 5.77 | J52: 5.75 | K52: 5.86 | L52: 5.84 | M52: 6.04 | N52: 6 | O52: 6 | P52: 6.22 | Q52: 6.29 | R52: 6.25 | S52: 6.51 | T52: 6.49 | U52: 6.39
B53: Sl - 42 | C53: 107 | D53: 5.737 | E53: 6.08 | F53: 6.07 | G53: 6.05 | H53: 6.12 | I53: 6.12 | J53: 6.11 | K53: 6.2 | L53: 6.21 | M53: 6.41 | N53: 6.38 | O53: 6.36 | P53: 6.67 | Q53: 6.72 | R53: 6.7 | S53: 7.03 | T53: 7.06 | U53: 6.91
C54: 111 | D54: 5.983 | E54: 6.34 | F54: 6.33 | G54: 6.3 | H54: 6.38 | I54: 6.36 | J54: 6.38 | K54: 6.48 | L54: 6.48 | M54: 6.68 | N54: 6.65 | O54: 6.63 | P54: 6.96 | Q54: 7 | R54: 6.98 | S54: 7.26 | T54: 7.31 | U54: 7.21
C55: 115 | D55: 5.639 | E55: 5.96 | F55: 5.96 | G55: 5.94 | H55: 6.01 | I55: 6.01 | J55: 6.01 | K55: 6.1 | L55: 6.11 | M55: 6.28 | N55: 6.26 | O55: 6.24 | P55: 6.58 | Q55: 6.63 | R55: 6.61 | S55: 6.93 | T55: 6.94 | U55: 6.83
B56: Sa11 | C56: 128 | D56: 2.456 | E56: 2.59 | F56: 2.58 | G56: 2.56 | H56: 2.6 | I56: 2.6 | J56: 2.59 | K56: 2.65 | L56: 2.65 | M56: 2.74 | N56: 2.71 | O56: 2.7 | P56: 2.91 | Q56: 2.85 | R56: 2.85 | S56: 2.97 | T56: 3 | U56: 2.91
C57: 133 | D57: 2.374 | E57: 2.5 | F57: 2.51 | G57: 2.46 | H57: 2.52 | I57: 2.52 | J57: 2.51 | K57: 2.56 | L57: 2.56 | M57: 2.66 | N57: 2.64 | O57: 2.62 | P57: 2.73 | Q57: 2.75 | R57: 2.74 | S57: 2.86 | T57: 2.89 | U57: 2.73
C58: 139 | D58: 2.377 | E58: 2.51 | F58: 2.51 | G58: 2.48 | H58: 2.52 | I58: 2.53 | J58: 2.53 | K58: 2.56 | L58: 2.56 | M58: 2.69 | N58: 2.64 | O58: 2.64 | P58: 2.79 | Q58: 2.8 | R58: 2.78 | S58: 2.93 | T58: 2.94 | U58: 2.79
B59: Sa12 | C59: 150 | D59: 3 | E59: 3.19 | F59: 3.19 | G59: 3.19 | H59: 3.24 | I59: 3.24 | J59: 3.24 | K59: 3.3 | L59: 3.3 | M59: 3.49 | N59: 3.45 | O59: 3.43 | P59: 3.74 | Q59: 3.72 | R59: 3.7 | S59: 4.02 | T59: 4.06 | U59: 3.74
C60: 156 | D60: 3.43 | E60: 3.66 | F60: 3.65 | G60: 3.6 | H60: 3.69 | I60: 3.71 | J60: 3.68 | K60: 3.78 | L60: 3.789 | M60: 4 | N60: 3.93 | O60: 3.91 | P60: 4.18 | Q60: 4.29 | R60: 4.28 | S60: 4.57 | T60: 4.69 | U60: 4.18
C61: 158 | D61: 2.833 | E61: 3.01 | F61: 3.01 | G61: 2.93 | H61: 3.03 | I61: 3.03 | J61: 3.03 | K61: 3.08 | L61: 3.08 | M61: 3.25 | N61: 3.18 | O61: 3.18 | P61: 3.39 | Q61: 3.45 | R61: 3.44 | S61: 3.67 | T61: 3.75 | U61: 3.39
B62: Sa21 | C62: 191 | D62: 3.097 | E62: 3.26 | F62: 3.29 | G62: 3.28 | H62: 3.32 | I62: 3.32 | J62: 3.31 | K62: 3.37 | L62: 3.37 | M62: 3.55 | N62: 3.5 | O62: 3.48 | P62: 3.71 | Q62: 3.76 | R62: 3.74 | S62: 3.99 | T62: 4.07 | U62: 3.71
C63: 197 | D63: 3.144 | E63: 3.31 | F63: 3.34 | G63: 3.32 | H63: 3.37 | I63: 3.39 | J63: 3.38 | K63: 3.42 | L63: 3.42 | M63: 3.63 | N63: 3.53 | O63: 3.54 | P63: 3.74 | Q63: 3.86 | R63: 3.83 | S63: 4.17 | T63: 4.17 | U63: 3.74
C64: 204 | D64: 2.963 | E64: 3.11 | F64: 3.15 | G64: 3.15 | H64: 3.2 | I64: 3.19 | J64: 3.17 | K64: 3.24 | L64: 3.24 | M64: 3.44 | N64: 3.35 | O64: 3.36 | P64: 3.51 | Q64: 3.66 | R64: 3.63 | S64: 4.04 | T64: 3.99 | U64: 3.51
B65: Sa22 | C65: 233 | D65: 3.226 | E65: 3.44 | F65: 3.45 | G65: 3.41 | H65: 3.5 | I65: 3.49 | J65: 3.48 | K65: 3.55 | L65: 3.55 | M65: 3.79 | N65: 3.69 | O65: 3.69 | P65: 3.76 | Q65: 4.16 | R65: 4.13 | S65: 4.69 | T65: 4.6 | U65: 3.76
C66: 239 | D66: 3.327 | E66: 3.53 | F66: 3.55 | G66: 3.54 | H66: 3.59 | I66: 3.6 | J66: 3.58 | K66: 3.67 | L66: 3.67 | M66: 3.91 | N66: 3.82 | O66: 3.82 | P66: 4.09 | Q66: 4.31 | R66: 4.28 | S66: 4.83 | T66: 4.89 | U66: 4.09
C67: 242 | D67: 3.258 | E67: 3.46 | F67: 3.49 | G67: 3.46 | H67: 3.5 | I67: 3.53 | J67: 3.52 | K67: 3.6 | L67: 3.6 | M67: 3.82 | N67: 3.75 | O67: 3.75 | P67: 3.77 | Q67: 4.22 | R67: 4.15 | S67: 4.74 | T67: 4.8 | U67: 3.77
B68: Saz32 | C68: 255 | D68: 3.538 | E68: 3.69 | F68: 3.7 | G68: 3.72 | H68: 3.72 | I68: 3.75 | J68: 3.72 | K68: 3.77 | L68: 3.78 | M68: 3.91 | N68: 3.87 | O68: 3.87 | P68: 4.02 | Q68: 4.09 | R68: 4.07 | S68: 4.22 | T68: 4.25 | U68: 4.05
C69: 264 | D69: 3.017 | E69: 3.18 | F69: 3.16 | G69: 3.15 | H69: 3.18 | I69: 3.2 | J69: 3.19 | K69: 3.23 | L69: 3.23 | M69: 3.35 | N69: 3.3 | O69: 3.31 | P69: 3.46 | Q69: 3.51 | R69: 3.51 | S69: 3.61 | T69: 3.66 | U69: 3.52
C70: 270 | D70: 3.628 | E70: 3.81 | F70: 3.81 | G70: 3.84 | H70: 3.82 | I70: 3.86 | J70: 3.85 | K70: 3.92 | L70: 3.9 | M70: 4.08 | N70: 4 | O70: 4 | P70: 4.2 | Q70: 4.25 | R70: 4.22 | S70: 4.38 | T70: 4.43 | U70: 4.33
B71: Saz33 | C71: 274 | D71: 3.931 | E71: 4.15 | F71: 4.15 | G71: 4.16 | H71: 4.19 | I71: 4.2 | J71: 4.19 | K71: 4.25 | L71: 4.25 | M71: 4.44 | N71: 4.36 | O71: 4.37 | P71: 4.61 | Q71: 4.68 | R71: 4.67 | S71: 4.88 | T71: 4.9 | U71: 4.67
C72: 277 | D72: 3.893 | E72: 4.09 | F72: 4.12 | G72: 4.12 | H72: 4.13 | I72: 4.16 | J72: 4.15 | K72: 4.21 | L72: 4.22 | M72: 4.41 | N72: 4.32 | O72: 4.32 | P72: 4.53 | Q72: 4.6 | R72: 4.6 | S72: 4.84 | T72: 4.83 | U72: 4.6
C73: 282 | D73: 3.679 | E73: 3.86 | F73: 3.89 | G73: 3.9 | H73: 3.91 | I73: 3.94 | J73: 3.91 | K73: 3.99 | L73: 3.99 | M73: 4.17 | N73: 4.09 | O73: 4.1 | P73: 4.26 | Q73: 4.36 | R73: 4.35 | S73: 4.62 | T73: 4.6 | U73: 4.53
B74: Sa42 | C74: 166 | D74: 2.627 | E74: 2.74 | F74: 2.76 | G74: 2.78 | H74: 2.77 | I74: 2.78 | J74: 2.76 | K74: 2.83 | L74: 2.84 | M74: 2.96 | N74: 2.87 | O74: 2.89 | P74: 3 | Q74: 3.06 | R74: 3.05 | S74: 3.21 | T74: 3.19 | U74: 3.03
C75: 172 | D75: 2.433 | E75: 2.55 | F75: 2.56 | G75: 2.57 | H75: 2.54 | I75: 2.59 | J75: 2.56 | K75: 2.62 | L75: 2.62 | M75: 2.73 | N75: 2.65 | O75: 2.67 | P75: 2.79 | Q75: 2.85 | R75: 2.83 | S75: 2.95 | T75: 2.94 | U75: 2.85
C76: 175 | D76: 2.614 | E76: 2.76 | F76: 2.76 | G76: 2.72 | H76: 2.75 | I76: 2.79 | J76: 2.78 | K76: 2.82 | L76: 2.83 | M76: 2.96 | N76: 2.89 | O76: 2.9 | P76: 3.05 | Q76: 3.12 | R76: 3.1 | S76: 3.28 | T76: 3.27 | U76: 3.08
B77: Sa43 | C77: 211 | D77: 3.085 | E77: 3.25 | F77: 3.28 | G77: 3.27 | H77: 3.3 | I77: 3.33 | J77: 3.29 | K77: 3.35 | L77: 3.35 | M77: 3.51 | N77: 3.45 | O77: 3.45 | P77: 3.69 | Q77: 3.78 | R77: 3.75 | S77: 4.07 | T77: 4.06 | U77: 3.79
C78: 217 | D78: 3.097 | E78: 3.27 | F78: 3.29 | G78: 3.29 | H78: 3.31 | I78: 3.33 | J78: 3.32 | K78: 3.39 | L78: 3.39 | M78: 3.56 | N78: 3.48 | O78: 3.48 | P78: 3.7 | Q78: 3.8 | R78: 3.75 | S78: 4.11 | T78: 4.09 | U78: 3.77
C79: 223 | D79: 2.808 | E79: 2.96 | F79: 2.99 | G79: 2.98 | H79: 2.98 | I79: 3.02 | J79: 2.98 | K79: 3.03 | L79: 3.03 | M79: 3.21 | N79: 3.13 | O79: 3.13 | P79: 3.38 | Q79: 3.49 | R79: 3.44 | S79: 3.8 | T79: 3.88 | U79: 3.39

Sheet Masas izmaiņa %
B1: Gaisa mitrums: | E1: 0.5 | H1: 0.6 | K1: 0.7 | M1: 0.8 | P1: 0.9 | S1: 0.95
B2: Temperatūra: | D2: 23oC | E2: 23oC | F2: 23oC | G2: 23oC | H2: 23oC | I2: 23oC | J2: 23oC | K2: 23oC | L2: 23oC | M2: 23oC | N2: 23oC | O2: 23oC | P2: 23oC | Q2: 23oC | R2: 23oC | S2: 23oC | T2: 23oC | U2: 23oC
B3: Paraugi | D3: 45608 | E3: 45609 | F3: 15.11.24 | G3: 19.11.24 | H3: 20.11.24 | I3: 22.11.24 | J3: 25.11.24 | K3: 26.11.24 | L3: 27.11.24 | M3: 29.11.24 | N3: 02.12.24 | O3: 03.12.24 | P3: 04.12.24 | Q3: 06.12.24 | R3: 09.12.24 | S3: 10.12.24 | T3: 11.12.24 | U3: 16.12.24
A4: apstrāde | D4: mo*
A5: bez apstrādes | B5: Sl1 | C5: 316 | D5: =('Kubiņu masa'!D11-'Kubiņu masa'!$D11)/'Kubiņu masa'!$D11*100 -> 0 | E5: =('Kubiņu masa'!E11-'Kubiņu masa'!$D11)/'Kubiņu masa'!$D11*100 -> 5.4858697 | F5: =('Kubiņu masa'!F11-'Kubiņu masa'!$D11)/'Kubiņu masa'!$D11*100 -> 5.4858697 | G5: =('Kubiņu masa'!G11-'Kubiņu masa'!$D11)/'Kubiņu masa'!$D11*100 -> 5.183618 | H5: =('Kubiņu masa'!H11-'Kubiņu masa'!$D11)/'Kubiņu masa'!$D11*100 -> 6.3926251 | I5: =('Kubiņu masa'!I11-'Kubiņu masa'!$D11)/'Kubiņu masa'!$D11*100 -> 6.5437509 | J5: =('Kubiņu masa'!J11-'Kubiņu masa'!$D11)/'Kubiņu masa'!$D11*100 -> 6.5437509 | K5: =('Kubiņu masa'!K11-'Kubiņu masa'!$D11)/'Kubiņu masa'!$D11*100 -> 8.0550098 | ... U5: =('Kubiņu masa'!U11-'Kubiņu masa'!$D11)/'Kubiņu masa'!$D11*100 -> 18.936074
C6: 320 | D6: =('Kubiņu masa'!D12-'Kubiņu masa'!$D12)/'Kubiņu masa'!$D12*100 -> 0 | E6: =('Kubiņu masa'!E12-'Kubiņu masa'!$D12)/'Kubiņu masa'!$D12*100 -> 5.6697049 | F6: =('Kubiņu masa'!F12-'Kubiņu masa'!$D12)/'Kubiņu masa'!$D12*100 -> 5.6697049 | G6: =('Kubiņu masa'!G12-'Kubiņu masa'!$D12)/'Kubiņu masa'!$D12*100 -> 5.5152171 | H6: =('Kubiņu masa'!H12-'Kubiņu masa'!$D12)/'Kubiņu masa'!$D12*100 -> 6.4421443 | I6: =('Kubiņu masa'!I12-'Kubiņu masa'!$D12)/'Kubiņu masa'!$D12*100 -> 6.9056079 | J6: =('Kubiņu masa'!J12-'Kubiņu masa'!$D12)/'Kubiņu masa'!$D12*100 -> 6.9056079 | K6: =('Kubiņu masa'!K12-'Kubiņu masa'!$D12)/'Kubiņu masa'!$D12*100 -> 7.987023 | ... U6: =('Kubiņu masa'!U12-'Kubiņu masa'!$D12)/'Kubiņu masa'!$D12*100 -> 18.646686
C7: 325 | D7: =('Kubiņu masa'!D13-'Kubiņu masa'!$D13)/'Kubiņu masa'!$D13*100 -> 0 | E7: =('Kubiņu masa'!E13-'Kubiņu masa'!$D13)/'Kubiņu masa'!$D13*100 -> 5.4177546 | F7: =('Kubiņu masa'!F13-'Kubiņu masa'!$D13)/'Kubiņu masa'!$D13*100 -> 5.4177546 | G7: =('Kubiņu masa'!G13-'Kubiņu masa'!$D13)/'Kubiņu masa'!$D13*100 -> 5.5809399 | H7: =('Kubiņu masa'!H13-'Kubiņu masa'!$D13)/'Kubiņu masa'!$D13*100 -> 5.2545692 | I7: =('Kubiņu masa'!I13-'Kubiņu masa'!$D13)/'Kubiņu masa'!$D13*100 -> 6.7232376 | J7: =('Kubiņu masa'!J13-'Kubiņu masa'!$D13)/'Kubiņu masa'!$D13*100 -> 6.7232376 | K7: =('Kubiņu masa'!K13-'Kubiņu masa'!$D13)/'Kubiņu masa'!$D13*100 -> 7.8655352 | ... U7: =('Kubiņu masa'!U13-'Kubiņu masa'!$D13)/'Kubiņu masa'!$D13*100 -> 18.63577
B8: Sl2 | C8: 332 | D8: =('Kubiņu masa'!D14-'Kubiņu masa'!$D14)/'Kubiņu masa'!$D14*100 -> 0 | E8: =('Kubiņu masa'!E14-'Kubiņu masa'!$D14)/'Kubiņu masa'!$D14*100 -> 5.3475936 | F8: =('Kubiņu masa'!F14-'Kubiņu masa'!$D14)/'Kubiņu masa'!$D14*100 -> 5.3475936 | G8: =('Kubiņu masa'!G14-'Kubiņu masa'!$D14)/'Kubiņu masa'!$D14*100 -> 4.5454545 | H8: =('Kubiņu masa'!H14-'Kubiņu masa'!$D14)/'Kubiņu masa'!$D14*100 -> 5.3475936 | I8: =('Kubiņu masa'!I14-'Kubiņu masa'!$D14)/'Kubiņu masa'!$D14*100 -> 6.9518717 | J8: =('Kubiņu masa'!J14-'Kubiņu masa'!$D14)/'Kubiņu masa'!$D14*100 -> 6.1497326 | K8: =('Kubiņu masa'!K14-'Kubiņu masa'!$D14)/'Kubiņu masa'!$D14*100 -> 7.486631 | ... U8: =('Kubiņu masa'!U14-'Kubiņu masa'!$D14)/'Kubiņu masa'!$D14*100 -> 17.647059
C9: 336 | D9: =('Kubiņu masa'!D15-'Kubiņu masa'!$D15)/'Kubiņu masa'!$D15*100 -> 0 | E9: =('Kubiņu masa'!E15-'Kubiņu masa'!$D15)/'Kubiņu masa'!$D15*100 -> 5.5657173 | F9: =('Kubiņu masa'!F15-'Kubiņu masa'!$D15)/'Kubiņu masa'!$D15*100 -> 5.5657173 | G9: =('Kubiņu masa'!G15-'Kubiņu masa'!$D15)/'Kubiņu masa'!$D15*100 -> 5.0431147 | H9: =('Kubiņu masa'!H15-'Kubiņu masa'!$D15)/'Kubiņu masa'!$D15*100 -> 6.3496211 | I9: =('Kubiņu masa'!I15-'Kubiņu masa'!$D15)/'Kubiņu masa'!$D15*100 -> 6.8722237 | J9: =('Kubiņu masa'!J15-'Kubiņu masa'!$D15)/'Kubiņu masa'!$D15*100 -> 6.3496211 | K9: =('Kubiņu masa'!K15-'Kubiņu masa'!$D15)/'Kubiņu masa'!$D15*100 -> 8.1787301 | ... U9: =('Kubiņu masa'!U15-'Kubiņu masa'!$D15)/'Kubiņu masa'!$D15*100 -> 17.324275
C10: 341 | D10: =('Kubiņu masa'!D16-'Kubiņu masa'!$D16)/'Kubiņu masa'!$D16*100 -> 0 | E10: =('Kubiņu masa'!E16-'Kubiņu masa'!$D16)/'Kubiņu masa'!$D16*100 -> 5.6686846 | F10: =('Kubiņu masa'!F16-'Kubiņu masa'!$D16)/'Kubiņu masa'!$D16*100 -> 5.3935058 | G10: =('Kubiņu masa'!G16-'Kubiņu masa'!$D16)/'Kubiņu masa'!$D16*100 -> 5.3935058 | H10: =('Kubiņu masa'!H16-'Kubiņu masa'!$D16)/'Kubiņu masa'!$D16*100 -> 6.2190424 | I10: =('Kubiņu masa'!I16-'Kubiņu masa'!$D16)/'Kubiņu masa'!$D16*100 -> 6.2190424 | J10: =('Kubiņu masa'!J16-'Kubiņu masa'!$D16)/'Kubiņu masa'!$D16*100 -> 5.9438635 | K10: =('Kubiņu masa'!K16-'Kubiņu masa'!$D16)/'Kubiņu masa'!$D16*100 -> 7.8701156 | ... U10: =('Kubiņu masa'!U16-'Kubiņu masa'!$D16)/'Kubiņu masa'!$D16*100 -> 18.326912
B11: Sl3 | C11: 348 | D11: =('Kubiņu masa'!D17-'Kubiņu masa'!$D17)/'Kubiņu masa'!$D17*100 -> 0 | E11: =('Kubiņu masa'!E17-'Kubiņu masa'!$D17)/'Kubiņu masa'!$D17*100 -> 4.987386 | F11: =('Kubiņu masa'!F17-'Kubiņu masa'!$D17)/'Kubiņu masa'!$D17*100 -> 5.3755094 | G11: =('Kubiņu masa'!G17-'Kubiņu masa'!$D17)/'Kubiņu masa'!$D17*100 -> 5.1814477 | H11: =('Kubiņu masa'!H17-'Kubiņu masa'!$D17)/'Kubiņu masa'!$D17*100 -> 5.5695711 | I11: =('Kubiņu masa'!I17-'Kubiņu masa'!$D17)/'Kubiņu masa'!$D17*100 -> 6.1517563 | J11: =('Kubiņu masa'!J17-'Kubiņu masa'!$D17)/'Kubiņu masa'!$D17*100 -> 5.9576945 | K11: =('Kubiņu masa'!K17-'Kubiņu masa'!$D17)/'Kubiņu masa'!$D17*100 -> 7.5101882 | ... U11: =('Kubiņu masa'!U17-'Kubiņu masa'!$D17)/'Kubiņu masa'!$D17*100 -> 18.183582
C12: 352 | D12: =('Kubiņu masa'!D18-'Kubiņu masa'!$D18)/'Kubiņu masa'!$D18*100 -> 0 | E12: =('Kubiņu masa'!E18-'Kubiņu masa'!$D18)/'Kubiņu masa'!$D18*100 -> 5.7050181 | F12: =('Kubiņu masa'!F18-'Kubiņu masa'!$D18)/'Kubiņu masa'!$D18*100 -> 5.3234116 | G12: =('Kubiņu masa'!G18-'Kubiņu masa'!$D18)/'Kubiņu masa'!$D18*100 -> 5.3234116 | H12: =('Kubiņu masa'!H18-'Kubiņu masa'!$D18)/'Kubiņu masa'!$D18*100 -> 6.0866247 | I12: =('Kubiņu masa'!I18-'Kubiņu masa'!$D18)/'Kubiņu masa'!$D18*100 -> 6.4682313 | J12: =('Kubiņu masa'!J18-'Kubiņu masa'!$D18)/'Kubiņu masa'!$D18*100 -> 6.277428 | K12: =('Kubiņu masa'!K18-'Kubiņu masa'!$D18)/'Kubiņu masa'!$D18*100 -> 7.8038542 | ... U12: =('Kubiņu masa'!U18-'Kubiņu masa'!$D18)/'Kubiņu masa'!$D18*100 -> 18.870445
C13: 357 | D13: =('Kubiņu masa'!D19-'Kubiņu masa'!$D19)/'Kubiņu masa'!$D19*100 -> 0 | E13: =('Kubiņu masa'!E19-'Kubiņu masa'!$D19)/'Kubiņu masa'!$D19*100 -> 5.3346266 | F13: =('Kubiņu masa'!F19-'Kubiņu masa'!$D19)/'Kubiņu masa'!$D19*100 -> 4.7526673 | G13: =('Kubiņu masa'!G19-'Kubiņu masa'!$D19)/'Kubiņu masa'!$D19*100 -> 5.3346266 | H13: =('Kubiņu masa'!H19-'Kubiņu masa'!$D19)/'Kubiņu masa'!$D19*100 -> 6.3045587 | I13: =('Kubiņu masa'!I19-'Kubiņu masa'!$D19)/'Kubiņu masa'!$D19*100 -> 6.3045587 | J13: =('Kubiņu masa'!J19-'Kubiņu masa'!$D19)/'Kubiņu masa'!$D19*100 -> 6.4985451 | K13: =('Kubiņu masa'!K19-'Kubiņu masa'!$D19)/'Kubiņu masa'!$D19*100 -> 7.6624636 | ... U13: =('Kubiņu masa'!U19-'Kubiņu masa'!$D19)/'Kubiņu masa'!$D19*100 -> 17.555771
B14: Sl4 | C14: 368 | D14: =('Kubiņu masa'!D20-'Kubiņu masa'!$D20)/'Kubiņu masa'!$D20*100 -> 0 | E14: =('Kubiņu masa'!E20-'Kubiņu masa'!$D20)/'Kubiņu masa'!$D20*100 -> 5.4558131 | F14: =('Kubiņu masa'!F20-'Kubiņu masa'!$D20)/'Kubiņu masa'!$D20*100 -> 4.9328918 | G14: =('Kubiņu masa'!G20-'Kubiņu masa'!$D20)/'Kubiņu masa'!$D20*100 -> 5.281506 | H14: =('Kubiņu masa'!H20-'Kubiņu masa'!$D20)/'Kubiņu masa'!$D20*100 -> 6.3273488 | I14: =('Kubiņu masa'!I20-'Kubiņu masa'!$D20)/'Kubiņu masa'!$D20*100 -> 6.8502702 | J14: =('Kubiņu masa'!J20-'Kubiņu masa'!$D20)/'Kubiņu masa'!$D20*100 -> 6.675963 | K14: =('Kubiņu masa'!K20-'Kubiņu masa'!$D20)/'Kubiņu masa'!$D20*100 -> 8.0704201 | ... U14: =('Kubiņu masa'!U20-'Kubiņu masa'!$D20)/'Kubiņu masa'!$D20*100 -> 17.483005
C15: 372 | D15: =('Kubiņu masa'!D21-'Kubiņu masa'!$D21)/'Kubiņu masa'!$D21*100 -> 0 | E15: =('Kubiņu masa'!E21-'Kubiņu masa'!$D21)/'Kubiņu masa'!$D21*100 -> 5.7147483 | F15: =('Kubiņu masa'!F21-'Kubiņu masa'!$D21)/'Kubiņu masa'!$D21*100 -> 5.0671847 | G15: =('Kubiņu masa'!G21-'Kubiņu masa'!$D21)/'Kubiņu masa'!$D21*100 -> 5.3909665 | H15: =('Kubiņu masa'!H21-'Kubiņu masa'!$D21)/'Kubiņu masa'!$D21*100 -> 6.5242027 | I15: =('Kubiņu masa'!I21-'Kubiņu masa'!$D21)/'Kubiņu masa'!$D21*100 -> 6.8479845 | J15: =('Kubiņu masa'!J21-'Kubiņu masa'!$D21)/'Kubiņu masa'!$D21*100 -> 6.5242027 | K15: =('Kubiņu masa'!K21-'Kubiņu masa'!$D21)/'Kubiņu masa'!$D21*100 -> 8.3050024 | ... U15: =('Kubiņu masa'!U21-'Kubiņu masa'!$D21)/'Kubiņu masa'!$D21*100 -> 17.856565
C16: 377 | D16: =('Kubiņu masa'!D22-'Kubiņu masa'!$D22)/'Kubiņu masa'!$D22*100 -> 0 | E16: =('Kubiņu masa'!E22-'Kubiņu masa'!$D22)/'Kubiņu masa'!$D22*100 -> 4.9229239 | F16: =('Kubiņu masa'!F22-'Kubiņu masa'!$D22)/'Kubiņu masa'!$D22*100 -> 4.9229239 | G16: =('Kubiņu masa'!G22-'Kubiņu masa'!$D22)/'Kubiņu masa'!$D22*100 -> 5.2544339 | H16: =('Kubiņu masa'!H22-'Kubiņu masa'!$D22)/'Kubiņu masa'!$D22*100 -> 6.414719 | I16: =('Kubiņu masa'!I22-'Kubiņu masa'!$D22)/'Kubiņu masa'!$D22*100 -> 6.7462291 | J16: =('Kubiņu masa'!J22-'Kubiņu masa'!$D22)/'Kubiņu masa'!$D22*100 -> 6.7462291 | K16: =('Kubiņu masa'!K22-'Kubiņu masa'!$D22)/'Kubiņu masa'!$D22*100 -> 8.0722692 | ... U16: =('Kubiņu masa'!U22-'Kubiņu masa'!$D22)/'Kubiņu masa'!$D22*100 -> 17.520305
B17: Sa1 | C17: 384 | D17: =('Kubiņu masa'!D23-'Kubiņu masa'!$D23)/'Kubiņu masa'!$D23*100 -> 0 | E17: =('Kubiņu masa'!E23-'Kubiņu masa'!$D23)/'Kubiņu masa'!$D23*100 -> 4.622871 | F17: =('Kubiņu masa'!F23-'Kubiņu masa'!$D23)/'Kubiņu masa'!$D23*100 -> 3.2325339 | G17: =('Kubiņu masa'!G23-'Kubiņu masa'!$D23)/'Kubiņu masa'!$D23*100 -> 4.2752868 | H17: =('Kubiņu masa'!H23-'Kubiņu masa'!$D23)/'Kubiņu masa'!$D23*100 -> 5.6656239 | I17: =('Kubiņu masa'!I23-'Kubiņu masa'!$D23)/'Kubiņu masa'!$D23*100 -> 6.0132082 | J17: =('Kubiņu masa'!J23-'Kubiņu masa'!$D23)/'Kubiņu masa'!$D23*100 -> 4.9704553 | K17: =('Kubiņu masa'!K23-'Kubiņu masa'!$D23)/'Kubiņu masa'!$D23*100 -> 6.7083768 | ... U17: =('Kubiņu masa'!U23-'Kubiņu masa'!$D23)/'Kubiņu masa'!$D23*100 -> 18.178658
C18: 387 | D18: =('Kubiņu masa'!D24-'Kubiņu masa'!$D24)/'Kubiņu masa'!$D24*100 -> 0 | E18: =('Kubiņu masa'!E24-'Kubiņu masa'!$D24)/'Kubiņu masa'!$D24*100 -> 4.9342105 | F18: =('Kubiņu masa'!F24-'Kubiņu masa'!$D24)/'Kubiņu masa'!$D24*100 -> 4.2763158 | G18: =('Kubiņu masa'!G24-'Kubiņu masa'!$D24)/'Kubiņu masa'!$D24*100 -> 4.2763158 | H18: =('Kubiņu masa'!H24-'Kubiņu masa'!$D24)/'Kubiņu masa'!$D24*100 -> 5.5921053 | I18: =('Kubiņu masa'!I24-'Kubiņu masa'!$D24)/'Kubiņu masa'!$D24*100 -> 5.9210526 | J18: =('Kubiņu masa'!J24-'Kubiņu masa'!$D24)/'Kubiņu masa'!$D24*100 -> 5.2631579 | K18: =('Kubiņu masa'!K24-'Kubiņu masa'!$D24)/'Kubiņu masa'!$D24*100 -> 6.9078947 | ... U18: =('Kubiņu masa'!U24-'Kubiņu masa'!$D24)/'Kubiņu masa'!$D24*100 -> 18.092105
C19: 392 | D19: =('Kubiņu masa'!D25-'Kubiņu masa'!$D25)/'Kubiņu masa'!$D25*100 -> 0 | E19: =('Kubiņu masa'!E25-'Kubiņu masa'!$D25)/'Kubiņu masa'!$D25*100 -> 4.7136982 | F19: =('Kubiņu masa'!F25-'Kubiņu masa'!$D25)/'Kubiņu masa'!$D25*100 -> 4.080987 | G19: =('Kubiņu masa'!G25-'Kubiņu masa'!$D25)/'Kubiņu masa'!$D25*100 -> 5.0300538 | H19: =('Kubiņu masa'!H25-'Kubiņu masa'!$D25)/'Kubiņu masa'!$D25*100 -> 5.6627649 | I19: =('Kubiņu masa'!I25-'Kubiņu masa'!$D25)/'Kubiņu masa'!$D25*100 -> 5.9791205 | J19: =('Kubiņu masa'!J25-'Kubiņu masa'!$D25)/'Kubiņu masa'!$D25*100 -> 5.3464094 | K19: =('Kubiņu masa'!K25-'Kubiņu masa'!$D25)/'Kubiņu masa'!$D25*100 -> 6.9281873 | ... U19: =('Kubiņu masa'!U25-'Kubiņu masa'!$D25)/'Kubiņu masa'!$D25*100 -> 18.000633
B20: Sa2 | C20: 399 | D20: =('Kubiņu masa'!D26-'Kubiņu masa'!$D26)/'Kubiņu masa'!$D26*100 -> 0 | E20: =('Kubiņu masa'!E26-'Kubiņu masa'!$D26)/'Kubiņu masa'!$D26*100 -> 4.4918764 | F20: =('Kubiņu masa'!F26-'Kubiņu masa'!$D26)/'Kubiņu masa'!$D26*100 -> 4.8104492 | G20: =('Kubiņu masa'!G26-'Kubiņu masa'!$D26)/'Kubiņu masa'!$D26*100 -> 4.8104492 | H20: =('Kubiņu masa'!H26-'Kubiņu masa'!$D26)/'Kubiņu masa'!$D26*100 -> 6.0847404 | I20: =('Kubiņu masa'!I26-'Kubiņu masa'!$D26)/'Kubiņu masa'!$D26*100 -> 6.4033132 | J20: =('Kubiņu masa'!J26-'Kubiņu masa'!$D26)/'Kubiņu masa'!$D26*100 -> 5.7661676 | K20: =('Kubiņu masa'!K26-'Kubiņu masa'!$D26)/'Kubiņu masa'!$D26*100 -> 7.0404587 | ... U20: =('Kubiņu masa'!U26-'Kubiņu masa'!$D26)/'Kubiņu masa'!$D26*100 -> 15.004779
C21: 403 | D21: =('Kubiņu masa'!D27-'Kubiņu masa'!$D27)/'Kubiņu masa'!$D27*100 -> 0 | E21: =('Kubiņu masa'!E27-'Kubiņu masa'!$D27)/'Kubiņu masa'!$D27*100 -> 5.6074766 | F21: =('Kubiņu masa'!F27-'Kubiņu masa'!$D27)/'Kubiņu masa'!$D27*100 -> 4.6728972 | G21: =('Kubiņu masa'!G27-'Kubiņu masa'!$D27)/'Kubiņu masa'!$D27*100 -> 4.9844237 | H21: =('Kubiņu masa'!H27-'Kubiņu masa'!$D27)/'Kubiņu masa'!$D27*100 -> 6.2305296 | I21: =('Kubiņu masa'!I27-'Kubiņu masa'!$D27)/'Kubiņu masa'!$D27*100 -> 6.2305296 | J21: =('Kubiņu masa'!J27-'Kubiņu masa'!$D27)/'Kubiņu masa'!$D27*100 -> 5.6074766 | K21: =('Kubiņu masa'!K27-'Kubiņu masa'!$D27)/'Kubiņu masa'!$D27*100 -> 7.4766355 | ... U21: =('Kubiņu masa'!U27-'Kubiņu masa'!$D27)/'Kubiņu masa'!$D27*100 -> 17.757009
C22: 408 | D22: =('Kubiņu masa'!D28-'Kubiņu masa'!$D28)/'Kubiņu masa'!$D28*100 -> 0 | E22: =('Kubiņu masa'!E28-'Kubiņu masa'!$D28)/'Kubiņu masa'!$D28*100 -> 5.3137004 | F22: =('Kubiņu masa'!F28-'Kubiņu masa'!$D28)/'Kubiņu masa'!$D28*100 -> 4.6734955 | G22: =('Kubiņu masa'!G28-'Kubiņu masa'!$D28)/'Kubiņu masa'!$D28*100 -> 4.0332907 | H22: =('Kubiņu masa'!H28-'Kubiņu masa'!$D28)/'Kubiņu masa'!$D28*100 -> 5.6338028 | I22: =('Kubiņu masa'!I28-'Kubiņu masa'!$D28)/'Kubiņu masa'!$D28*100 -> 5.9539052 | J22: =('Kubiņu masa'!J28-'Kubiņu masa'!$D28)/'Kubiņu masa'!$D28*100 -> 5.6338028 | K22: =('Kubiņu masa'!K28-'Kubiņu masa'!$D28)/'Kubiņu masa'!$D28*100 -> 6.9142125 | ... U22: =('Kubiņu masa'!U28-'Kubiņu masa'!$D28)/'Kubiņu masa'!$D28*100 -> 16.837388
B23: Sa3 | C23: 419 | D23: =('Kubiņu masa'!D29-'Kubiņu masa'!$D29)/'Kubiņu masa'!$D29*100 -> 0 | E23: =('Kubiņu masa'!E29-'Kubiņu masa'!$D29)/'Kubiņu masa'!$D29*100 -> 4.0218471 | F23: =('Kubiņu masa'!F29-'Kubiņu masa'!$D29)/'Kubiņu masa'!$D29*100 -> 4.7666336 | G23: =('Kubiņu masa'!G29-'Kubiņu masa'!$D29)/'Kubiņu masa'!$D29*100 -> 5.2631579 | H23: =('Kubiņu masa'!H29-'Kubiņu masa'!$D29)/'Kubiņu masa'!$D29*100 -> 5.7596822 | I23: =('Kubiņu masa'!I29-'Kubiņu masa'!$D29)/'Kubiņu masa'!$D29*100 -> 6.2562066 | J23: =('Kubiņu masa'!J29-'Kubiņu masa'!$D29)/'Kubiņu masa'!$D29*100 -> 5.7596822 | K23: =('Kubiņu masa'!K29-'Kubiņu masa'!$D29)/'Kubiņu masa'!$D29*100 -> 7.000993 | ... U23: =('Kubiņu masa'!U29-'Kubiņu masa'!$D29)/'Kubiņu masa'!$D29*100 -> 16.93148
C24: 423 | D24: =('Kubiņu masa'!D30-'Kubiņu masa'!$D30)/'Kubiņu masa'!$D30*100 -> 0 | E24: =('Kubiņu masa'!E30-'Kubiņu masa'!$D30)/'Kubiņu masa'!$D30*100 -> 5.18591 | F24: =('Kubiņu masa'!F30-'Kubiņu masa'!$D30)/'Kubiņu masa'!$D30*100 -> 4.6966732 | G24: =('Kubiņu masa'!G30-'Kubiņu masa'!$D30)/'Kubiņu masa'!$D30*100 -> 4.9412916 | H24: =('Kubiņu masa'!H30-'Kubiņu masa'!$D30)/'Kubiņu masa'!$D30*100 -> 5.4305284 | I24: =('Kubiņu masa'!I30-'Kubiņu masa'!$D30)/'Kubiņu masa'!$D30*100 -> 6.1643836 | J24: =('Kubiņu masa'!J30-'Kubiņu masa'!$D30)/'Kubiņu masa'!$D30*100 -> 5.9197652 | K24: =('Kubiņu masa'!K30-'Kubiņu masa'!$D30)/'Kubiņu masa'!$D30*100 -> 7.1428571 | ... U24: =('Kubiņu masa'!U30-'Kubiņu masa'!$D30)/'Kubiņu masa'!$D30*100 -> 15.949119
C25: 428 | D25: =('Kubiņu masa'!D31-'Kubiņu masa'!$D31)/'Kubiņu masa'!$D31*100 -> 0 | E25: =('Kubiņu masa'!E31-'Kubiņu masa'!$D31)/'Kubiņu masa'!$D31*100 -> 5.2905916 | F25: =('Kubiņu masa'!F31-'Kubiņu masa'!$D31)/'Kubiņu masa'!$D31*100 -> 4.5087308 | G25: =('Kubiņu masa'!G31-'Kubiņu masa'!$D31)/'Kubiņu masa'!$D31*100 -> 4.7693511 | H25: =('Kubiņu masa'!H31-'Kubiņu masa'!$D31)/'Kubiņu masa'!$D31*100 -> 6.0724524 | I25: =('Kubiņu masa'!I31-'Kubiņu masa'!$D31)/'Kubiņu masa'!$D31*100 -> 6.3330727 | J25: =('Kubiņu masa'!J31-'Kubiņu masa'!$D31)/'Kubiņu masa'!$D31*100 -> 5.8118322 | K25: =('Kubiņu masa'!K31-'Kubiņu masa'!$D31)/'Kubiņu masa'!$D31*100 -> 6.8543133 | ... U25: =('Kubiņu masa'!U31-'Kubiņu masa'!$D31)/'Kubiņu masa'!$D31*100 -> 13.891061
B26: Sa4 | C26: 439 | D26: =('Kubiņu masa'!D32-'Kubiņu masa'!$D32)/'Kubiņu masa'!$D32*100 -> 0 | E26: =('Kubiņu masa'!E32-'Kubiņu masa'!$D32)/'Kubiņu masa'!$D32*100 -> 4.2752868 | F26: =('Kubiņu masa'!F32-'Kubiņu masa'!$D32)/'Kubiņu masa'!$D32*100 -> 3.9277025 | G26: =('Kubiņu masa'!G32-'Kubiņu masa'!$D32)/'Kubiņu masa'!$D32*100 -> 4.2752868 | H26: =('Kubiņu masa'!H32-'Kubiņu masa'!$D32)/'Kubiņu masa'!$D32*100 -> 5.3180396 | I26: =('Kubiņu masa'!I32-'Kubiņu masa'!$D32)/'Kubiņu masa'!$D32*100 -> 5.6656239 | J26: =('Kubiņu masa'!J32-'Kubiņu masa'!$D32)/'Kubiņu masa'!$D32*100 -> 4.9704553 | K26: =('Kubiņu masa'!K32-'Kubiņu masa'!$D32)/'Kubiņu masa'!$D32*100 -> 6.3607925 | ... U26: =('Kubiņu masa'!U32-'Kubiņu masa'!$D32)/'Kubiņu masa'!$D32*100 -> 14.702815
C27: 443 | D27: =('Kubiņu masa'!D33-'Kubiņu masa'!$D33)/'Kubiņu masa'!$D33*100 -> 0 | E27: =('Kubiņu masa'!E33-'Kubiņu masa'!$D33)/'Kubiņu masa'!$D33*100 -> 3.7800687 | F27: =('Kubiņu masa'!F33-'Kubiņu masa'!$D33)/'Kubiņu masa'!$D33*100 -> 4.1237113 | G27: =('Kubiņu masa'!G33-'Kubiņu masa'!$D33)/'Kubiņu masa'!$D33*100 -> 4.467354 | H27: =('Kubiņu masa'!H33-'Kubiņu masa'!$D33)/'Kubiņu masa'!$D33*100 -> 4.8109966 | I27: =('Kubiņu masa'!I33-'Kubiņu masa'!$D33)/'Kubiņu masa'!$D33*100 -> 6.185567 | J27: =('Kubiņu masa'!J33-'Kubiņu masa'!$D33)/'Kubiņu masa'!$D33*100 -> 4.8109966 | K27: =('Kubiņu masa'!K33-'Kubiņu masa'!$D33)/'Kubiņu masa'!$D33*100 -> 5.8419244 | ... U27: =('Kubiņu masa'!U33-'Kubiņu masa'!$D33)/'Kubiņu masa'!$D33*100 -> 14.089347
C28: 448 | D28: =('Kubiņu masa'!D34-'Kubiņu masa'!$D34)/'Kubiņu masa'!$D34*100 -> 0 | E28: =('Kubiņu masa'!E34-'Kubiņu masa'!$D34)/'Kubiņu masa'!$D34*100 -> 4.4671122 | F28: =('Kubiņu masa'!F34-'Kubiņu masa'!$D34)/'Kubiņu masa'!$D34*100 -> 3.0601477 | G28: =('Kubiņu masa'!G34-'Kubiņu masa'!$D34)/'Kubiņu masa'!$D34*100 -> 3.76363 | H28: =('Kubiņu masa'!H34-'Kubiņu masa'!$D34)/'Kubiņu masa'!$D34*100 -> 4.8188533 | I28: =('Kubiņu masa'!I34-'Kubiņu masa'!$D34)/'Kubiņu masa'!$D34*100 -> 5.5223356 | J28: =('Kubiņu masa'!J34-'Kubiņu masa'!$D34)/'Kubiņu masa'!$D34*100 -> 4.1153711 | K28: =('Kubiņu masa'!K34-'Kubiņu masa'!$D34)/'Kubiņu masa'!$D34*100 -> 5.5223356 | ... U28: =('Kubiņu masa'!U34-'Kubiņu masa'!$D34)/'Kubiņu masa'!$D34*100 -> 13.612381
A29: hito apstrāde | B29: Sl11 | C29: 295 | D29: =('Kubiņu masa'!D35-'Kubiņu masa'!$D35)/'Kubiņu masa'!$D35*100 -> 0 | E29: =('Kubiņu masa'!E35-'Kubiņu masa'!$D35)/'Kubiņu masa'!$D35*100 -> 1.4836795 | F29: =('Kubiņu masa'!F35-'Kubiņu masa'!$D35)/'Kubiņu masa'!$D35*100 -> 0.89020772 | G29: =('Kubiņu masa'!G35-'Kubiņu masa'!$D35)/'Kubiņu masa'!$D35*100 -> 0.89020772 | H29: =('Kubiņu masa'!H35-'Kubiņu masa'!$D35)/'Kubiņu masa'!$D35*100 -> 1.8793274 | I29: =('Kubiņu masa'!I35-'Kubiņu masa'!$D35)/'Kubiņu masa'!$D35*100 -> 2.0771513 | J29: =('Kubiņu masa'!J35-'Kubiņu masa'!$D35)/'Kubiņu masa'!$D35*100 -> 1.6815035 | K29: =('Kubiņu masa'!K35-'Kubiņu masa'!$D35)/'Kubiņu masa'!$D35*100 -> 3.6597428 | ... U29: =('Kubiņu masa'!U35-'Kubiņu masa'!$D35)/'Kubiņu masa'!$D35*100 -> 12.957468
C30: 298 | D30: =('Kubiņu masa'!D36-'Kubiņu masa'!$D36)/'Kubiņu masa'!$D36*100 -> 0 | E30: =('Kubiņu masa'!E36-'Kubiņu masa'!$D36)/'Kubiņu masa'!$D36*100 -> 1.7011834 | F30: =('Kubiņu masa'!F36-'Kubiņu masa'!$D36)/'Kubiņu masa'!$D36*100 -> 5.214497 | G30: =('Kubiņu masa'!G36-'Kubiņu masa'!$D36)/'Kubiņu masa'!$D36*100 -> 5.0295858 | H30: =('Kubiņu masa'!H36-'Kubiņu masa'!$D36)/'Kubiņu masa'!$D36*100 -> 5.954142 | I30: =('Kubiņu masa'!I36-'Kubiņu masa'!$D36)/'Kubiņu masa'!$D36*100 -> 6.1390533 | J30: =('Kubiņu masa'!J36-'Kubiņu masa'!$D36)/'Kubiņu masa'!$D36*100 -> 5.954142 | K30: =('Kubiņu masa'!K36-'Kubiņu masa'!$D36)/'Kubiņu masa'!$D36*100 -> 7.9881657 | ... U30: =('Kubiņu masa'!U36-'Kubiņu masa'!$D36)/'Kubiņu masa'!$D36*100 -> 18.528107
C31: 301 | D31: =('Kubiņu masa'!D37-'Kubiņu masa'!$D37)/'Kubiņu masa'!$D37*100 -> 0 | E31: =('Kubiņu masa'!E37-'Kubiņu masa'!$D37)/'Kubiņu masa'!$D37*100 -> 9.4289 | F31: =('Kubiņu masa'!F37-'Kubiņu masa'!$D37)/'Kubiņu masa'!$D37*100 -> 5.2127252 | G31: =('Kubiņu masa'!G37-'Kubiņu masa'!$D37)/'Kubiņu masa'!$D37*100 -> 5.0210809 | H31: =('Kubiņu masa'!H37-'Kubiņu masa'!$D37)/'Kubiņu masa'!$D37*100 -> 5.9793024 | I31: =('Kubiņu masa'!I37-'Kubiņu masa'!$D37)/'Kubiņu masa'!$D37*100 -> 6.1709467 | J31: =('Kubiņu masa'!J37-'Kubiņu masa'!$D37)/'Kubiņu masa'!$D37*100 -> 6.1709467 | K31: =('Kubiņu masa'!K37-'Kubiņu masa'!$D37)/'Kubiņu masa'!$D37*100 -> 8.0873898 | ... U31: =('Kubiņu masa'!U37-'Kubiņu masa'!$D37)/'Kubiņu masa'!$D37*100 -> 18.819471
B32: Sl - 22 | C32: 6 | D32: =('Kubiņu masa'!D38-'Kubiņu masa'!$D38)/'Kubiņu masa'!$D38*100 -> 0 | E32: =('Kubiņu masa'!E38-'Kubiņu masa'!$D38)/'Kubiņu masa'!$D38*100 -> 5.2631579 | F32: =('Kubiņu masa'!F38-'Kubiņu masa'!$D38)/'Kubiņu masa'!$D38*100 -> 6.0687433 | G32: =('Kubiņu masa'!G38-'Kubiņu masa'!$D38)/'Kubiņu masa'!$D38*100 -> 6.0687433 | H32: =('Kubiņu masa'!H38-'Kubiņu masa'!$D38)/'Kubiņu masa'!$D38*100 -> 7.1428571 | I32: =('Kubiņu masa'!I38-'Kubiņu masa'!$D38)/'Kubiņu masa'!$D38*100 -> 7.4113856 | J32: =('Kubiņu masa'!J38-'Kubiņu masa'!$D38)/'Kubiņu masa'!$D38*100 -> 6.8743287 | K32: =('Kubiņu masa'!K38-'Kubiņu masa'!$D38)/'Kubiņu masa'!$D38*100 -> 9.5596133 | ... U32: =('Kubiņu masa'!U38-'Kubiņu masa'!$D38)/'Kubiņu masa'!$D38*100 -> 17.07841
C33: 10 | D33: =('Kubiņu masa'!D39-'Kubiņu masa'!$D39)/'Kubiņu masa'!$D39*100 -> 0 | E33: =('Kubiņu masa'!E39-'Kubiņu masa'!$D39)/'Kubiņu masa'!$D39*100 -> 5.6932716 | F33: =('Kubiņu masa'!F39-'Kubiņu masa'!$D39)/'Kubiņu masa'!$D39*100 -> 5.6932716 | G33: =('Kubiņu masa'!G39-'Kubiņu masa'!$D39)/'Kubiņu masa'!$D39*100 -> 5.4208662 | H33: =('Kubiņu masa'!H39-'Kubiņu masa'!$D39)/'Kubiņu masa'!$D39*100 -> 6.7828929 | I33: =('Kubiņu masa'!I39-'Kubiņu masa'!$D39)/'Kubiņu masa'!$D39*100 -> 6.7828929 | J33: =('Kubiņu masa'!J39-'Kubiņu masa'!$D39)/'Kubiņu masa'!$D39*100 -> 6.2380823 | K33: =('Kubiņu masa'!K39-'Kubiņu masa'!$D39)/'Kubiņu masa'!$D39*100 -> 8.9621357 | ... U33: =('Kubiņu masa'!U39-'Kubiņu masa'!$D39)/'Kubiņu masa'!$D39*100 -> 17.679107
C34: 14 | D34: =('Kubiņu masa'!D40-'Kubiņu masa'!$D40)/'Kubiņu masa'!$D40*100 -> 0 | E34: =('Kubiņu masa'!E40-'Kubiņu masa'!$D40)/'Kubiņu masa'!$D40*100 -> 6.3389392 | F34: =('Kubiņu masa'!F40-'Kubiņu masa'!$D40)/'Kubiņu masa'!$D40*100 -> 5.5627426 | G34: =('Kubiņu masa'!G40-'Kubiņu masa'!$D40)/'Kubiņu masa'!$D40*100 -> 5.3040103 | H34: =('Kubiņu masa'!H40-'Kubiņu masa'!$D40)/'Kubiņu masa'!$D40*100 -> 6.5976714 | I34: =('Kubiņu masa'!I40-'Kubiņu masa'!$D40)/'Kubiņu masa'!$D40*100 -> 6.8564036 | J34: =('Kubiņu masa'!J40-'Kubiņu masa'!$D40)/'Kubiņu masa'!$D40*100 -> 6.3389392 | K34: =('Kubiņu masa'!K40-'Kubiņu masa'!$D40)/'Kubiņu masa'!$D40*100 -> 9.1849935 | ... U34: =('Kubiņu masa'!U40-'Kubiņu masa'!$D40)/'Kubiņu masa'!$D40*100 -> 19.27555
B35: Sl - 23 | C35: 26 | D35: =('Kubiņu masa'!D41-'Kubiņu masa'!$D41)/'Kubiņu masa'!$D41*100 -> 0 | E35: =('Kubiņu masa'!E41-'Kubiņu masa'!$D41)/'Kubiņu masa'!$D41*100 -> 6.3981043 | F35: =('Kubiņu masa'!F41-'Kubiņu masa'!$D41)/'Kubiņu masa'!$D41*100 -> 5.6872038 | G35: =('Kubiņu masa'!G41-'Kubiņu masa'!$D41)/'Kubiņu masa'!$D41*100 -> 5.6872038 | H35: =('Kubiņu masa'!H41-'Kubiņu masa'!$D41)/'Kubiņu masa'!$D41*100 -> 6.8720379 | I35: =('Kubiņu masa'!I41-'Kubiņu masa'!$D41)/'Kubiņu masa'!$D41*100 -> 7.1090047 | J35: =('Kubiņu masa'!J41-'Kubiņu masa'!$D41)/'Kubiņu masa'!$D41*100 -> 6.3981043 | K35: =('Kubiņu masa'!K41-'Kubiņu masa'!$D41)/'Kubiņu masa'!$D41*100 -> 9.0047393 | ... U35: =('Kubiņu masa'!U41-'Kubiņu masa'!$D41)/'Kubiņu masa'!$D41*100 -> 20.853081
C36: 30 | D36: =('Kubiņu masa'!D42-'Kubiņu masa'!$D42)/'Kubiņu masa'!$D42*100 -> 0 | E36: =('Kubiņu masa'!E42-'Kubiņu masa'!$D42)/'Kubiņu masa'!$D42*100 -> 5.815062 | F36: =('Kubiņu masa'!F42-'Kubiņu masa'!$D42)/'Kubiņu masa'!$D42*100 -> 5.815062 | G36: =('Kubiņu masa'!G42-'Kubiņu masa'!$D42)/'Kubiņu masa'!$D42*100 -> 6.0533842 | H36: =('Kubiņu masa'!H42-'Kubiņu masa'!$D42)/'Kubiņu masa'!$D42*100 -> 7.006673 | I36: =('Kubiņu masa'!I42-'Kubiņu masa'!$D42)/'Kubiņu masa'!$D42*100 -> 7.4833174 | J36: =('Kubiņu masa'!J42-'Kubiņu masa'!$D42)/'Kubiņu masa'!$D42*100 -> 6.5300286 | K36: =('Kubiņu masa'!K42-'Kubiņu masa'!$D42)/'Kubiņu masa'!$D42*100 -> 9.1515729 | ... U36: =('Kubiņu masa'!U42-'Kubiņu masa'!$D42)/'Kubiņu masa'!$D42*100 -> 19.63775
C37: 34 | D37: =('Kubiņu masa'!D43-'Kubiņu masa'!$D43)/'Kubiņu masa'!$D43*100 -> 0 | E37: =('Kubiņu masa'!E43-'Kubiņu masa'!$D43)/'Kubiņu masa'!$D43*100 -> 5.6487828 | F37: =('Kubiņu masa'!F43-'Kubiņu masa'!$D43)/'Kubiņu masa'!$D43*100 -> 5.6487828 | G37: =('Kubiņu masa'!G43-'Kubiņu masa'!$D43)/'Kubiņu masa'!$D43*100 -> 5.8851335 | H37: =('Kubiņu masa'!H43-'Kubiņu masa'!$D43)/'Kubiņu masa'!$D43*100 -> 6.5941858 | I37: =('Kubiņu masa'!I43-'Kubiņu masa'!$D43)/'Kubiņu masa'!$D43*100 -> 7.303238 | J37: =('Kubiņu masa'!J43-'Kubiņu masa'!$D43)/'Kubiņu masa'!$D43*100 -> 6.357835 | K37: =('Kubiņu masa'!K43-'Kubiņu masa'!$D43)/'Kubiņu masa'!$D43*100 -> 9.4303947 | ... U37: =('Kubiņu masa'!U43-'Kubiņu masa'!$D43)/'Kubiņu masa'!$D43*100 -> 16.284566
B38: Sl - 31 | C38: 46 | D38: =('Kubiņu masa'!D44-'Kubiņu masa'!$D44)/'Kubiņu masa'!$D44*100 -> 0 | E38: =('Kubiņu masa'!E44-'Kubiņu masa'!$D44)/'Kubiņu masa'!$D44*100 -> 5.8683584 | F38: =('Kubiņu masa'!F44-'Kubiņu masa'!$D44)/'Kubiņu masa'!$D44*100 -> 6.0666138 | G38: =('Kubiņu masa'!G44-'Kubiņu masa'!$D44)/'Kubiņu masa'!$D44*100 -> 5.4718477 | H38: =('Kubiņu masa'!H44-'Kubiņu masa'!$D44)/'Kubiņu masa'!$D44*100 -> 6.0666138 | I38: =('Kubiņu masa'!I44-'Kubiņu masa'!$D44)/'Kubiņu masa'!$D44*100 -> 7.0578906 | J38: =('Kubiņu masa'!J44-'Kubiņu masa'!$D44)/'Kubiņu masa'!$D44*100 -> 6.4631245 | K38: =('Kubiņu masa'!K44-'Kubiņu masa'!$D44)/'Kubiņu masa'!$D44*100 -> 8.6439334 | ... U38: =('Kubiņu masa'!U44-'Kubiņu masa'!$D44)/'Kubiņu masa'!$D44*100 -> 18.556701
C39: 50 | D39: =('Kubiņu masa'!D45-'Kubiņu masa'!$D45)/'Kubiņu masa'!$D45*100 -> 0 | E39: =('Kubiņu masa'!E45-'Kubiņu masa'!$D45)/'Kubiņu masa'!$D45*100 -> 5.5647994 | F39: =('Kubiņu masa'!F45-'Kubiņu masa'!$D45)/'Kubiņu masa'!$D45*100 -> 5.7496765 | G39: =('Kubiņu masa'!G45-'Kubiņu masa'!$D45)/'Kubiņu masa'!$D45*100 -> 5.7496765 | H39: =('Kubiņu masa'!H45-'Kubiņu masa'!$D45)/'Kubiņu masa'!$D45*100 -> 6.6740617 | I39: =('Kubiņu masa'!I45-'Kubiņu masa'!$D45)/'Kubiņu masa'!$D45*100 -> 7.0438159 | J39: =('Kubiņu masa'!J45-'Kubiņu masa'!$D45)/'Kubiņu masa'!$D45*100 -> 6.4891847 | K39: =('Kubiņu masa'!K45-'Kubiņu masa'!$D45)/'Kubiņu masa'!$D45*100 -> 8.8925864 | ... U39: =('Kubiņu masa'!U45-'Kubiņu masa'!$D45)/'Kubiņu masa'!$D45*100 -> 17.766685
C40: 54 | D40: =('Kubiņu masa'!D46-'Kubiņu masa'!$D46)/'Kubiņu masa'!$D46*100 -> 0 | E40: =('Kubiņu masa'!E46-'Kubiņu masa'!$D46)/'Kubiņu masa'!$D46*100 -> 5.7004831 | F40: =('Kubiņu masa'!F46-'Kubiņu masa'!$D46)/'Kubiņu masa'!$D46*100 -> 5.8937198 | G40: =('Kubiņu masa'!G46-'Kubiņu masa'!$D46)/'Kubiņu masa'!$D46*100 -> 5.1207729 | H40: =('Kubiņu masa'!H46-'Kubiņu masa'!$D46)/'Kubiņu masa'!$D46*100 -> 6.47343 | I40: =('Kubiņu masa'!I46-'Kubiņu masa'!$D46)/'Kubiņu masa'!$D46*100 -> 6.6666667 | J40: =('Kubiņu masa'!J46-'Kubiņu masa'!$D46)/'Kubiņu masa'!$D46*100 -> 6.2801932 | K40: =('Kubiņu masa'!K46-'Kubiņu masa'!$D46)/'Kubiņu masa'!$D46*100 -> 8.4057971 | ... U40: =('Kubiņu masa'!U46-'Kubiņu masa'!$D46)/'Kubiņu masa'!$D46*100 -> 17.101449
B41: Sl - 32 | C41: 67 | D41: =('Kubiņu masa'!D47-'Kubiņu masa'!$D47)/'Kubiņu masa'!$D47*100 -> 0 | E41: =('Kubiņu masa'!E47-'Kubiņu masa'!$D47)/'Kubiņu masa'!$D47*100 -> 5.9217877 | F41: =('Kubiņu masa'!F47-'Kubiņu masa'!$D47)/'Kubiņu masa'!$D47*100 -> 5.698324 | G41: =('Kubiņu masa'!G47-'Kubiņu masa'!$D47)/'Kubiņu masa'!$D47*100 -> 5.4748603 | H41: =('Kubiņu masa'!H47-'Kubiņu masa'!$D47)/'Kubiņu masa'!$D47*100 -> 6.5921788 | I41: =('Kubiņu masa'!I47-'Kubiņu masa'!$D47)/'Kubiņu masa'!$D47*100 -> 6.5921788 | J41: =('Kubiņu masa'!J47-'Kubiņu masa'!$D47)/'Kubiņu masa'!$D47*100 -> 6.1452514 | K41: =('Kubiņu masa'!K47-'Kubiņu masa'!$D47)/'Kubiņu masa'!$D47*100 -> 7.9329609 | ... U41: =('Kubiņu masa'!U47-'Kubiņu masa'!$D47)/'Kubiņu masa'!$D47*100 -> 20.670391
C42: 71 | D42: =('Kubiņu masa'!D48-'Kubiņu masa'!$D48)/'Kubiņu masa'!$D48*100 -> 0 | E42: =('Kubiņu masa'!E48-'Kubiņu masa'!$D48)/'Kubiņu masa'!$D48*100 -> 5.7314298 | F42: =('Kubiņu masa'!F48-'Kubiņu masa'!$D48)/'Kubiņu masa'!$D48*100 -> 5.9383406 | G42: =('Kubiņu masa'!G48-'Kubiņu masa'!$D48)/'Kubiņu masa'!$D48*100 -> 5.5245189 | H42: =('Kubiņu masa'!H48-'Kubiņu masa'!$D48)/'Kubiņu masa'!$D48*100 -> 6.3521622 | I42: =('Kubiņu masa'!I48-'Kubiņu masa'!$D48)/'Kubiņu masa'!$D48*100 -> 6.7659839 | J42: =('Kubiņu masa'!J48-'Kubiņu masa'!$D48)/'Kubiņu masa'!$D48*100 -> 6.3521622 | K42: =('Kubiņu masa'!K48-'Kubiņu masa'!$D48)/'Kubiņu masa'!$D48*100 -> 8.4212704 | ... U42: =('Kubiņu masa'!U48-'Kubiņu masa'!$D48)/'Kubiņu masa'!$D48*100 -> 20.215187
C43: 75 | D43: =('Kubiņu masa'!D49-'Kubiņu masa'!$D49)/'Kubiņu masa'!$D49*100 -> 0 | E43: =('Kubiņu masa'!E49-'Kubiņu masa'!$D49)/'Kubiņu masa'!$D49*100 -> 6.2140163 | F43: =('Kubiņu masa'!F49-'Kubiņu masa'!$D49)/'Kubiņu masa'!$D49*100 -> 6.0154854 | G43: =('Kubiņu masa'!G49-'Kubiņu masa'!$D49)/'Kubiņu masa'!$D49*100 -> 4.8243002 | H43: =('Kubiņu masa'!H49-'Kubiņu masa'!$D49)/'Kubiņu masa'!$D49*100 -> 6.611078 | I43: =('Kubiņu masa'!I49-'Kubiņu masa'!$D49)/'Kubiņu masa'!$D49*100 -> 7.0081398 | J43: =('Kubiņu masa'!J49-'Kubiņu masa'!$D49)/'Kubiņu masa'!$D49*100 -> 6.4125472 | K43: =('Kubiņu masa'!K49-'Kubiņu masa'!$D49)/'Kubiņu masa'!$D49*100 -> 8.5963867 | ... U43: =('Kubiņu masa'!U49-'Kubiņu masa'!$D49)/'Kubiņu masa'!$D49*100 -> 19.912646
B44: Sl - 41 | C44: 87 | D44: =('Kubiņu masa'!D50-'Kubiņu masa'!$D50)/'Kubiņu masa'!$D50*100 -> 0 | E44: =('Kubiņu masa'!E50-'Kubiņu masa'!$D50)/'Kubiņu masa'!$D50*100 -> 5.9436511 | F44: =('Kubiņu masa'!F50-'Kubiņu masa'!$D50)/'Kubiņu masa'!$D50*100 -> 5.1717484 | G44: =('Kubiņu masa'!G50-'Kubiņu masa'!$D50)/'Kubiņu masa'!$D50*100 -> 5.1717484 | H44: =('Kubiņu masa'!H50-'Kubiņu masa'!$D50)/'Kubiņu masa'!$D50*100 -> 5.9436511 | I44: =('Kubiņu masa'!I50-'Kubiņu masa'!$D50)/'Kubiņu masa'!$D50*100 -> 6.9085295 | J44: =('Kubiņu masa'!J50-'Kubiņu masa'!$D50)/'Kubiņu masa'!$D50*100 -> 6.3296025 | K44: =('Kubiņu masa'!K50-'Kubiņu masa'!$D50)/'Kubiņu masa'!$D50*100 -> 8.6453107 | ... U44: =('Kubiņu masa'!U50-'Kubiņu masa'!$D50)/'Kubiņu masa'!$D50*100 -> 19.258973
C45: 91 | D45: =('Kubiņu masa'!D51-'Kubiņu masa'!$D51)/'Kubiņu masa'!$D51*100 -> 0 | E45: =('Kubiņu masa'!E51-'Kubiņu masa'!$D51)/'Kubiņu masa'!$D51*100 -> 5.4827175 | F45: =('Kubiņu masa'!F51-'Kubiņu masa'!$D51)/'Kubiņu masa'!$D51*100 -> 5.8800159 | G45: =('Kubiņu masa'!G51-'Kubiņu masa'!$D51)/'Kubiņu masa'!$D51*100 -> 5.4827175 | H45: =('Kubiņu masa'!H51-'Kubiņu masa'!$D51)/'Kubiņu masa'!$D51*100 -> 6.6746126 | I45: =('Kubiņu masa'!I51-'Kubiņu masa'!$D51)/'Kubiņu masa'!$D51*100 -> 6.8732618 | J45: =('Kubiņu masa'!J51-'Kubiņu masa'!$D51)/'Kubiņu masa'!$D51*100 -> 6.4759634 | K45: =('Kubiņu masa'!K51-'Kubiņu masa'!$D51)/'Kubiņu masa'!$D51*100 -> 8.0651569 | ... U45: =('Kubiņu masa'!U51-'Kubiņu masa'!$D51)/'Kubiņu masa'!$D51*100 -> 18.792213
C46: 95 | D46: =('Kubiņu masa'!D52-'Kubiņu masa'!$D52)/'Kubiņu masa'!$D52*100 -> 0 | E46: =('Kubiņu masa'!E52-'Kubiņu masa'!$D52)/'Kubiņu masa'!$D52*100 -> 5.9369202 | F46: =('Kubiņu masa'!F52-'Kubiņu masa'!$D52)/'Kubiņu masa'!$D52*100 -> 5.9369202 | G46: =('Kubiņu masa'!G52-'Kubiņu masa'!$D52)/'Kubiņu masa'!$D52*100 -> 5.380334 | H46: =('Kubiņu masa'!H52-'Kubiņu masa'!$D52)/'Kubiņu masa'!$D52*100 -> 6.6790353 | I46: =('Kubiņu masa'!I52-'Kubiņu masa'!$D52)/'Kubiņu masa'!$D52*100 -> 7.0500928 | J46: =('Kubiņu masa'!J52-'Kubiņu masa'!$D52)/'Kubiņu masa'!$D52*100 -> 6.6790353 | K46: =('Kubiņu masa'!K52-'Kubiņu masa'!$D52)/'Kubiņu masa'!$D52*100 -> 8.7198516 | ... U46: =('Kubiņu masa'!U52-'Kubiņu masa'!$D52)/'Kubiņu masa'!$D52*100 -> 18.552876
B47: Sl - 42 | C47: 107 | D47: =('Kubiņu masa'!D53-'Kubiņu masa'!$D53)/'Kubiņu masa'!$D53*100 -> 0 | E47: =('Kubiņu masa'!E53-'Kubiņu masa'!$D53)/'Kubiņu masa'!$D53*100 -> 5.9787345 | F47: =('Kubiņu masa'!F53-'Kubiņu masa'!$D53)/'Kubiņu masa'!$D53*100 -> 5.8044274 | G47: =('Kubiņu masa'!G53-'Kubiņu masa'!$D53)/'Kubiņu masa'!$D53*100 -> 5.4558131 | H47: =('Kubiņu masa'!H53-'Kubiņu masa'!$D53)/'Kubiņu masa'!$D53*100 -> 6.675963 | I47: =('Kubiņu masa'!I53-'Kubiņu masa'!$D53)/'Kubiņu masa'!$D53*100 -> 6.675963 | J47: =('Kubiņu masa'!J53-'Kubiņu masa'!$D53)/'Kubiņu masa'!$D53*100 -> 6.5016559 | K47: =('Kubiņu masa'!K53-'Kubiņu masa'!$D53)/'Kubiņu masa'!$D53*100 -> 8.0704201 | ... U47: =('Kubiņu masa'!U53-'Kubiņu masa'!$D53)/'Kubiņu masa'!$D53*100 -> 20.446226
C48: 111 | D48: =('Kubiņu masa'!D54-'Kubiņu masa'!$D54)/'Kubiņu masa'!$D54*100 -> 0 | E48: =('Kubiņu masa'!E54-'Kubiņu masa'!$D54)/'Kubiņu masa'!$D54*100 -> 5.9669062 | F48: =('Kubiņu masa'!F54-'Kubiņu masa'!$D54)/'Kubiņu masa'!$D54*100 -> 5.799766 | G48: =('Kubiņu masa'!G54-'Kubiņu masa'!$D54)/'Kubiņu masa'!$D54*100 -> 5.2983453 | H48: =('Kubiņu masa'!H54-'Kubiņu masa'!$D54)/'Kubiņu masa'!$D54*100 -> 6.6354672 | I48: =('Kubiņu masa'!I54-'Kubiņu masa'!$D54)/'Kubiņu masa'!$D54*100 -> 6.3011867 | J48: =('Kubiņu masa'!J54-'Kubiņu masa'!$D54)/'Kubiņu masa'!$D54*100 -> 6.6354672 | K48: =('Kubiņu masa'!K54-'Kubiņu masa'!$D54)/'Kubiņu masa'!$D54*100 -> 8.3068695 | ... U48: =('Kubiņu masa'!U54-'Kubiņu masa'!$D54)/'Kubiņu masa'!$D54*100 -> 20.508106
C49: 115 | D49: =('Kubiņu masa'!D55-'Kubiņu masa'!$D55)/'Kubiņu masa'!$D55*100 -> 0 | E49: =('Kubiņu masa'!E55-'Kubiņu masa'!$D55)/'Kubiņu masa'!$D55*100 -> 5.6924987 | F49: =('Kubiņu masa'!F55-'Kubiņu masa'!$D55)/'Kubiņu masa'!$D55*100 -> 5.6924987 | G49: =('Kubiņu masa'!G55-'Kubiņu masa'!$D55)/'Kubiņu masa'!$D55*100 -> 5.3378259 | H49: =('Kubiņu masa'!H55-'Kubiņu masa'!$D55)/'Kubiņu masa'!$D55*100 -> 6.5791807 | I49: =('Kubiņu masa'!I55-'Kubiņu masa'!$D55)/'Kubiņu masa'!$D55*100 -> 6.5791807 | J49: =('Kubiņu masa'!J55-'Kubiņu masa'!$D55)/'Kubiņu masa'!$D55*100 -> 6.5791807 | K49: =('Kubiņu masa'!K55-'Kubiņu masa'!$D55)/'Kubiņu masa'!$D55*100 -> 8.1752084 | ... U49: =('Kubiņu masa'!U55-'Kubiņu masa'!$D55)/'Kubiņu masa'!$D55*100 -> 21.120766
B50: Sa11 | C50: 128 | D50: =('Kubiņu masa'!D56-'Kubiņu masa'!$D56)/'Kubiņu masa'!$D56*100 -> 0 | E50: =('Kubiņu masa'!E56-'Kubiņu masa'!$D56)/'Kubiņu masa'!$D56*100 -> 5.4560261 | F50: =('Kubiņu masa'!F56-'Kubiņu masa'!$D56)/'Kubiņu masa'!$D56*100 -> 5.0488599 | G50: =('Kubiņu masa'!G56-'Kubiņu masa'!$D56)/'Kubiņu masa'!$D56*100 -> 4.2345277 | H50: =('Kubiņu masa'!H56-'Kubiņu masa'!$D56)/'Kubiņu masa'!$D56*100 -> 5.8631922 | I50: =('Kubiņu masa'!I56-'Kubiņu masa'!$D56)/'Kubiņu masa'!$D56*100 -> 5.8631922 | J50: =('Kubiņu masa'!J56-'Kubiņu masa'!$D56)/'Kubiņu masa'!$D56*100 -> 5.4560261 | K50: =('Kubiņu masa'!K56-'Kubiņu masa'!$D56)/'Kubiņu masa'!$D56*100 -> 7.8990228 | ... U50: =('Kubiņu masa'!U56-'Kubiņu masa'!$D56)/'Kubiņu masa'!$D56*100 -> 18.485342
C51: 133 | D51: =('Kubiņu masa'!D57-'Kubiņu masa'!$D57)/'Kubiņu masa'!$D57*100 -> 0 | E51: =('Kubiņu masa'!E57-'Kubiņu masa'!$D57)/'Kubiņu masa'!$D57*100 -> 5.3074979 | F51: =('Kubiņu masa'!F57-'Kubiņu masa'!$D57)/'Kubiņu masa'!$D57*100 -> 5.7287279 | G51: =('Kubiņu masa'!G57-'Kubiņu masa'!$D57)/'Kubiņu masa'!$D57*100 -> 3.6225779 | H51: =('Kubiņu masa'!H57-'Kubiņu masa'!$D57)/'Kubiņu masa'!$D57*100 -> 6.1499579 | I51: =('Kubiņu masa'!I57-'Kubiņu masa'!$D57)/'Kubiņu masa'!$D57*100 -> 6.1499579 | J51: =('Kubiņu masa'!J57-'Kubiņu masa'!$D57)/'Kubiņu masa'!$D57*100 -> 5.7287279 | K51: =('Kubiņu masa'!K57-'Kubiņu masa'!$D57)/'Kubiņu masa'!$D57*100 -> 7.8348778 | ... U51: =('Kubiņu masa'!U57-'Kubiņu masa'!$D57)/'Kubiņu masa'!$D57*100 -> 14.995788
C52: 139 | D52: =('Kubiņu masa'!D58-'Kubiņu masa'!$D58)/'Kubiņu masa'!$D58*100 -> 0 | E52: =('Kubiņu masa'!E58-'Kubiņu masa'!$D58)/'Kubiņu masa'!$D58*100 -> 5.5952882 | F52: =('Kubiņu masa'!F58-'Kubiņu masa'!$D58)/'Kubiņu masa'!$D58*100 -> 5.5952882 | G52: =('Kubiņu masa'!G58-'Kubiņu masa'!$D58)/'Kubiņu masa'!$D58*100 -> 4.3331931 | H52: =('Kubiņu masa'!H58-'Kubiņu masa'!$D58)/'Kubiņu masa'!$D58*100 -> 6.0159865 | I52: =('Kubiņu masa'!I58-'Kubiņu masa'!$D58)/'Kubiņu masa'!$D58*100 -> 6.4366849 | J52: =('Kubiņu masa'!J58-'Kubiņu masa'!$D58)/'Kubiņu masa'!$D58*100 -> 6.4366849 | K52: =('Kubiņu masa'!K58-'Kubiņu masa'!$D58)/'Kubiņu masa'!$D58*100 -> 7.69878 | ... U52: =('Kubiņu masa'!U58-'Kubiņu masa'!$D58)/'Kubiņu masa'!$D58*100 -> 17.374842
B53: Sa12 | C53: 150 | D53: =('Kubiņu masa'!D59-'Kubiņu masa'!$D59)/'Kubiņu masa'!$D59*100 -> 0 | E53: =('Kubiņu masa'!E59-'Kubiņu masa'!$D59)/'Kubiņu masa'!$D59*100 -> 6.3333333 | F53: =('Kubiņu masa'!F59-'Kubiņu masa'!$D59)/'Kubiņu masa'!$D59*100 -> 6.3333333 | G53: =('Kubiņu masa'!G59-'Kubiņu masa'!$D59)/'Kubiņu masa'!$D59*100 -> 6.3333333 | H53: =('Kubiņu masa'!H59-'Kubiņu masa'!$D59)/'Kubiņu masa'!$D59*100 -> 8 | I53: =('Kubiņu masa'!I59-'Kubiņu masa'!$D59)/'Kubiņu masa'!$D59*100 -> 8 | J53: =('Kubiņu masa'!J59-'Kubiņu masa'!$D59)/'Kubiņu masa'!$D59*100 -> 8 | K53: =('Kubiņu masa'!K59-'Kubiņu masa'!$D59)/'Kubiņu masa'!$D59*100 -> 10 | ... U53: =('Kubiņu masa'!U59-'Kubiņu masa'!$D59)/'Kubiņu masa'!$D59*100 -> 24.666667
C54: 156 | D54: =('Kubiņu masa'!D60-'Kubiņu masa'!$D60)/'Kubiņu masa'!$D60*100 -> 0 | E54: =('Kubiņu masa'!E60-'Kubiņu masa'!$D60)/'Kubiņu masa'!$D60*100 -> 6.7055394 | F54: =('Kubiņu masa'!F60-'Kubiņu masa'!$D60)/'Kubiņu masa'!$D60*100 -> 6.4139942 | G54: =('Kubiņu masa'!G60-'Kubiņu masa'!$D60)/'Kubiņu masa'!$D60*100 -> 4.9562682 | H54: =('Kubiņu masa'!H60-'Kubiņu masa'!$D60)/'Kubiņu masa'!$D60*100 -> 7.5801749 | I54: =('Kubiņu masa'!I60-'Kubiņu masa'!$D60)/'Kubiņu masa'!$D60*100 -> 8.1632653 | J54: =('Kubiņu masa'!J60-'Kubiņu masa'!$D60)/'Kubiņu masa'!$D60*100 -> 7.2886297 | K54: =('Kubiņu masa'!K60-'Kubiņu masa'!$D60)/'Kubiņu masa'!$D60*100 -> 10.204082 | ... U54: =('Kubiņu masa'!U60-'Kubiņu masa'!$D60)/'Kubiņu masa'!$D60*100 -> 21.865889
C55: 158 | D55: =('Kubiņu masa'!D61-'Kubiņu masa'!$D61)/'Kubiņu masa'!$D61*100 -> 0 | E55: =('Kubiņu masa'!E61-'Kubiņu masa'!$D61)/'Kubiņu masa'!$D61*100 -> 6.2477939 | F55: =('Kubiņu masa'!F61-'Kubiņu masa'!$D61)/'Kubiņu masa'!$D61*100 -> 6.2477939 | G55: =('Kubiņu masa'!G61-'Kubiņu masa'!$D61)/'Kubiņu masa'!$D61*100 -> 3.4239322 | H55: =('Kubiņu masa'!H61-'Kubiņu masa'!$D61)/'Kubiņu masa'!$D61*100 -> 6.9537593 | I55: =('Kubiņu masa'!I61-'Kubiņu masa'!$D61)/'Kubiņu masa'!$D61*100 -> 6.9537593 | J55: =('Kubiņu masa'!J61-'Kubiņu masa'!$D61)/'Kubiņu masa'!$D61*100 -> 6.9537593 | K55: =('Kubiņu masa'!K61-'Kubiņu masa'!$D61)/'Kubiņu masa'!$D61*100 -> 8.7186728 | ... U55: =('Kubiņu masa'!U61-'Kubiņu masa'!$D61)/'Kubiņu masa'!$D61*100 -> 19.661137
B56: Sa21 | C56: 191 | D56: =('Kubiņu masa'!D62-'Kubiņu masa'!$D62)/'Kubiņu masa'!$D62*100 -> 0 | E56: =('Kubiņu masa'!E62-'Kubiņu masa'!$D62)/'Kubiņu masa'!$D62*100 -> 5.2631579 | F56: =('Kubiņu masa'!F62-'Kubiņu masa'!$D62)/'Kubiņu masa'!$D62*100 -> 6.2318373 | G56: =('Kubiņu masa'!G62-'Kubiņu masa'!$D62)/'Kubiņu masa'!$D62*100 -> 5.9089441 | H56: =('Kubiņu masa'!H62-'Kubiņu masa'!$D62)/'Kubiņu masa'!$D62*100 -> 7.2005166 | I56: =('Kubiņu masa'!I62-'Kubiņu masa'!$D62)/'Kubiņu masa'!$D62*100 -> 7.2005166 | J56: =('Kubiņu masa'!J62-'Kubiņu masa'!$D62)/'Kubiņu masa'!$D62*100 -> 6.8776235 | K56: =('Kubiņu masa'!K62-'Kubiņu masa'!$D62)/'Kubiņu masa'!$D62*100 -> 8.8149822 | ... U56: =('Kubiņu masa'!U62-'Kubiņu masa'!$D62)/'Kubiņu masa'!$D62*100 -> 19.793348
C57: 197 | D57: =('Kubiņu masa'!D63-'Kubiņu masa'!$D63)/'Kubiņu masa'!$D63*100 -> 0 | E57: =('Kubiņu masa'!E63-'Kubiņu masa'!$D63)/'Kubiņu masa'!$D63*100 -> 5.2798982 | F57: =('Kubiņu masa'!F63-'Kubiņu masa'!$D63)/'Kubiņu masa'!$D63*100 -> 6.2340967 | G57: =('Kubiņu masa'!G63-'Kubiņu masa'!$D63)/'Kubiņu masa'!$D63*100 -> 5.5979644 | H57: =('Kubiņu masa'!H63-'Kubiņu masa'!$D63)/'Kubiņu masa'!$D63*100 -> 7.1882952 | I57: =('Kubiņu masa'!I63-'Kubiņu masa'!$D63)/'Kubiņu masa'!$D63*100 -> 7.8244275 | J57: =('Kubiņu masa'!J63-'Kubiņu masa'!$D63)/'Kubiņu masa'!$D63*100 -> 7.5063613 | K57: =('Kubiņu masa'!K63-'Kubiņu masa'!$D63)/'Kubiņu masa'!$D63*100 -> 8.778626 | ... U57: =('Kubiņu masa'!U63-'Kubiņu masa'!$D63)/'Kubiņu masa'!$D63*100 -> 18.956743
C58: 204 | D58: =('Kubiņu masa'!D64-'Kubiņu masa'!$D64)/'Kubiņu masa'!$D64*100 -> 0 | E58: =('Kubiņu masa'!E64-'Kubiņu masa'!$D64)/'Kubiņu masa'!$D64*100 -> 4.961188 | F58: =('Kubiņu masa'!F64-'Kubiņu masa'!$D64)/'Kubiņu masa'!$D64*100 -> 6.3111711 | G58: =('Kubiņu masa'!G64-'Kubiņu masa'!$D64)/'Kubiņu masa'!$D64*100 -> 6.3111711 | H58: =('Kubiņu masa'!H64-'Kubiņu masa'!$D64)/'Kubiņu masa'!$D64*100 -> 7.99865 | I58: =('Kubiņu masa'!I64-'Kubiņu masa'!$D64)/'Kubiņu masa'!$D64*100 -> 7.6611542 | J58: =('Kubiņu masa'!J64-'Kubiņu masa'!$D64)/'Kubiņu masa'!$D64*100 -> 6.9861627 | K58: =('Kubiņu masa'!K64-'Kubiņu masa'!$D64)/'Kubiņu masa'!$D64*100 -> 9.3486331 | ... U58: =('Kubiņu masa'!U64-'Kubiņu masa'!$D64)/'Kubiņu masa'!$D64*100 -> 18.461019
B59: Sa22 | C59: 233 | D59: =('Kubiņu masa'!D65-'Kubiņu masa'!$D65)/'Kubiņu masa'!$D65*100 -> 0 | E59: =('Kubiņu masa'!E65-'Kubiņu masa'!$D65)/'Kubiņu masa'!$D65*100 -> 6.633602 | F59: =('Kubiņu masa'!F65-'Kubiņu masa'!$D65)/'Kubiņu masa'!$D65*100 -> 6.9435834 | G59: =('Kubiņu masa'!G65-'Kubiņu masa'!$D65)/'Kubiņu masa'!$D65*100 -> 5.7036578 | H59: =('Kubiņu masa'!H65-'Kubiņu masa'!$D65)/'Kubiņu masa'!$D65*100 -> 8.4934904 | I59: =('Kubiņu masa'!I65-'Kubiņu masa'!$D65)/'Kubiņu masa'!$D65*100 -> 8.183509 | J59: =('Kubiņu masa'!J65-'Kubiņu masa'!$D65)/'Kubiņu masa'!$D65*100 -> 7.8735276 | K59: =('Kubiņu masa'!K65-'Kubiņu masa'!$D65)/'Kubiņu masa'!$D65*100 -> 10.043397 | ... U59: =('Kubiņu masa'!U65-'Kubiņu masa'!$D65)/'Kubiņu masa'!$D65*100 -> 16.553007
C60: 239 | D60: =('Kubiņu masa'!D66-'Kubiņu masa'!$D66)/'Kubiņu masa'!$D66*100 -> 0 | E60: =('Kubiņu masa'!E66-'Kubiņu masa'!$D66)/'Kubiņu masa'!$D66*100 -> 6.101593 | F60: =('Kubiņu masa'!F66-'Kubiņu masa'!$D66)/'Kubiņu masa'!$D66*100 -> 6.7027352 | G60: =('Kubiņu masa'!G66-'Kubiņu masa'!$D66)/'Kubiņu masa'!$D66*100 -> 6.4021641 | H60: =('Kubiņu masa'!H66-'Kubiņu masa'!$D66)/'Kubiņu masa'!$D66*100 -> 7.9050195 | I60: =('Kubiņu masa'!I66-'Kubiņu masa'!$D66)/'Kubiņu masa'!$D66*100 -> 8.2055906 | J60: =('Kubiņu masa'!J66-'Kubiņu masa'!$D66)/'Kubiņu masa'!$D66*100 -> 7.6044485 | K60: =('Kubiņu masa'!K66-'Kubiņu masa'!$D66)/'Kubiņu masa'!$D66*100 -> 10.309588 | ... U60: =('Kubiņu masa'!U66-'Kubiņu masa'!$D66)/'Kubiņu masa'!$D66*100 -> 22.933574
C61: 242 | D61: =('Kubiņu masa'!D67-'Kubiņu masa'!$D67)/'Kubiņu masa'!$D67*100 -> 0 | E61: =('Kubiņu masa'!E67-'Kubiņu masa'!$D67)/'Kubiņu masa'!$D67*100 -> 6.2001228 | F61: =('Kubiņu masa'!F67-'Kubiņu masa'!$D67)/'Kubiņu masa'!$D67*100 -> 7.1209331 | G61: =('Kubiņu masa'!G67-'Kubiņu masa'!$D67)/'Kubiņu masa'!$D67*100 -> 6.2001228 | H61: =('Kubiņu masa'!H67-'Kubiņu masa'!$D67)/'Kubiņu masa'!$D67*100 -> 7.4278699 | I61: =('Kubiņu masa'!I67-'Kubiņu masa'!$D67)/'Kubiņu masa'!$D67*100 -> 8.3486802 | J61: =('Kubiņu masa'!J67-'Kubiņu masa'!$D67)/'Kubiņu masa'!$D67*100 -> 8.0417434 | K61: =('Kubiņu masa'!K67-'Kubiņu masa'!$D67)/'Kubiņu masa'!$D67*100 -> 10.497238 | ... U61: =('Kubiņu masa'!U67-'Kubiņu masa'!$D67)/'Kubiņu masa'!$D67*100 -> 15.715163
B62: Saz32 | C62: 255 | D62: =('Kubiņu masa'!D68-'Kubiņu masa'!$D68)/'Kubiņu masa'!$D68*100 -> 0 | E62: =('Kubiņu masa'!E68-'Kubiņu masa'!$D68)/'Kubiņu masa'!$D68*100 -> 4.2962125 | F62: =('Kubiņu masa'!F68-'Kubiņu masa'!$D68)/'Kubiņu masa'!$D68*100 -> 4.5788581 | G62: =('Kubiņu masa'!G68-'Kubiņu masa'!$D68)/'Kubiņu masa'!$D68*100 -> 5.1441492 | H62: =('Kubiņu masa'!H68-'Kubiņu masa'!$D68)/'Kubiņu masa'!$D68*100 -> 5.1441492 | I62: =('Kubiņu masa'!I68-'Kubiņu masa'!$D68)/'Kubiņu masa'!$D68*100 -> 5.9920859 | J62: =('Kubiņu masa'!J68-'Kubiņu masa'!$D68)/'Kubiņu masa'!$D68*100 -> 5.1441492 | K62: =('Kubiņu masa'!K68-'Kubiņu masa'!$D68)/'Kubiņu masa'!$D68*100 -> 6.557377 | ... U62: =('Kubiņu masa'!U68-'Kubiņu masa'!$D68)/'Kubiņu masa'!$D68*100 -> 14.471453
C63: 264 | D63: =('Kubiņu masa'!D69-'Kubiņu masa'!$D69)/'Kubiņu masa'!$D69*100 -> 0 | E63: =('Kubiņu masa'!E69-'Kubiņu masa'!$D69)/'Kubiņu masa'!$D69*100 -> 5.4027179 | F63: =('Kubiņu masa'!F69-'Kubiņu masa'!$D69)/'Kubiņu masa'!$D69*100 -> 4.7398078 | G63: =('Kubiņu masa'!G69-'Kubiņu masa'!$D69)/'Kubiņu masa'!$D69*100 -> 4.4083527 | H63: =('Kubiņu masa'!H69-'Kubiņu masa'!$D69)/'Kubiņu masa'!$D69*100 -> 5.4027179 | I63: =('Kubiņu masa'!I69-'Kubiņu masa'!$D69)/'Kubiņu masa'!$D69*100 -> 6.0656281 | J63: =('Kubiņu masa'!J69-'Kubiņu masa'!$D69)/'Kubiņu masa'!$D69*100 -> 5.734173 | K63: =('Kubiņu masa'!K69-'Kubiņu masa'!$D69)/'Kubiņu masa'!$D69*100 -> 7.0599934 | ... U63: =('Kubiņu masa'!U69-'Kubiņu masa'!$D69)/'Kubiņu masa'!$D69*100 -> 16.672191
C64: 270 | D64: =('Kubiņu masa'!D70-'Kubiņu masa'!$D70)/'Kubiņu masa'!$D70*100 -> 0 | E64: =('Kubiņu masa'!E70-'Kubiņu masa'!$D70)/'Kubiņu masa'!$D70*100 -> 5.016538 | F64: =('Kubiņu masa'!F70-'Kubiņu masa'!$D70)/'Kubiņu masa'!$D70*100 -> 5.016538 | G64: =('Kubiņu masa'!G70-'Kubiņu masa'!$D70)/'Kubiņu masa'!$D70*100 -> 5.8434399 | H64: =('Kubiņu masa'!H70-'Kubiņu masa'!$D70)/'Kubiņu masa'!$D70*100 -> 5.292172 | I64: =('Kubiņu masa'!I70-'Kubiņu masa'!$D70)/'Kubiņu masa'!$D70*100 -> 6.3947078 | J64: =('Kubiņu masa'!J70-'Kubiņu masa'!$D70)/'Kubiņu masa'!$D70*100 -> 6.1190739 | K64: =('Kubiņu masa'!K70-'Kubiņu masa'!$D70)/'Kubiņu masa'!$D70*100 -> 8.0485116 | ... U64: =('Kubiņu masa'!U70-'Kubiņu masa'!$D70)/'Kubiņu masa'!$D70*100 -> 19.349504
B65: Saz33 | C65: 274 | D65: =('Kubiņu masa'!D71-'Kubiņu masa'!$D71)/'Kubiņu masa'!$D71*100 -> 0 | E65: =('Kubiņu masa'!E71-'Kubiņu masa'!$D71)/'Kubiņu masa'!$D71*100 -> 5.5711015 | F65: =('Kubiņu masa'!F71-'Kubiņu masa'!$D71)/'Kubiņu masa'!$D71*100 -> 5.5711015 | G65: =('Kubiņu masa'!G71-'Kubiņu masa'!$D71)/'Kubiņu masa'!$D71*100 -> 5.8254897 | H65: =('Kubiņu masa'!H71-'Kubiņu masa'!$D71)/'Kubiņu masa'!$D71*100 -> 6.5886543 | I65: =('Kubiņu masa'!I71-'Kubiņu masa'!$D71)/'Kubiņu masa'!$D71*100 -> 6.8430425 | J65: =('Kubiņu masa'!J71-'Kubiņu masa'!$D71)/'Kubiņu masa'!$D71*100 -> 6.5886543 | K65: =('Kubiņu masa'!K71-'Kubiņu masa'!$D71)/'Kubiņu masa'!$D71*100 -> 8.1149835 | ... U65: =('Kubiņu masa'!U71-'Kubiņu masa'!$D71)/'Kubiņu masa'!$D71*100 -> 18.799288
C66: 277 | D66: =('Kubiņu masa'!D72-'Kubiņu masa'!$D72)/'Kubiņu masa'!$D72*100 -> 0 | E66: =('Kubiņu masa'!E72-'Kubiņu masa'!$D72)/'Kubiņu masa'!$D72*100 -> 5.0603648 | F66: =('Kubiņu masa'!F72-'Kubiņu masa'!$D72)/'Kubiņu masa'!$D72*100 -> 5.8309787 | G66: =('Kubiņu masa'!G72-'Kubiņu masa'!$D72)/'Kubiņu masa'!$D72*100 -> 5.8309787 | H66: =('Kubiņu masa'!H72-'Kubiņu masa'!$D72)/'Kubiņu masa'!$D72*100 -> 6.08785 | I66: =('Kubiņu masa'!I72-'Kubiņu masa'!$D72)/'Kubiņu masa'!$D72*100 -> 6.8584639 | J66: =('Kubiņu masa'!J72-'Kubiņu masa'!$D72)/'Kubiņu masa'!$D72*100 -> 6.6015926 | K66: =('Kubiņu masa'!K72-'Kubiņu masa'!$D72)/'Kubiņu masa'!$D72*100 -> 8.1428204 | ... U66: =('Kubiņu masa'!U72-'Kubiņu masa'!$D72)/'Kubiņu masa'!$D72*100 -> 18.160801
C67: 282 | D67: =('Kubiņu masa'!D73-'Kubiņu masa'!$D73)/'Kubiņu masa'!$D73*100 -> 0 | E67: =('Kubiņu masa'!E73-'Kubiņu masa'!$D73)/'Kubiņu masa'!$D73*100 -> 4.9198152 | F67: =('Kubiņu masa'!F73-'Kubiņu masa'!$D73)/'Kubiņu masa'!$D73*100 -> 5.7352541 | G67: =('Kubiņu masa'!G73-'Kubiņu masa'!$D73)/'Kubiņu masa'!$D73*100 -> 6.0070671 | H67: =('Kubiņu masa'!H73-'Kubiņu masa'!$D73)/'Kubiņu masa'!$D73*100 -> 6.2788801 | I67: =('Kubiņu masa'!I73-'Kubiņu masa'!$D73)/'Kubiņu masa'!$D73*100 -> 7.0943191 | J67: =('Kubiņu masa'!J73-'Kubiņu masa'!$D73)/'Kubiņu masa'!$D73*100 -> 6.2788801 | K67: =('Kubiņu masa'!K73-'Kubiņu masa'!$D73)/'Kubiņu masa'!$D73*100 -> 8.4533841 | ... U67: =('Kubiņu masa'!U73-'Kubiņu masa'!$D73)/'Kubiņu masa'!$D73*100 -> 23.131286
B68: Sa42 | C68: 166 | D68: =('Kubiņu masa'!D74-'Kubiņu masa'!$D74)/'Kubiņu masa'!$D74*100 -> 0 | E68: =('Kubiņu masa'!E74-'Kubiņu masa'!$D74)/'Kubiņu masa'!$D74*100 -> 4.3014846 | F68: =('Kubiņu masa'!F74-'Kubiņu masa'!$D74)/'Kubiņu masa'!$D74*100 -> 5.0628093 | G68: =('Kubiņu masa'!G74-'Kubiņu masa'!$D74)/'Kubiņu masa'!$D74*100 -> 5.824134 | H68: =('Kubiņu masa'!H74-'Kubiņu masa'!$D74)/'Kubiņu masa'!$D74*100 -> 5.4434716 | I68: =('Kubiņu masa'!I74-'Kubiņu masa'!$D74)/'Kubiņu masa'!$D74*100 -> 5.824134 | J68: =('Kubiņu masa'!J74-'Kubiņu masa'!$D74)/'Kubiņu masa'!$D74*100 -> 5.0628093 | K68: =('Kubiņu masa'!K74-'Kubiņu masa'!$D74)/'Kubiņu masa'!$D74*100 -> 7.7274458 | ... U68: =('Kubiņu masa'!U74-'Kubiņu masa'!$D74)/'Kubiņu masa'!$D74*100 -> 15.340693
C69: 172 | D69: =('Kubiņu masa'!D75-'Kubiņu masa'!$D75)/'Kubiņu masa'!$D75*100 -> 0 | E69: =('Kubiņu masa'!E75-'Kubiņu masa'!$D75)/'Kubiņu masa'!$D75*100 -> 4.8088779 | F69: =('Kubiņu masa'!F75-'Kubiņu masa'!$D75)/'Kubiņu masa'!$D75*100 -> 5.2198931 | G69: =('Kubiņu masa'!G75-'Kubiņu masa'!$D75)/'Kubiņu masa'!$D75*100 -> 5.6309083 | H69: =('Kubiņu masa'!H75-'Kubiņu masa'!$D75)/'Kubiņu masa'!$D75*100 -> 4.3978627 | I69: =('Kubiņu masa'!I75-'Kubiņu masa'!$D75)/'Kubiņu masa'!$D75*100 -> 6.4529388 | J69: =('Kubiņu masa'!J75-'Kubiņu masa'!$D75)/'Kubiņu masa'!$D75*100 -> 5.2198931 | K69: =('Kubiņu masa'!K75-'Kubiņu masa'!$D75)/'Kubiņu masa'!$D75*100 -> 7.6859844 | ... U69: =('Kubiņu masa'!U75-'Kubiņu masa'!$D75)/'Kubiņu masa'!$D75*100 -> 17.139334
C70: 175 | D70: =('Kubiņu masa'!D76-'Kubiņu masa'!$D76)/'Kubiņu masa'!$D76*100 -> 0 | E70: =('Kubiņu masa'!E76-'Kubiņu masa'!$D76)/'Kubiņu masa'!$D76*100 -> 5.5853099 | F70: =('Kubiņu masa'!F76-'Kubiņu masa'!$D76)/'Kubiņu masa'!$D76*100 -> 5.5853099 | G70: =('Kubiņu masa'!G76-'Kubiņu masa'!$D76)/'Kubiņu masa'!$D76*100 -> 4.055088 | H70: =('Kubiņu masa'!H76-'Kubiņu masa'!$D76)/'Kubiņu masa'!$D76*100 -> 5.2027544 | I70: =('Kubiņu masa'!I76-'Kubiņu masa'!$D76)/'Kubiņu masa'!$D76*100 -> 6.7329763 | J70: =('Kubiņu masa'!J76-'Kubiņu masa'!$D76)/'Kubiņu masa'!$D76*100 -> 6.3504208 | K70: =('Kubiņu masa'!K76-'Kubiņu masa'!$D76)/'Kubiņu masa'!$D76*100 -> 7.8806427 | ... U70: =('Kubiņu masa'!U76-'Kubiņu masa'!$D76)/'Kubiņu masa'!$D76*100 -> 17.827085
B71: Sa43 | C71: 211 | D71: =('Kubiņu masa'!D77-'Kubiņu masa'!$D77)/'Kubiņu masa'!$D77*100 -> 0 | E71: =('Kubiņu masa'!E77-'Kubiņu masa'!$D77)/'Kubiņu masa'!$D77*100 -> 5.3484603 | F71: =('Kubiņu masa'!F77-'Kubiņu masa'!$D77)/'Kubiņu masa'!$D77*100 -> 6.3209076 | G71: =('Kubiņu masa'!G77-'Kubiņu masa'!$D77)/'Kubiņu masa'!$D77*100 -> 5.9967585 | H71: =('Kubiņu masa'!H77-'Kubiņu masa'!$D77)/'Kubiņu masa'!$D77*100 -> 6.9692058 | I71: =('Kubiņu masa'!I77-'Kubiņu masa'!$D77)/'Kubiņu masa'!$D77*100 -> 7.9416532 | J71: =('Kubiņu masa'!J77-'Kubiņu masa'!$D77)/'Kubiņu masa'!$D77*100 -> 6.6450567 | K71: =('Kubiņu masa'!K77-'Kubiņu masa'!$D77)/'Kubiņu masa'!$D77*100 -> 8.5899514 | ... U71: =('Kubiņu masa'!U77-'Kubiņu masa'!$D77)/'Kubiņu masa'!$D77*100 -> 22.852512
C72: 217 | D72: =('Kubiņu masa'!D78-'Kubiņu masa'!$D78)/'Kubiņu masa'!$D78*100 -> 0 | E72: =('Kubiņu masa'!E78-'Kubiņu masa'!$D78)/'Kubiņu masa'!$D78*100 -> 5.586051 | F72: =('Kubiņu masa'!F78-'Kubiņu masa'!$D78)/'Kubiņu masa'!$D78*100 -> 6.2318373 | G72: =('Kubiņu masa'!G78-'Kubiņu masa'!$D78)/'Kubiņu masa'!$D78*100 -> 6.2318373 | H72: =('Kubiņu masa'!H78-'Kubiņu masa'!$D78)/'Kubiņu masa'!$D78*100 -> 6.8776235 | I72: =('Kubiņu masa'!I78-'Kubiņu masa'!$D78)/'Kubiņu masa'!$D78*100 -> 7.5234098 | J72: =('Kubiņu masa'!J78-'Kubiņu masa'!$D78)/'Kubiņu masa'!$D78*100 -> 7.2005166 | K72: =('Kubiņu masa'!K78-'Kubiņu masa'!$D78)/'Kubiņu masa'!$D78*100 -> 9.4607685 | ... U72: =('Kubiņu masa'!U78-'Kubiņu masa'!$D78)/'Kubiņu masa'!$D78*100 -> 21.730707
C73: 223 | D73: =('Kubiņu masa'!D79-'Kubiņu masa'!$D79)/'Kubiņu masa'!$D79*100 -> 0 | E73: =('Kubiņu masa'!E79-'Kubiņu masa'!$D79)/'Kubiņu masa'!$D79*100 -> 5.4131054 | F73: =('Kubiņu masa'!F79-'Kubiņu masa'!$D79)/'Kubiņu masa'!$D79*100 -> 6.4814815 | G73: =('Kubiņu masa'!G79-'Kubiņu masa'!$D79)/'Kubiņu masa'!$D79*100 -> 6.1253561 | H73: =('Kubiņu masa'!H79-'Kubiņu masa'!$D79)/'Kubiņu masa'!$D79*100 -> 6.1253561 | I73: =('Kubiņu masa'!I79-'Kubiņu masa'!$D79)/'Kubiņu masa'!$D79*100 -> 7.5498575 | J73: =('Kubiņu masa'!J79-'Kubiņu masa'!$D79)/'Kubiņu masa'!$D79*100 -> 6.1253561 | K73: =('Kubiņu masa'!K79-'Kubiņu masa'!$D79)/'Kubiņu masa'!$D79*100 -> 7.9059829 | ... U73: =('Kubiņu masa'!U79-'Kubiņu masa'!$D79)/'Kubiņu masa'!$D79*100 -> 20.726496

Sheet Statistikai
A1: Slāņu_skaits | B1: Substrate | C1: id | D1: rh | E1: Date | F1: humidity% | G1: masa | H1: udens | I1: tilpumprocenti
A2: 0 | B2: BSD1 | C2: 316 | D2: 0 | E2: 45608 | F2: 0 | G2: 6.617 | H2: =G2-G2 -> 0 | I2: =H2/27*100 -> 0
A3: 0 | B3: BSD1 | C3: 320 | D3: 0 | E3: 45608 | F3: 0 | G3: 6.473 | H3: =G3-G3 -> 0 | I3: =H3/27*100 -> 0
A4: 0 | B4: BSD1 | C4: 325 | D4: 0 | E4: 45608 | F4: 0 | G4: 6.128 | H4: =G4-G4 -> 0 | I4: =H4/27*100 -> 0
A5: 0 | B5: BSD2 | C5: 332 | D5: 0 | E5: 45608 | F5: 0 | G5: 3.74 | H5: =G5-G5 -> 0 | I5: =H5/27*100 -> 0
A6: 0 | B6: BSD2 | C6: 336 | D6: 0 | E6: 45608 | F6: 0 | G6: 3.827 | H6: =G6-G6 -> 0 | I6: =H6/27*100 -> 0
A7: 0 | B7: BSD2 | C7: 341 | D7: 0 | E7: 45608 | F7: 0 | G7: 3.634 | H7: =G7-G7 -> 0 | I7: =H7/27*100 -> 0
A8: 0 | B8: BSD3 | C8: 348 | D8: 0 | E8: 45608 | F8: 0 | G8: 5.153 | H8: =G8-G8 -> 0 | I8: =H8/27*100 -> 0
A9: 0 | B9: BSD3 | C9: 352 | D9: 0 | E9: 45608 | F9: 0 | G9: 5.241 | H9: =G9-G9 -> 0 | I9: =H9/27*100 -> 0
A10: 0 | B10: BSD3 | C10: 357 | D10: 0 | E10: 45608 | F10: 0 | G10: 5.155 | H10: =G10-G10 -> 0 | I10: =H10/27*100 -> 0
A11: 0 | B11: BSD4 | C11: 368 | D11: 0 | E11: 45608 | F11: 0 | G11: 5.737 | H11: =G11-G11 -> 0 | I11: =H11/27*100 -> 0
A12: 0 | B12: BSD4 | C12: 372 | D12: 0 | E12: 45608 | F12: 0 | G12: 6.177 | H12: =G12-G12 -> 0 | I12: =H12/27*100 -> 0
A13: 0 | B13: BSD4 | C13: 377 | D13: 0 | E13: 45608 | F13: 0 | G13: 6.033 | H13: =G13-G13 -> 0 | I13: =H13/27*100 -> 0
... A70: 4 | B70: WS4 | C70: 223 | D70: 0 | E70: 45608 | F70: 0 | G70: 2.808 | H70: =G70-G70 -> 0 | I70: =H70/27*100 -> 0
A71: 0 | B71: BSD1 | C71: 316 | D71: 50 | E71: 45609 | F71: 5.4858697 | G71: 6.98 | H71: =G71-G2 -> 0.363 | I71: =H71/27*100 -> 1.3444444
A72: 0 | B72: BSD1 | C72: 320 | D72: 50 | E72: 45609 | F72: 5.6697049 | G72: 6.84 | H72: =G72-G3 -> 0.367 | I72: =H72/27*100 -> 1.3592593
A73: 0 | B73: BSD1 | C73: 325 | D73: 50 | E73: 45609 | F73: 5.4177546 | G73: 6.46 | H73: =G73-G4 -> 0.332 | I73: =H73/27*100 -> 1.2296296
A74: 0 | B74: BSD2 | C74: 332 | D74: 50 | E74: 45609 | F74: 5.3475936 | G74: 3.94 | H74: =G74-G5 -> 0.2 | I74: =H74/27*100 -> 0.74074074
A75: 0 | B75: BSD2 | C75: 336 | D75: 50 | E75: 45609 | F75: 5.5657173 | G75: 4.04 | H75: =G75-G6 -> 0.213 | I75: =H75/27*100 -> 0.78888889
A76: 0 | B76: BSD2 | C76: 341 | D76: 50 | E76: 45609 | F76: 5.6686846 | G76: 3.84 | H76: =G76-G7 -> 0.206 | I76: =H76/27*100 -> 0.76296296
A77: 0 | B77: BSD3 | C77: 348 | D77: 50 | E77: 45609 | F77: 4.987386 | G77: 5.41 | H77: =G77-G8 -> 0.257 | I77: =H77/27*100 -> 0.95185185
A78: 0 | B78: BSD3 | C78: 352 | D78: 50 | E78: 45609 | F78: 5.7050181 | G78: 5.54 | H78: =G78-G9 -> 0.299 | I78: =H78/27*100 -> 1.1074074
A79: 0 | B79: BSD3 | C79: 357 | D79: 50 | E79: 45609 | F79: 5.3346266 | G79: 5.43 | H79: =G79-G10 -> 0.275 | I79: =H79/27*100 -> 1.0185185
A80: 0 | B80: BSD4 | C80: 368 | D80: 50 | E80: 45609 | F80: 5.4558131 | G80: 6.05 | H80: =G80-G11 -> 0.313 | I80: =H80/27*100 -> 1.1592593
A81: 0 | B81: BSD4 | C81: 372 | D81: 50 | E81: 45609 | F81: 5.7147483 | G81: 6.53 | H81: =G81-G12 -> 0.353 | I81: =H81/27*100 -> 1.3074074
A82: 0 | B82: BSD4 | C82: 377 | D82: 50 | E82: 45609 | F82: 4.9229239 | G82: 6.33 | H82: =G82-G13 -> 0.297 | I82: =H82/27*100 -> 1.1
... A139: 4 | B139: WS4 | C139: 223 | D139: 50 | E139: 45609 | F139: 5.4131054 | G139: 2.96 | H139: =G139-G70 -> 0.152 | I139: =H139/27*100 -> 0.56296296
A140: 0 | B140: BSD1 | C140: 316 | D140: 50 | E140: 45611 | F140: 5.4858697 | G140: 6.98 | H140: =G140-G2 -> 0.363 | I140: =H140/27*100 -> 1.3444444
A141: 0 | B141: BSD1 | C141: 320 | D141: 50 | E141: 45611 | F141: 5.6697049 | G141: 6.84 | H141: =G141-G3 -> 0.367 | I141: =H141/27*100 -> 1.3592593
A142: 0 | B142: BSD1 | C142: 325 | D142: 50 | E142: 45611 | F142: 5.4177546 | G142: 6.46 | H142: =G142-G4 -> 0.332 | I142: =H142/27*100 -> 1.2296296
A143: 0 | B143: BSD2 | C143: 332 | D143: 50 | E143: 45611 | F143: 5.3475936 | G143: 3.94 | H143: =G143-G5 -> 0.2 | I143: =H143/27*100 -> 0.74074074
A144: 0 | B144: BSD2 | C144: 336 | D144: 50 | E144: 45611 | F144: 5.5657173 | G144: 4.04 | H144: =G144-G6 -> 0.213 | I144: =H144/27*100 -> 0.78888889
A145: 0 | B145: BSD2 | C145: 341 | D145: 50 | E145: 45611 | F145: 5.3935058 | G145: 3.83 | H145: =G145-G7 -> 0.196 | I145: =H145/27*100 -> 0.72592593
A146: 0 | B146: BSD3 | C146: 348 | D146: 50 | E146: 45611 | F146: 5.3755094 | G146: 5.43 | H146: =G146-G8 -> 0.277 | I146: =H146/27*100 -> 1.0259259
A147: 0 | B147: BSD3 | C147: 352 | D147: 50 | E147: 45611 | F147: 5.3234116 | G147: 5.52 | H147: =G147-G9 -> 0.279 | I147: =H147/27*100 -> 1.0333333
A148: 0 | B148: BSD3 | C148: 357 | D148: 50 | E148: 45611 | F148: 4.7526673 | G148: 5.4 | H148: =G148-G10 -> 0.245 | I148: =H148/27*100 -> 0.90740741
A149: 0 | B149: BSD4 | C149: 368 | D149: 50 | E149: 45611 | F149: 4.9328918 | G149: 6.02 | H149: =G149-G11 -> 0.283 | I149: =H149/27*100 -> 1.0481481
A150: 0 | B150: BSD4 | C150: 372 | D150: 50 | E150: 45611 | F150: 5.0671847 | G150: 6.49 | H150: =G150-G12 -> 0.313 | I150: =H150/27*100 -> 1.1592593
A151: 0 | B151: BSD4 | C151: 377 | D151: 50 | E151: 45611 | F151: 4.9229239 | G151: 6.33 | H151: =G151-G13 -> 0.297 | I151: =H151/27*100 -> 1.1
... A208: 4 | B208: WS4 | C208: 223 | D208: 50 | E208: 45611 | F208: 6.4814815 | G208: 2.99 | H208: =G208-G70 -> 0.182 | I208: =H208/27*100 -> 0.67407407
A209: 0 | B209: BSD1 | C209: 316 | D209: 50 | E209: 45615 | F209: 5.183618 | G209: 6.96 | H209: =G209-G2 -> 0.343 | I209: =H209/27*100 -> 1.2703704
A210: 0 | B210: BSD1 | C210: 320 | D210: 50 | E210: 45615 | F210: 5.5152171 | G210: 6.83 | H210: =G210-G3 -> 0.357 | I210: =H210/27*100 -> 1.3222222
A211: 0 | B211: BSD1 | C211: 325 | D211: 50 | E211: 45615 | F211: 5.5809399 | G211: 6.47 | H211: =G211-G4 -> 0.342 | I211: =H211/27*100 -> 1.2666667
A212: 0 | B212: BSD2 | C212: 332 | D212: 50 | E212: 45615 | F212: 4.5454545 | G212: 3.91 | H212: =G212-G5 -> 0.17 | I212: =H212/27*100 -> 0.62962963
A213: 0 | B213: BSD2 | C213: 336 | D213: 50 | E213: 45615 | F213: 5.0431147 | G213: 4.02 | H213: =G213-G6 -> 0.193 | I213: =H213/27*100 -> 0.71481481
A214: 0 | B214: BSD2 | C214: 341 | D214: 50 | E214: 45615 | F214: 5.3935058 | G214: 3.83 | H214: =G214-G7 -> 0.196 | I214: =H214/27*100 -> 0.72592593
A215: 0 | B215: BSD3 | C215: 348 | D215: 50 | E215: 45615 | F215: 5.1814477 | G215: 5.42 | H215: =G215-G8 -> 0.267 | I215: =H215/27*100 -> 0.98888889
A216: 0 | B216: BSD3 | C216: 352 | D216: 50 | E216: 45615 | F216: 5.3234116 | G216: 5.52 | H216: =G216-G9 -> 0.279 | I216: =H216/27*100 -> 1.0333333
A217: 0 | B217: BSD3 | C217: 357 | D217: 50 | E217: 45615 | F217: 5.3346266 | G217: 5.43 | H217: =G217-G10 -> 0.275 | I217: =H217/27*100 -> 1.0185185
A218: 0 | B218: BSD4 | C218: 368 | D218: 50 | E218: 45615 | F218: 5.281506 | G218: 6.04 | H218: =G218-G11 -> 0.303 | I218: =H218/27*100 -> 1.1222222
A219: 0 | B219: BSD4 | C219: 372 | D219: 50 | E219: 45615 | F219: 5.3909665 | G219: 6.51 | H219: =G219-G12 -> 0.333 | I219: =H219/27*100 -> 1.2333333
A220: 0 | B220: BSD4 | C220: 377 | D220: 50 | E220: 45615 | F220: 5.2544339 | G220: 6.35 | H220: =G220-G13 -> 0.317 | I220: =H220/27*100 -> 1.1740741
... A277: 4 | B277: WS4 | C277: 223 | D277: 50 | E277: 45615 | F277: 6.1253561 | G277: 2.98 | H277: =G277-G70 -> 0.172 | I277: =H277/27*100 -> 0.63703704
A278: 0 | B278: BSD1 | C278: 316 | D278: 60 | E278: 45616 | F278: 6.3926251 | G278: 7.04 | H278: =G278-G2 -> 0.423 | I278: =H278/27*100 -> 1.5666667
A279: 0 | B279: BSD1 | C279: 320 | D279: 60 | E279: 45616 | F279: 6.4421443 | G279: 6.89 | H279: =G279-G3 -> 0.417 | I279: =H279/27*100 -> 1.5444444
A280: 0 | B280: BSD1 | C280: 325 | D280: 60 | E280: 45616 | F280: 5.2545692 | G280: 6.45 | H280: =G280-G4 -> 0.322 | I280: =H280/27*100 -> 1.1925926
A281: 0 | B281: BSD2 | C281: 332 | D281: 60 | E281: 45616 | F281: 5.3475936 | G281: 3.94 | H281: =G281-G5 -> 0.2 | I281: =H281/27*100 -> 0.74074074
A282: 0 | B282: BSD2 | C282: 336 | D282: 60 | E282: 45616 | F282: 6.3496211 | G282: 4.07 | H282: =G282-G6 -> 0.243 | I282: =H282/27*100 -> 0.9
A283: 0 | B283: BSD2 | C283: 341 | D283: 60 | E283: 45616 | F283: 6.2190424 | G283: 3.86 | H283: =G283-G7 -> 0.226 | I283: =H283/27*100 -> 0.83703704
A284: 0 | B284: BSD3 | C284: 348 | D284: 60 | E284: 45616 | F284: 5.5695711 | G284: 5.44 | H284: =G284-G8 -> 0.287 | I284: =H284/27*100 -> 1.062963
A285: 0 | B285: BSD3 | C285: 352 | D285: 60 | E285: 45616 | F285: 6.0866247 | G285: 5.56 | H285: =G285-G9 -> 0.319 | I285: =H285/27*100 -> 1.1814815
A286: 0 | B286: BSD3 | C286: 357 | D286: 60 | E286: 45616 | F286: 6.3045587 | G286: 5.48 | H286: =G286-G10 -> 0.325 | I286: =H286/27*100 -> 1.2037037
A287: 0 | B287: BSD4 | C287: 368 | D287: 60 | E287: 45616 | F287: 6.3273488 | G287: 6.1 | H287: =G287-G11 -> 0.363 | I287: =H287/27*100 -> 1.3444444
A288: 0 | B288: BSD4 | C288: 372 | D288: 60 | E288: 45616 | F288: 6.5242027 | G288: 6.58 | H288: =G288-G12 -> 0.403 | I288: =H288/27*100 -> 1.4925926
A289: 0 | B289: BSD4 | C289: 377 | D289: 60 | E289: 45616 | F289: 6.414719 | G289: 6.42 | H289: =G289-G13 -> 0.387 | I289: =H289/27*100 -> 1.4333333
... A346: 4 | B346: WS4 | C346: 223 | D346: 60 | E346: 45616 | F346: 6.1253561 | G346: 2.98 | H346: =G346-G70 -> 0.172 | I346: =H346/27*100 -> 0.63703704
A347: 0 | B347: BSD1 | C347: 316 | D347: 60 | E347: 45618 | F347: 6.5437509 | G347: 7.05 | H347: =G347-G2 -> 0.433 | I347: =H347/27*100 -> 1.6037037
A348: 0 | B348: BSD1 | C348: 320 | D348: 60 | E348: 45618 | F348: 6.9056079 | G348: 6.92 | H348: =G348-G3 -> 0.447 | I348: =H348/27*100 -> 1.6555556
A349: 0 | B349: BSD1 | C349: 325 | D349: 60 | E349: 45618 | F349: 6.7232376 | G349: 6.54 | H349: =G349-G4 -> 0.412 | I349: =H349/27*100 -> 1.5259259
A350: 0 | B350: BSD2 | C350: 332 | D350: 60 | E350: 45618 | F350: 6.9518717 | G350: 4 | H350: =G350-G5 -> 0.26 | I350: =H350/27*100 -> 0.96296296
A351: 0 | B351: BSD2 | C351: 336 | D351: 60 | E351: 45618 | F351: 6.8722237 | G351: 4.09 | H351: =G351-G6 -> 0.263 | I351: =H351/27*100 -> 0.97407407
A352: 0 | B352: BSD2 | C352: 341 | D352: 60 | E352: 45618 | F352: 6.2190424 | G352: 3.86 | H352: =G352-G7 -> 0.226 | I352: =H352/27*100 -> 0.83703704
A353: 0 | B353: BSD3 | C353: 348 | D353: 60 | E353: 45618 | F353: 6.1517563 | G353: 5.47 | H353: =G353-G8 -> 0.317 | I353: =H353/27*100 -> 1.1740741
A354: 0 | B354: BSD3 | C354: 352 | D354: 60 | E354: 45618 | F354: 6.4682313 | G354: 5.58 | H354: =G354-G9 -> 0.339 | I354: =H354/27*100 -> 1.2555556
A355: 0 | B355: BSD3 | C355: 357 | D355: 60 | E355: 45618 | F355: 6.3045587 | G355: 5.48 | H355: =G355-G10 -> 0.325 | I355: =H355/27*100 -> 1.2037037
A356: 0 | B356: BSD4 | C356: 368 | D356: 60 | E356: 45618 | F356: 6.8502702 | G356: 6.13 | H356: =G356-G11 -> 0.393 | I356: =H356/27*100 -> 1.4555556
A357: 0 | B357: BSD4 | C357: 372 | D357: 60 | E357: 45618 | F357: 6.8479845 | G357: 6.6 | H357: =G357-G12 -> 0.423 | I357: =H357/27*100 -> 1.5666667
A358: 0 | B358: BSD4 | C358: 377 | D358: 60 | E358: 45618 | F358: 6.7462291 | G358: 6.44 | H358: =G358-G13 -> 0.407 | I358: =H358/27*100 -> 1.5074074
... A415: 4 | B415: WS4 | C415: 223 | D415: 60 | E415: 45618 | F415: 7.5498575 | G415: 3.02 | H415: =G415-G70 -> 0.212 | I415: =H415/27*100 -> 0.78518519
A416: 0 | B416: BSD1 | C416: 316 | D416: 60 | E416: 45621 | F416: 6.5437509 | G416: 7.05 | H416: =G416-G2 -> 0.433 | I416: =H416/27*100 -> 1.6037037
A417: 0 | B417: BSD1 | C417: 320 | D417: 60 | E417: 45621 | F417: 6.9056079 | G417: 6.92 | H417: =G417-G3 -> 0.447 | I417: =H417/27*100 -> 1.6555556
A418: 0 | B418: BSD1 | C418: 325 | D418: 60 | E418: 45621 | F418: 6.7232376 | G418: 6.54 | H418: =G418-G4 -> 0.412 | I418: =H418/27*100 -> 1.5259259
A419: 0 | B419: BSD2 | C419: 332 | D419: 60 | E419: 45621 | F419: 6.1497326 | G419: 3.97 | H419: =G419-G5 -> 0.23 | I419: =H419/27*100 -> 0.85185185
A420: 0 | B420: BSD2 | C420: 336 | D420: 60 | E420: 45621 | F420: 6.3496211 | G420: 4.07 | H420: =G420-G6 -> 0.243 | I420: =H420/27*100 -> 0.9
A421: 0 | B421: BSD2 | C421: 341 | D421: 60 | E421: 45621 | F421: 5.9438635 | G421: 3.85 | H421: =G421-G7 -> 0.216 | I421: =H421/27*100 -> 0.8
A422: 0 | B422: BSD3 | C422: 348 | D422: 60 | E422: 45621 | F422: 5.9576945 | G422: 5.46 | H422: =G422-G8 -> 0.307 | I422: =H422/27*100 -> 1.137037
A423: 0 | B423: BSD3 | C423: 352 | D423: 60 | E423: 45621 | F423: 6.277428 | G423: 5.57 | H423: =G423-G9 -> 0.329 | I423: =H423/27*100 -> 1.2185185
A424: 0 | B424: BSD3 | C424: 357 | D424: 60 | E424: 45621 | F424: 6.4985451 | G424: 5.49 | H424: =G424-G10 -> 0.335 | I424: =H424/27*100 -> 1.2407407
A425: 0 | B425: BSD4 | C425: 368 | D425: 60 | E425: 45621 | F425: 6.675963 | G425: 6.12 | H425: =G425-G11 -> 0.383 | I425: =H425/27*100 -> 1.4185185
A426: 0 | B426: BSD4 | C426: 372 | D426: 60 | E426: 45621 | F426: 6.5242027 | G426: 6.58 | H426: =G426-G12 -> 0.403 | I426: =H426/27*100 -> 1.4925926
A427: 0 | B427: BSD4 | C427: 377 | D427: 60 | E427: 45621 | F427: 6.7462291 | G427: 6.44 | H427: =G427-G13 -> 0.407 | I427: =H427/27*100 -> 1.5074074
... A484: 4 | B484: WS4 | C484: 223 | D484: 60 | E484: 45621 | F484: 6.1253561 | G484: 2.98 | H484: =G484-G70 -> 0.172 | I484: =H484/27*100 -> 0.63703704
A485: 0 | B485: BSD1 | C485: 316 | D485: 70 | E485: 45622 | F485: 8.0550098 | G485: 7.15 | H485: =G485-G2 -> 0.533 | I485: =H485/27*100 -> 1.9740741
A486: 0 | B486: BSD1 | C486: 320 | D486: 70 | E486: 45622 | F486: 7.987023 | G486: 6.99 | H486: =G486-G3 -> 0.517 | I486: =H486/27*100 -> 1.9148148
A487: 0 | B487: BSD1 | C487: 325 | D487: 70 | E487: 45622 | F487: 7.8655352 | G487: 6.61 | H487: =G487-G4 -> 0.482 | I487: =H487/27*100 -> 1.7851852
A488: 0 | B488: BSD2 | C488: 332 | D488: 70 | E488: 45622 | F488: 7.486631 | G488: 4.02 | H488: =G488-G5 -> 0.28 | I488: =H488/27*100 -> 1.037037
A489: 0 | B489: BSD2 | C489: 336 | D489: 70 | E489: 45622 | F489: 8.1787301 | G489: 4.14 | H489: =G489-G6 -> 0.313 | I489: =H489/27*100 -> 1.1592593
A490: 0 | B490: BSD2 | C490: 341 | D490: 70 | E490: 45622 | F490: 7.8701156 | G490: 3.92 | H490: =G490-G7 -> 0.286 | I490: =H490/27*100 -> 1.0592593
A491: 0 | B491: BSD3 | C491: 348 | D491: 70 | E491: 45622 | F491: 7.5101882 | G491: 5.54 | H491: =G491-G8 -> 0.387 | I491: =H491/27*100 -> 1.4333333
A492: 0 | B492: BSD3 | C492: 352 | D492: 70 | E492: 45622 | F492: 7.8038542 | G492: 5.65 | H492: =G492-G9 -> 0.409 | I492: =H492/27*100 -> 1.5148148
...

Sheet Mean_SD
A1: slanu_skaits | B1: substrats | C1: gaisa_mitrums | D1: mean_udens_sat | E1: sd_udens_sat
A2: 0 | B2: BSD1 | C2: 50 | D2: 5.5788382 | E2: 0.091935619
A3: 0 | B3: BSD1 | C3: 60 | D3: 6.7241988 | E3: 0.1809304
A4: 0 | B4: BSD1 | C4: 70 | D4: 7.9691894 | E4: 0.095987932
A5: 0 | B5: BSD1 | C5: 80 | D5: 11.146013 | E5: 0.078230319
A6: 0 | B6: BSD1 | C6: 90 | D6: 16.45907 | E6: 0.23186471
A7: 0 | B7: BSD1 | C7: 95 | D7: 20.092633 | E7: 0.13314303
A8: 0 | B8: BSD2 | C8: 50 | D8: 5.5273318 | E8: 0.16395106
A9: 0 | B9: BSD2 | C9: 60 | D9: 6.6810459 | E9: 0.40208381
A10: 0 | B10: BSD2 | C10: 70 | D10: 7.8451589 | E10: 0.34672382
A11: 0 | B11: BSD2 | C11: 80 | D11: 11.062624 | E11: 0.10517531
A12: 0 | B12: BSD2 | C12: 90 | D12: 16.86847 | E12: 0.32944708
A13: 0 | B13: BSD2 | C13: 95 | D13: 20.798069 | E13: 0.31339337
... A139: 4 | B139: WSz3 | C139: 95 | D139: 24.851177 | E139: 0.64968916
