Workbook

Sheet Kubiņu masa
B1: 24.11.25
E2: mo-abs sausa, žavskapī 50C/3h
B4: Gaisa mitrums: | D4: 0 | E4: 0.5 | G4: 0.6 | I4: 0.7 | K4: 0.8 | N4: 0.9 | Q4: pelējuma augšana 95% rh
B5: Temperatūra: | D5: 23oC | E5: 23oC | F5: 23oC | G5: 23oC | H5: 23oC | I5: 23oC | J5: 23oC | K5: 23oC | L5: 23oC | M5: 23oC | N5: 23oC | O5: 23oC | P5: 23oC
B6: Paraugi | D6: 24.11.25 | E6: 45987 | F6: 45989 | G6: 45992 | H6: 45994 | I6: 45999 | J6: 46000 | K6: 46001 | L6: 46006 | M6: 46007 | N6: 46010 | O6: 46013 | P6: 23.20.2025
A7: apstrāde | D7: mo*
A8: sub | B8: Sl1 | C8: 9 | D8: 6.89 | E8: 7.16 | F8: 7.16 | G8: 7.21 | H8: 7.2 | I8: 7.3 | J8: 7.3 | K8: 7.45 | L8: 7.47 | M8: 7.47 | N8: 7.74 | O8: 7.74 | P8: 7.75 | Q8: daudz
C9: 27 | D9: 7.21 | E9: 7.46 | F9: 7.46 | G9: 7.51 | H9: 7.51 | I9: 7.61 | J9: 7.61 | K9: 7.75 | L9: 7.77 | M9: 7.78 | N9: 8.03 | O9: 8.04 | P9: 8.05 | Q9: daudz
C10: 106 | D10: 7.15 | E10: 7.4 | F10: 7.4 | G10: 7.44 | H10: 7.44 | I10: 7.54 | J10: 7.54 | K10: 7.68 | L10: 7.7 | M10: 7.7 | N10: 7.95 | O10: 7.96 | P10: 7.97 | Q10: daudz
B11: Sl2 | C11: 39 | D11: 5.9 | E11: 6.09 | F11: 6.09 | G11: 6.13 | H11: 6.12 | I11: 6.2 | J11: 6.2 | K11: 6.31 | L11: 6.32 | M11: 6.32 | N11: 6.53 | O11: 6.53 | P11: 6.54 | Q11: daudz
C12: 55 | D12: 6.12 | E12: 6.32 | F12: 6.32 | G12: 6.36 | H12: 6.36 | I12: 6.44 | J12: 6.44 | K12: 6.56 | L12: 6.57 | M12: 6.57 | N12: 6.8 | O12: 6.79 | P12: 6.8 | Q12: daudz
C13: 122 | D13: 6.18 | E13: 6.38 | F13: 6.37 | G13: 6.41 | H13: 6.41 | I13: 6.48 | J13: 6.49 | K13: 6.6 | L13: 6.61 | M13: 6.61 | N13: 6.82 | O13: 6.83 | P13: 6.84 | Q13: daudz
B14: Sl3 | C14: 66 | D14: 7.23 | E14: 7.48 | F14: 7.48 | G14: 7.53 | H14: 7.53 | I14: 7.61 | J14: 7.62 | K14: 7.76 | L14: 7.78 | M14: 7.78 | N14: 8.04 | O14: 8.04 | P14: 8.05 | Q14: daudz
C15: 142 | D15: 7.6 | E15: 7.88 | F15: 7.87 | G15: 7.93 | H15: 7.93 | I15: 8.02 | J15: 8.02 | K15: 8.17 | L15: 8.19 | M15: 8.2 | N15: 8.48 | O15: 8.49 | P15: 8.49 | Q15: daudz
C16: 147 | D16: 7.42 | E16: 7.69 | F16: 7.69 | G16: 7.74 | H16: 7.74 | I16: 7.83 | J16: 7.84 | K16: 7.99 | L16: 8.01 | M16: 8 | N16: 8.27 | O16: 8.28 | P16: 8.29 | Q16: daudz
B17: Sl4 | C17: 75 | D17: 7.58 | E17: 7.83 | F17: 7.83 | G17: 7.88 | H17: 7.88 | I17: 7.97 | J17: 7.97 | K17: 8.1 | L17: 8.13 | M17: 8.12 | N17: 8.35 | O17: 8.35 | P17: 8.37 | Q17: maz
C18: 81 | D18: 7.62 | E18: 7.87 | F18: 7.88 | G18: 7.92 | H18: 7.92 | I18: 8.01 | J18: 8.01 | K18: 8.14 | L18: 8.16 | M18: 8.16 | N18: 8.4 | O18: 8.39 | P18: 8.41 | Q18: nav
C19: 91 | D19: 7.82 | E19: 8.07 | F19: 8.07 | G19: 8.12 | H19: 8.12 | I19: 8.21 | J19: 8.21 | K19: 8.34 | L19: 8.37 | M19: 8.36 | N19: 8.59 | O19: 8.6 | P19: 8.61 | Q19: nav
B20: Sa1 | C20: 285 | D20: 3.85 | E20: 3.96 | F20: 3.96 | G20: 3.99 | H20: 3.99 | I20: 4.04 | J20: 4.04 | K20: 4.13 | L20: 4.13 | M20: 4.13 | N20: 4.31 | O20: 4.3 | P20: 4.31 | Q20: daudz
C21: 322 | D21: 3.99 | E21: 4.12 | F21: 4.11 | G21: 4.14 | H21: 4.14 | I21: 4.19 | J21: 4.2 | K21: 4.29 | L21: 4.29 | M21: 4.29 | N21: 4.48 | O21: 4.48 | P21: 4.49 | Q21: daudz
C22: 323 | D22: 4.21 | E22: 4.34 | F22: 4.34 | G22: 4.35 | H22: 4.35 | I22: 4.4 | J22: 4.41 | K22: 4.5 | L22: 4.5 | M22: 4.5 | N22: 4.69 | O22: 4.69 | P22: 4.7 | Q22: daudz
B23: Sa2 | C23: 267 | D23: 4.99 | E23: 5.15 | F23: 5.15 | G23: 5.17 | H23: 5.17 | I23: 5.22 | J23: 5.23 | K23: 5.33 | L23: 5.33 | M23: 5.33 | N23: 5.51 | O23: 5.51 | P23: 5.52 | Q23: daudz
C24: 275 | D24: 4.92 | E24: 5.09 | F24: 5.08 | G24: 5.11 | H24: 5.11 | I24: 5.17 | J24: 5.17 | K24: 5.27 | L24: 5.27 | M24: 5.27 | N24: 5.45 | O24: 5.46 | P24: 5.46 | Q24: daudz
C25: 266 | D25: 5.01 | E25: 5.17 | F25: 5.17 | G25: 5.2 | H25: 5.2 | I25: 5.25 | J25: 5.26 | K25: 5.35 | L25: 5.36 | M25: 5.36 | N25: 5.54 | O25: 5.54 | P25: 5.54 | Q25: daudz
B26: Sa3 | C26: 344 | D26: 5.79 | E26: 6 | F26: 6 | G26: 6.04 | H26: 6.04 | I26: 6.1 | J26: 6.11 | K26: 6.23 | L26: 6.24 | M26: 6.24 | N26: 6.47 | O26: 6.47 | P26: 6.47 | Q26: daudz
C27: 60 | D27: 6.04 | E27: 6.26 | F27: 6.26 | G27: 6.3 | H27: 6.3 | I27: 6.38 | J27: 6.39 | K27: 6.52 | L27: 6.53 | M27: 6.53 | N27: 6.79 | O27: 6.79 | P27: 6.79 | Q27: daudz
C28: 58 | D28: 5.99 | E28: 6.2 | F28: 6.2 | G28: 6.24 | H28: 6.24 | I28: 6.32 | J28: 6.33 | K28: 6.46 | L28: 6.47 | M28: 6.47 | N28: 6.73 | O28: 6.73 | P28: 6.74 | Q28: daudz
B29: Sa4 | C29: 211 | D29: 3.86 | E29: 3.97 | F29: 3.97 | G29: 3.99 | H29: 3.99 | I29: 4.03 | J29: 4.04 | K29: 4.11 | L29: 4.11 | M29: 4.11 | N29: 4.25 | O29: 4.24 | P29: 4.25 | Q29: daudz
C30: 250 | D30: 4.17 | E30: 4.29 | F30: 4.29 | G30: 4.32 | H30: 4.32 | I30: 4.36 | J30: 4.37 | K30: 4.45 | L30: 4.45 | M30: 4.45 | N30: 4.59 | O30: 4.59 | P30: 4.6 | Q30: daudz
C31: 212 | D31: 3.95 | E31: 4.06 | F31: 4.05 | G31: 4.08 | H31: 4.08 | I31: 4.12 | J31: 4.12 | K31: 4.2 | L31: 4.2 | M31: 4.2 | N31: 4.34 | O31: 4.34 | P31: 4.34 | Q31: daudz
A32: hito/sub | B32: Sl1 | C32: 5 | D32: 7.28 | E32: 7.53 | F32: 7.52 | G32: 7.57 | H32: 7.57 | I32: 7.67 | J32: 7.67 | K32: 7.82 | L32: 7.84 | M32: 7.84 | N32: 8.1 | O32: 8.14 | P32: 8.14 | Q32: nav
C33: 17 | D33: 7.26 | E33: 7.49 | F33: 7.49 | G33: 7.54 | H33: 7.54 | I33: 7.63 | J33: 7.63 | K33: 7.78 | L33: 7.8 | M33: 7.81 | N33: 8.06 | O33: 8.09 | P33: 8.09 | Q33: nav
C34: 99 | D34: 7.36 | E34: 7.6 | F34: 7.59 | G34: 7.65 | H34: 7.65 | I34: 7.74 | J34: 7.74 | K34: 7.9 | L34: 7.93 | M34: 7.93 | N34: 8.19 | O34: 8.23 | P34: 8.23 | Q34: nav
B35: Sl2 | C35: 37 | D35: 5.74 | E35: 5.93 | F35: 5.93 | G35: 5.97 | H35: 5.97 | I35: 6.04 | J35: 6.04 | K35: 6.16 | L35: 6.17 | M35: 6.17 | N35: 6.37 | O35: 6.4 | P35: 6.4 | Q35: nav
C36: 53 | D36: 6.24 | E36: 6.44 | F36: 6.44 | G36: 6.48 | H36: 6.48 | I36: 6.56 | J36: 6.56 | K36: 6.69 | L36: 6.71 | M36: 6.71 | N36: 6.93 | O36: 6.96 | P36: 6.96 | Q36: nav
C37: 134 | D37: 5.96 | E37: 6.15 | F37: 6.14 | G37: 6.18 | H37: 6.18 | I37: 6.26 | J37: 6.26 | K37: 6.38 | L37: 6.4 | M37: 6.4 | N37: 6.61 | O37: 6.65 | P37: 6.64 | Q37: nav
B38: Sl3 | C38: 192 | D38: 7.26 | E38: 7.51 | F38: 7.51 | G38: 7.56 | H38: 7.56 | I38: 7.65 | J38: 7.65 | K38: 7.8 | L38: 7.82 | M38: 7.82 | N38: 8.07 | O38: 8.11 | P38: 8.1 | Q38: nav
C39: 143 | D39: 7.39 | E39: 7.65 | F39: 7.65 | G39: 7.71 | H39: 7.71 | I39: 7.81 | J39: 7.81 | K39: 7.97 | L39: 7.99 | M39: 7.99 | N39: 8.26 | O39: 8.3 | P39: 8.3 | Q39: nav
C40: 190 | D40: 7.11 | E40: 7.34 | F40: 7.34 | G40: 7.39 | H40: 7.39 | I40: 7.47 | J40: 7.47 | K40: 7.61 | L40: 7.63 | M40: 7.63 | N40: 7.86 | O40: 7.9 | P40: 7.9 | Q40: nav
B41: Sl4 | C41: 88 | D41: 8.23 | E41: 8.5 | F41: 8.5 | G41: 8.56 | H41: 8.56 | I41: 8.65 | J41: 8.65 | K41: 8.81 | L41: 8.83 | M41: 8.83 | N41: 9.07 | O41: 9.12 | P41: 9.11 | Q41: nav
C42: 169 | D42: 7.9 | E42: 8.16 | F42: 8.15 | G42: 8.2 | H42: 8.2 | I42: 8.29 | J42: 8.29 | K42: 8.45 | L42: 8.47 | M42: 8.46 | N42: 8.7 | O42: 8.75 | P42: 8.74 | Q42: nav
C43: 174 | D43: 7.61 | E43: 7.85 | F43: 7.85 | G43: 7.9 | H43: 7.9 | I43: 7.99 | J43: 7.99 | K43: 8.14 | L43: 8.16 | M43: 8.16 | N43: 8.38 | O43: 8.43 | P43: 8.43 | Q43: maz
B44: sa1 | C44: 108 | D44: 4.03 | E44: 4.14 | F44: 4.14 | G44: 4.17 | H44: 4.17 | I44: 4.22 | J44: 4.22 | K44: 4.3 | L44: 4.3 | M44: 4.3 | N44: 4.46 | O44: 4.48 | P44: 4.48 | Q44: daudz
C45: 287 | D45: 4.68 | E45: 4.81 | F45: 4.8 | G45: 4.84 | H45: 4.84 | I45: 4.9 | J45: 4.9 | K45: 4.98 | L45: 4.99 | M45: 4.98 | N45: 5.13 | O45: 5.16 | P45: 5.15 | Q45: daudz
C46: 328 | D46: 4.23 | E46: 4.34 | F46: 4.34 | G46: 4.37 | H46: 4.37 | I46: 4.43 | J46: 4.43 | K46: 4.51 | L46: 4.52 | M46: 4.51 | N46: 4.67 | O46: 4.7 | P46: 4.7 | Q46: maz
B47: sa2 | C47: 207 | D47: 5.25 | E47: 5.4 | F47: 5.4 | G47: 5.44 | H47: 5.44 | I47: 5.51 | J47: 5.51 | K47: 5.6 | L47: 5.61 | M47: 5.6 | N47: 5.77 | O47: 5.79 | P47: 5.79 | Q47: nav
C48: 314 | D48: 5.4 | E48: 5.55 | F48: 5.55 | G48: 5.59 | H48: 5.59 | I48: 5.67 | J48: 5.67 | K48: 5.76 | L48: 5.77 | M48: 5.77 | N48: 5.94 | O48: 5.97 | P48: 5.96 | Q48: nav
C49: 280 | D49: 5.42 | E49: 5.57 | F49: 5.57 | G49: 5.62 | H49: 5.62 | I49: 5.69 | J49: 5.69 | K49: 5.79 | L49: 5.8 | M49: 5.79 | N49: 5.96 | O49: 6 | P49: 5.99 | Q49: nav
B50: sa3 | C50: 172 | D50: 5.82 | E50: 6 | F50: 6 | G50: 6.05 | H50: 6.05 | I50: 6.13 | J50: 6.13 | K50: 6.24 | L50: 6.25 | M50: 6.25 | N50: 6.45 | O50: 6.47 | P50: 6.47 | Q50: nav
C51: 229 | D51: 5.81 | E51: 6 | F51: 6 | G51: 6.05 | H51: 6.05 | I51: 6.14 | J51: 6.14 | K51: 6.25 | L51: 6.26 | M51: 6.26 | N51: 6.46 | O51: 6.49 | P51: 6.48 | Q51: nav
C52: 349 | D52: 5.83 | E52: 6.02 | F52: 6.02 | G52: 6.07 | H52: 6.07 | I52: 6.16 | J52: 6.16 | K52: 6.27 | L52: 6.28 | M52: 6.28 | N52: 6.5 | O52: 6.52 | P52: 6.52 | Q52: nav
B53: sa4 | C53: 193 | D53: 4.39 | E53: 4.51 | F53: 4.51 | G53: 4.54 | H53: 4.54 | I53: 4.6 | J53: 4.6 | K53: 4.68 | L53: 4.69 | M53: 4.69 | N53: 4.84 | O53: 4.86 | P53: 4.86 | Q53: nav
C54: 161 | D54: 4.35 | E54: 4.45 | F54: 4.45 | G54: 4.49 | H54: 4.49 | I54: 4.54 | J54: 4.54 | K54: 4.62 | L54: 4.62 | M54: 4.62 | N54: 4.76 | O54: 4.78 | P54: 4.78 | Q54: nav
C55: 218 | D55: 4.19 | E55: 4.29 | F55: 4.29 | G55: 4.32 | H55: 4.33 | I55: 4.38 | J55: 4.38 | K55: 4.45 | L55: 4.45 | M55: 4.45 | N55: 4.59 | O55: 4.6 | P55: 4.6 | Q55: nav
A56: references | B56: Sap | C56: 32 | D56: 15.26 | E56: 15.87 | F56: 15.88 | G56: 16.03 | H56: 16.04 | I56: 16.35 | J56: 16.35 | K56: 16.62 | L56: 16.82 | M56: 16.83 | N56: 17.49 | O56: 17.64 | P56: 17.67 | Q56: maz
C57: 33 | D57: 15.56 | E57: 16.14 | F57: 16.15 | G57: 16.3 | H57: 16.31 | I57: 16.63 | J57: 16.64 | K57: 16.91 | L57: 17.1 | M57: 17.11 | N57: 17.72 | O57: 17.86 | P57: 17.88 | Q57: maz
C58: 34 | D58: 16.02 | E58: 16.59 | F58: 16.61 | G58: 16.75 | H58: 16.76 | I58: 17.08 | J58: 17.09 | K58: 17.39 | L58: 17.57 | M58: 17.58 | N58: 18.21 | O58: 18.36 | P58: 18.37 | Q58: maz
B59: mMDF | C59: 50 | D59: 15.22 | E59: 15.65 | F59: 15.65 | G59: 15.72 | H59: 15.72 | I59: 15.91 | J59: 15.92 | K59: 16.16 | L59: 16.35 | M59: 16.35 | N59: 16.75 | O59: 16.86 | P59: 16.87 | Q59: maz
C60: 51 | D60: 14.98 | E60: 15.41 | F60: 15.41 | G60: 15.48 | H60: 15.48 | I60: 15.66 | J60: 15.67 | K60: 15.9 | L60: 16.09 | M60: 16.09 | N60: 16.49 | O60: 16.59 | P60: 16.61 | Q60: maz
C61: 52 | D61: 15.07 | E61: 15.51 | F61: 15.51 | G61: 15.58 | H61: 15.59 | I61: 15.76 | J61: 15.77 | K61: 15.99 | L61: 16.18 | M61: 16.18 | N61: 16.59 | O61: 16.71 | P61: 16.71 | Q61: maz
B62: Laminēta skaidu plātne | C62: 8 | D62: 13.28 | E62: 13.71 | F62: 13.72 | G62: 13.81 | H62: 13.82 | I62: 14.03 | J62: 14.03 | K62: 14.23 | L62: 14.36 | M62: 14.36 | N62: 14.71 | O62: 14.82 | P62: 14.83 | Q62: maz
C63: 9 | D63: 13.15 | E63: 13.59 | F63: 13.59 | G63: 13.69 | H63: 13.69 | I63: 13.9 | J63: 13.9 | K63: 14.08 | L63: 14.23 | M63: 14.24 | N63: 14.56 | O63: 14.68 | P63: 14.69 | Q63: nav
C64: 10 | D64: 13.07 | E64: 13.52 | F64: 13.52 | G64: 13.61 | H64: 13.62 | I64: 13.83 | J64: 13.83 | K64: 14.01 | L64: 14.15 | M64: 14.15 | N64: 14.51 | O64: 14.61 | P64: 14.62 | Q64: maz
B65: Mitrumizturīga skaidu plātne | C65: 38 | D65: 13.35 | E65: 13.86 | F65: 13.86 | G65: 13.96 | H65: 13.96 | I65: 14.17 | J65: 14.18 | K65: 14.38 | L65: 14.51 | M65: 14.51 | N65: 14.88 | O65: 14.96 | P65: 14.97 | Q65: maz
C66: 39 | D66: 13.31 | E66: 13.8 | F66: 13.81 | G66: 13.9 | H66: 13.91 | I66: 14.11 | J66: 14.12 | K66: 14.31 | L66: 14.45 | M66: 14.45 | N66: 14.82 | O66: 14.9 | P66: 14.92 | Q66: maz
C67: 40 | D67: 13.48 | E67: 13.98 | F67: 13.99 | G67: 14.08 | H67: 14.08 | I67: 14.29 | J67: 14.3 | K67: 14.51 | L67: 14.63 | M67: 14.64 | N67: 15.01 | O67: 15.09 | P67: 15.1 | Q67: maz
B68: Laminēts MDF | C68: 45 | D68: 16.37 | E68: 16.81 | F68: 16.82 | G68: 16.89 | H68: 16.89 | I68: 17.11 | J68: 17.12 | K68: 17.34 | L68: 17.52 | M68: 17.52 | N68: 17.96 | O68: 18.08 | P68: 18.08 | Q68: nav
C69: 46 | D69: 16.33 | E69: 16.77 | F69: 16.78 | G69: 16.84 | H69: 16.85 | I69: 17.06 | J69: 17.07 | K69: 17.31 | L69: 17.48 | M69: 17.49 | N69: 17.93 | O69: 18.05 | P69: 18.06 | Q69: nav
B70: MDF | C70: 26 | D70: 14.85 | E70: 15.37 | F70: 15.38 | G70: 15.46 | H70: 15.47 | I70: 15.72 | J70: 15.73 | K70: 15.99 | L70: 16.1 | M70: 16.11 | N70: 16.58 | O70: 16.68 | P70: 16.68 | Q70: daudz
C71: 27 | D71: 14.75 | E71: 15.27 | F71: 15.28 | G71: 15.36 | H71: 15.36 | I71: 15.61 | J71: 15.62 | K71: 15.88 | L71: 16 | M71: 16 | N71: 16.5 | O71: 16.58 | P71: 16.59 | Q71: daudz
C72: 28 | D72: 14.86 | E72: 15.38 | F72: 15.39 | G72: 15.47 | H72: 15.47 | I72: 15.73 | J72: 15.74 | K72: 15.98 | L72: 16.12 | M72: 16.12 | N72: 16.62 | O72: 16.7 | P72: 16.71 | Q72: daudz

Sheet Masas izmaiņa %
B1: Gaisa mitrums: | D1: 0 | E1: 0.5 | G1: 0.6 | I1: 0.7 | K1: 0.8 | N1: 0.9 | Q1: pelējuma augšana 95% rh
B2: Temperatūra: | D2: 23oC | E2: 23oC | F2: 23oC | G2: 23oC | H2: 23oC | I2: 23oC | J2: 23oC | K2: 23oC | L2: 23oC | M2: 23oC | N2: 23oC | O2: 23oC | P2: 23oC
B3: Paraugi | D3: 24.11.25 | E3: 45987 | F3: 45989 | G3: 45992 | H3: 45994 | I3: 45999 | J3: 46000 | K3: 46001 | L3: 46006 | M3: 46007 | N3: 46010 | O3: 46013 | P3: 23.20.2025
A4: apstrāde | D4: mo*
A5: sub | B5: Sl1 | C5: 9 | D5: =('Kubiņu masa'!D8-'Kubiņu masa'!$D8)/'Kubiņu masa'!$D8*100 -> 0 | E5: =('Kubiņu masa'!E8-'Kubiņu masa'!$D8)/'Kubiņu masa'!$D8*100 -> 3.9187228 | F5: =('Kubiņu masa'!F8-'Kubiņu masa'!$D8)/'Kubiņu masa'!$D8*100 -> 3.9187228 | G5: =('Kubiņu masa'!G8-'Kubiņu masa'!$D8)/'Kubiņu masa'!$D8*100 -> 4.6444122 | H5: =('Kubiņu masa'!H8-'Kubiņu masa'!$D8)/'Kubiņu masa'!$D8*100 -> 4.4992743 | I5: =('Kubiņu masa'!I8-'Kubiņu masa'!$D8)/'Kubiņu masa'!$D8*100 -> 5.9506531 | J5: =('Kubiņu masa'!J8-'Kubiņu masa'!$D8)/'Kubiņu masa'!$D8*100 -> 5.9506531 | K5: =('Kubiņu masa'!K8-'Kubiņu masa'!$D8)/'Kubiņu masa'!$D8*100 -> 8.1277213 | ... P5: =('Kubiņu masa'!P8-'Kubiņu masa'!$D8)/'Kubiņu masa'!$D8*100 -> 12.481858 | Q5: daudz
C6: 27 | D6: =('Kubiņu masa'!D9-'Kubiņu masa'!$D9)/'Kubiņu masa'!$D9*100 -> 0 | E6: =('Kubiņu masa'!E9-'Kubiņu masa'!$D9)/'Kubiņu masa'!$D9*100 -> 3.4674064 | F6: =('Kubiņu masa'!F9-'Kubiņu masa'!$D9)/'Kubiņu masa'!$D9*100 -> 3.4674064 | G6: =('Kubiņu masa'!G9-'Kubiņu masa'!$D9)/'Kubiņu masa'!$D9*100 -> 4.1608877 | H6: =('Kubiņu masa'!H9-'Kubiņu masa'!$D9)/'Kubiņu masa'!$D9*100 -> 4.1608877 | I6: =('Kubiņu masa'!I9-'Kubiņu masa'!$D9)/'Kubiņu masa'!$D9*100 -> 5.5478502 | J6: =('Kubiņu masa'!J9-'Kubiņu masa'!$D9)/'Kubiņu masa'!$D9*100 -> 5.5478502 | K6: =('Kubiņu masa'!K9-'Kubiņu masa'!$D9)/'Kubiņu masa'!$D9*100 -> 7.4895978 | ... P6: =('Kubiņu masa'!P9-'Kubiņu masa'!$D9)/'Kubiņu masa'!$D9*100 -> 11.650485 | Q6: daudz
C7: 106 | D7: =('Kubiņu masa'!D10-'Kubiņu masa'!$D10)/'Kubiņu masa'!$D10*100 -> 0 | E7: =('Kubiņu masa'!E10-'Kubiņu masa'!$D10)/'Kubiņu masa'!$D10*100 -> 3.4965035 | F7: =('Kubiņu masa'!F10-'Kubiņu masa'!$D10)/'Kubiņu masa'!$D10*100 -> 3.4965035 | G7: =('Kubiņu masa'!G10-'Kubiņu masa'!$D10)/'Kubiņu masa'!$D10*100 -> 4.0559441 | H7: =('Kubiņu masa'!H10-'Kubiņu masa'!$D10)/'Kubiņu masa'!$D10*100 -> 4.0559441 | I7: =('Kubiņu masa'!I10-'Kubiņu masa'!$D10)/'Kubiņu masa'!$D10*100 -> 5.4545455 | J7: =('Kubiņu masa'!J10-'Kubiņu masa'!$D10)/'Kubiņu masa'!$D10*100 -> 5.4545455 | K7: =('Kubiņu masa'!K10-'Kubiņu masa'!$D10)/'Kubiņu masa'!$D10*100 -> 7.4125874 | ... P7: =('Kubiņu masa'!P10-'Kubiņu masa'!$D10)/'Kubiņu masa'!$D10*100 -> 11.468531 | Q7: daudz
B8: Sl2 | C8: 39 | D8: =('Kubiņu masa'!D11-'Kubiņu masa'!$D11)/'Kubiņu masa'!$D11*100 -> 0 | E8: =('Kubiņu masa'!E11-'Kubiņu masa'!$D11)/'Kubiņu masa'!$D11*100 -> 3.220339 | F8: =('Kubiņu masa'!F11-'Kubiņu masa'!$D11)/'Kubiņu masa'!$D11*100 -> 3.220339 | G8: =('Kubiņu masa'!G11-'Kubiņu masa'!$D11)/'Kubiņu masa'!$D11*100 -> 3.8983051 | H8: =('Kubiņu masa'!H11-'Kubiņu masa'!$D11)/'Kubiņu masa'!$D11*100 -> 3.7288136 | I8: =('Kubiņu masa'!I11-'Kubiņu masa'!$D11)/'Kubiņu masa'!$D11*100 -> 5.0847458 | J8: =('Kubiņu masa'!J11-'Kubiņu masa'!$D11)/'Kubiņu masa'!$D11*100 -> 5.0847458 | K8: =('Kubiņu masa'!K11-'Kubiņu masa'!$D11)/'Kubiņu masa'!$D11*100 -> 6.9491525 | ... P8: =('Kubiņu masa'!P11-'Kubiņu masa'!$D11)/'Kubiņu masa'!$D11*100 -> 10.847458 | Q8: daudz
C9: 55 | D9: =('Kubiņu masa'!D12-'Kubiņu masa'!$D12)/'Kubiņu masa'!$D12*100 -> 0 | E9: =('Kubiņu masa'!E12-'Kubiņu masa'!$D12)/'Kubiņu masa'!$D12*100 -> 3.2679739 | F9: =('Kubiņu masa'!F12-'Kubiņu masa'!$D12)/'Kubiņu masa'!$D12*100 -> 3.2679739 | G9: =('Kubiņu masa'!G12-'Kubiņu masa'!$D12)/'Kubiņu masa'!$D12*100 -> 3.9215686 | H9: =('Kubiņu masa'!H12-'Kubiņu masa'!$D12)/'Kubiņu masa'!$D12*100 -> 3.9215686 | I9: =('Kubiņu masa'!I12-'Kubiņu masa'!$D12)/'Kubiņu masa'!$D12*100 -> 5.2287582 | J9: =('Kubiņu masa'!J12-'Kubiņu masa'!$D12)/'Kubiņu masa'!$D12*100 -> 5.2287582 | K9: =('Kubiņu masa'!K12-'Kubiņu masa'!$D12)/'Kubiņu masa'!$D12*100 -> 7.1895425 | ... P9: =('Kubiņu masa'!P12-'Kubiņu masa'!$D12)/'Kubiņu masa'!$D12*100 -> 11.111111 | Q9: daudz
C10: 122 | D10: =('Kubiņu masa'!D13-'Kubiņu masa'!$D13)/'Kubiņu masa'!$D13*100 -> 0 | E10: =('Kubiņu masa'!E13-'Kubiņu masa'!$D13)/'Kubiņu masa'!$D13*100 -> 3.236246 | F10: =('Kubiņu masa'!F13-'Kubiņu masa'!$D13)/'Kubiņu masa'!$D13*100 -> 3.0744337 | G10: =('Kubiņu masa'!G13-'Kubiņu masa'!$D13)/'Kubiņu masa'!$D13*100 -> 3.7216828 | H10: =('Kubiņu masa'!H13-'Kubiņu masa'!$D13)/'Kubiņu masa'!$D13*100 -> 3.7216828 | I10: =('Kubiņu masa'!I13-'Kubiņu masa'!$D13)/'Kubiņu masa'!$D13*100 -> 4.8543689 | J10: =('Kubiņu masa'!J13-'Kubiņu masa'!$D13)/'Kubiņu masa'!$D13*100 -> 5.0161812 | K10: =('Kubiņu masa'!K13-'Kubiņu masa'!$D13)/'Kubiņu masa'!$D13*100 -> 6.7961165 | ... P10: =('Kubiņu masa'!P13-'Kubiņu masa'!$D13)/'Kubiņu masa'!$D13*100 -> 10.679612 | Q10: daudz
B11: Sl3 | C11: 66 | D11: =('Kubiņu masa'!D14-'Kubiņu masa'!$D14)/'Kubiņu masa'!$D14*100 -> 0 | E11: =('Kubiņu masa'!E14-'Kubiņu masa'!$D14)/'Kubiņu masa'!$D14*100 -> 3.4578147 | F11: =('Kubiņu masa'!F14-'Kubiņu masa'!$D14)/'Kubiņu masa'!$D14*100 -> 3.4578147 | G11: =('Kubiņu masa'!G14-'Kubiņu masa'!$D14)/'Kubiņu masa'!$D14*100 -> 4.1493776 | H11: =('Kubiņu masa'!H14-'Kubiņu masa'!$D14)/'Kubiņu masa'!$D14*100 -> 4.1493776 | I11: =('Kubiņu masa'!I14-'Kubiņu masa'!$D14)/'Kubiņu masa'!$D14*100 -> 5.2558783 | J11: =('Kubiņu masa'!J14-'Kubiņu masa'!$D14)/'Kubiņu masa'!$D14*100 -> 5.3941909 | K11: =('Kubiņu masa'!K14-'Kubiņu masa'!$D14)/'Kubiņu masa'!$D14*100 -> 7.3305671 | ... P11: =('Kubiņu masa'!P14-'Kubiņu masa'!$D14)/'Kubiņu masa'!$D14*100 -> 11.341632 | Q11: daudz
C12: 142 | D12: =('Kubiņu masa'!D15-'Kubiņu masa'!$D15)/'Kubiņu masa'!$D15*100 -> 0 | E12: =('Kubiņu masa'!E15-'Kubiņu masa'!$D15)/'Kubiņu masa'!$D15*100 -> 3.6842105 | F12: =('Kubiņu masa'!F15-'Kubiņu masa'!$D15)/'Kubiņu masa'!$D15*100 -> 3.5526316 | G12: =('Kubiņu masa'!G15-'Kubiņu masa'!$D15)/'Kubiņu masa'!$D15*100 -> 4.3421053 | H12: =('Kubiņu masa'!H15-'Kubiņu masa'!$D15)/'Kubiņu masa'!$D15*100 -> 4.3421053 | I12: =('Kubiņu masa'!I15-'Kubiņu masa'!$D15)/'Kubiņu masa'!$D15*100 -> 5.5263158 | J12: =('Kubiņu masa'!J15-'Kubiņu masa'!$D15)/'Kubiņu masa'!$D15*100 -> 5.5263158 | K12: =('Kubiņu masa'!K15-'Kubiņu masa'!$D15)/'Kubiņu masa'!$D15*100 -> 7.5 | ... P12: =('Kubiņu masa'!P15-'Kubiņu masa'!$D15)/'Kubiņu masa'!$D15*100 -> 11.710526 | Q12: daudz
C13: 147 | D13: =('Kubiņu masa'!D16-'Kubiņu masa'!$D16)/'Kubiņu masa'!$D16*100 -> 0 | E13: =('Kubiņu masa'!E16-'Kubiņu masa'!$D16)/'Kubiņu masa'!$D16*100 -> 3.638814 | F13: =('Kubiņu masa'!F16-'Kubiņu masa'!$D16)/'Kubiņu masa'!$D16*100 -> 3.638814 | G13: =('Kubiņu masa'!G16-'Kubiņu masa'!$D16)/'Kubiņu masa'!$D16*100 -> 4.3126685 | H13: =('Kubiņu masa'!H16-'Kubiņu masa'!$D16)/'Kubiņu masa'!$D16*100 -> 4.3126685 | I13: =('Kubiņu masa'!I16-'Kubiņu masa'!$D16)/'Kubiņu masa'!$D16*100 -> 5.5256065 | J13: =('Kubiņu masa'!J16-'Kubiņu masa'!$D16)/'Kubiņu masa'!$D16*100 -> 5.6603774 | K13: =('Kubiņu masa'!K16-'Kubiņu masa'!$D16)/'Kubiņu masa'!$D16*100 -> 7.6819407 | ... P13: =('Kubiņu masa'!P16-'Kubiņu masa'!$D16)/'Kubiņu masa'!$D16*100 -> 11.725067 | Q13: daudz
B14: Sl4 | C14: 75 | D14: =('Kubiņu masa'!D17-'Kubiņu masa'!$D17)/'Kubiņu masa'!$D17*100 -> 0 | E14: =('Kubiņu masa'!E17-'Kubiņu masa'!$D17)/'Kubiņu masa'!$D17*100 -> 3.298153 | F14: =('Kubiņu masa'!F17-'Kubiņu masa'!$D17)/'Kubiņu masa'!$D17*100 -> 3.298153 | G14: =('Kubiņu masa'!G17-'Kubiņu masa'!$D17)/'Kubiņu masa'!$D17*100 -> 3.9577836 | H14: =('Kubiņu masa'!H17-'Kubiņu masa'!$D17)/'Kubiņu masa'!$D17*100 -> 3.9577836 | I14: =('Kubiņu masa'!I17-'Kubiņu masa'!$D17)/'Kubiņu masa'!$D17*100 -> 5.1451187 | J14: =('Kubiņu masa'!J17-'Kubiņu masa'!$D17)/'Kubiņu masa'!$D17*100 -> 5.1451187 | K14: =('Kubiņu masa'!K17-'Kubiņu masa'!$D17)/'Kubiņu masa'!$D17*100 -> 6.8601583 | ... P14: =('Kubiņu masa'!P17-'Kubiņu masa'!$D17)/'Kubiņu masa'!$D17*100 -> 10.422164 | Q14: maz
C15: 81 | D15: =('Kubiņu masa'!D18-'Kubiņu masa'!$D18)/'Kubiņu masa'!$D18*100 -> 0 | E15: =('Kubiņu masa'!E18-'Kubiņu masa'!$D18)/'Kubiņu masa'!$D18*100 -> 3.2808399 | F15: =('Kubiņu masa'!F18-'Kubiņu masa'!$D18)/'Kubiņu masa'!$D18*100 -> 3.4120735 | G15: =('Kubiņu masa'!G18-'Kubiņu masa'!$D18)/'Kubiņu masa'!$D18*100 -> 3.9370079 | H15: =('Kubiņu masa'!H18-'Kubiņu masa'!$D18)/'Kubiņu masa'!$D18*100 -> 3.9370079 | I15: =('Kubiņu masa'!I18-'Kubiņu masa'!$D18)/'Kubiņu masa'!$D18*100 -> 5.1181102 | J15: =('Kubiņu masa'!J18-'Kubiņu masa'!$D18)/'Kubiņu masa'!$D18*100 -> 5.1181102 | K15: =('Kubiņu masa'!K18-'Kubiņu masa'!$D18)/'Kubiņu masa'!$D18*100 -> 6.824147 | ... P15: =('Kubiņu masa'!P18-'Kubiņu masa'!$D18)/'Kubiņu masa'!$D18*100 -> 10.367454 | Q15: nav
C16: 91 | D16: =('Kubiņu masa'!D19-'Kubiņu masa'!$D19)/'Kubiņu masa'!$D19*100 -> 0 | E16: =('Kubiņu masa'!E19-'Kubiņu masa'!$D19)/'Kubiņu masa'!$D19*100 -> 3.1969309 | F16: =('Kubiņu masa'!F19-'Kubiņu masa'!$D19)/'Kubiņu masa'!$D19*100 -> 3.1969309 | G16: =('Kubiņu masa'!G19-'Kubiņu masa'!$D19)/'Kubiņu masa'!$D19*100 -> 3.8363171 | H16: =('Kubiņu masa'!H19-'Kubiņu masa'!$D19)/'Kubiņu masa'!$D19*100 -> 3.8363171 | I16: =('Kubiņu masa'!I19-'Kubiņu masa'!$D19)/'Kubiņu masa'!$D19*100 -> 4.9872123 | J16: =('Kubiņu masa'!J19-'Kubiņu masa'!$D19)/'Kubiņu masa'!$D19*100 -> 4.9872123 | K16: =('Kubiņu masa'!K19-'Kubiņu masa'!$D19)/'Kubiņu masa'!$D19*100 -> 6.6496164 | ... P16: =('Kubiņu masa'!P19-'Kubiņu masa'!$D19)/'Kubiņu masa'!$D19*100 -> 10.102302 | Q16: nav
B17: Sa1 | C17: 103 | D17: =('Kubiņu masa'!D20-'Kubiņu masa'!$D20)/'Kubiņu masa'!$D20*100 -> 0 | E17: =('Kubiņu masa'!E20-'Kubiņu masa'!$D20)/'Kubiņu masa'!$D20*100 -> 2.8571429 | F17: =('Kubiņu masa'!F20-'Kubiņu masa'!$D20)/'Kubiņu masa'!$D20*100 -> 2.8571429 | G17: =('Kubiņu masa'!G20-'Kubiņu masa'!$D20)/'Kubiņu masa'!$D20*100 -> 3.6363636 | H17: =('Kubiņu masa'!H20-'Kubiņu masa'!$D20)/'Kubiņu masa'!$D20*100 -> 3.6363636 | I17: =('Kubiņu masa'!I20-'Kubiņu masa'!$D20)/'Kubiņu masa'!$D20*100 -> 4.9350649 | J17: =('Kubiņu masa'!J20-'Kubiņu masa'!$D20)/'Kubiņu masa'!$D20*100 -> 4.9350649 | K17: =('Kubiņu masa'!K20-'Kubiņu masa'!$D20)/'Kubiņu masa'!$D20*100 -> 7.2727273 | ... P17: =('Kubiņu masa'!P20-'Kubiņu masa'!$D20)/'Kubiņu masa'!$D20*100 -> 11.948052 | Q17: daudz
C18: 283 | D18: =('Kubiņu masa'!D21-'Kubiņu masa'!$D21)/'Kubiņu masa'!$D21*100 -> 0 | E18: =('Kubiņu masa'!E21-'Kubiņu masa'!$D21)/'Kubiņu masa'!$D21*100 -> 3.2581454 | F18: =('Kubiņu masa'!F21-'Kubiņu masa'!$D21)/'Kubiņu masa'!$D21*100 -> 3.0075188 | G18: =('Kubiņu masa'!G21-'Kubiņu masa'!$D21)/'Kubiņu masa'!$D21*100 -> 3.7593985 | H18: =('Kubiņu masa'!H21-'Kubiņu masa'!$D21)/'Kubiņu masa'!$D21*100 -> 3.7593985 | I18: =('Kubiņu masa'!I21-'Kubiņu masa'!$D21)/'Kubiņu masa'!$D21*100 -> 5.0125313 | J18: =('Kubiņu masa'!J21-'Kubiņu masa'!$D21)/'Kubiņu masa'!$D21*100 -> 5.2631579 | K18: =('Kubiņu masa'!K21-'Kubiņu masa'!$D21)/'Kubiņu masa'!$D21*100 -> 7.518797 | ... P18: =('Kubiņu masa'!P21-'Kubiņu masa'!$D21)/'Kubiņu masa'!$D21*100 -> 12.531328 | Q18: daudz
C19: 323 | D19: =('Kubiņu masa'!D22-'Kubiņu masa'!$D22)/'Kubiņu masa'!$D22*100 -> 0 | E19: =('Kubiņu masa'!E22-'Kubiņu masa'!$D22)/'Kubiņu masa'!$D22*100 -> 3.087886 | F19: =('Kubiņu masa'!F22-'Kubiņu masa'!$D22)/'Kubiņu masa'!$D22*100 -> 3.087886 | G19: =('Kubiņu masa'!G22-'Kubiņu masa'!$D22)/'Kubiņu masa'!$D22*100 -> 3.3254157 | H19: =('Kubiņu masa'!H22-'Kubiņu masa'!$D22)/'Kubiņu masa'!$D22*100 -> 3.3254157 | I19: =('Kubiņu masa'!I22-'Kubiņu masa'!$D22)/'Kubiņu masa'!$D22*100 -> 4.5130641 | J19: =('Kubiņu masa'!J22-'Kubiņu masa'!$D22)/'Kubiņu masa'!$D22*100 -> 4.7505938 | K19: =('Kubiņu masa'!K22-'Kubiņu masa'!$D22)/'Kubiņu masa'!$D22*100 -> 6.888361 | ... P19: =('Kubiņu masa'!P22-'Kubiņu masa'!$D22)/'Kubiņu masa'!$D22*100 -> 11.638955 | Q19: daudz
B20: Sa2 | C20: 203 | D20: =('Kubiņu masa'!D23-'Kubiņu masa'!$D23)/'Kubiņu masa'!$D23*100 -> 0 | E20: =('Kubiņu masa'!E23-'Kubiņu masa'!$D23)/'Kubiņu masa'!$D23*100 -> 3.2064128 | F20: =('Kubiņu masa'!F23-'Kubiņu masa'!$D23)/'Kubiņu masa'!$D23*100 -> 3.2064128 | G20: =('Kubiņu masa'!G23-'Kubiņu masa'!$D23)/'Kubiņu masa'!$D23*100 -> 3.6072144 | H20: =('Kubiņu masa'!H23-'Kubiņu masa'!$D23)/'Kubiņu masa'!$D23*100 -> 3.6072144 | I20: =('Kubiņu masa'!I23-'Kubiņu masa'!$D23)/'Kubiņu masa'!$D23*100 -> 4.6092184 | J20: =('Kubiņu masa'!J23-'Kubiņu masa'!$D23)/'Kubiņu masa'!$D23*100 -> 4.8096192 | K20: =('Kubiņu masa'!K23-'Kubiņu masa'!$D23)/'Kubiņu masa'!$D23*100 -> 6.8136273 | ... P20: =('Kubiņu masa'!P23-'Kubiņu masa'!$D23)/'Kubiņu masa'!$D23*100 -> 10.621242 | Q20: daudz
C21: 272 | D21: =('Kubiņu masa'!D24-'Kubiņu masa'!$D24)/'Kubiņu masa'!$D24*100 -> 0 | E21: =('Kubiņu masa'!E24-'Kubiņu masa'!$D24)/'Kubiņu masa'!$D24*100 -> 3.4552846 | F21: =('Kubiņu masa'!F24-'Kubiņu masa'!$D24)/'Kubiņu masa'!$D24*100 -> 3.2520325 | G21: =('Kubiņu masa'!G24-'Kubiņu masa'!$D24)/'Kubiņu masa'!$D24*100 -> 3.8617886 | H21: =('Kubiņu masa'!H24-'Kubiņu masa'!$D24)/'Kubiņu masa'!$D24*100 -> 3.8617886 | I21: =('Kubiņu masa'!I24-'Kubiņu masa'!$D24)/'Kubiņu masa'!$D24*100 -> 5.0813008 | J21: =('Kubiņu masa'!J24-'Kubiņu masa'!$D24)/'Kubiņu masa'!$D24*100 -> 5.0813008 | K21: =('Kubiņu masa'!K24-'Kubiņu masa'!$D24)/'Kubiņu masa'!$D24*100 -> 7.1138211 | ... P21: =('Kubiņu masa'!P24-'Kubiņu masa'!$D24)/'Kubiņu masa'!$D24*100 -> 10.97561 | Q21: daudz
C22: 266 | D22: =('Kubiņu masa'!D25-'Kubiņu masa'!$D25)/'Kubiņu masa'!$D25*100 -> 0 | E22: =('Kubiņu masa'!E25-'Kubiņu masa'!$D25)/'Kubiņu masa'!$D25*100 -> 3.1936128 | F22: =('Kubiņu masa'!F25-'Kubiņu masa'!$D25)/'Kubiņu masa'!$D25*100 -> 3.1936128 | G22: =('Kubiņu masa'!G25-'Kubiņu masa'!$D25)/'Kubiņu masa'!$D25*100 -> 3.7924152 | H22: =('Kubiņu masa'!H25-'Kubiņu masa'!$D25)/'Kubiņu masa'!$D25*100 -> 3.7924152 | I22: =('Kubiņu masa'!I25-'Kubiņu masa'!$D25)/'Kubiņu masa'!$D25*100 -> 4.7904192 | J22: =('Kubiņu masa'!J25-'Kubiņu masa'!$D25)/'Kubiņu masa'!$D25*100 -> 4.99002 | K22: =('Kubiņu masa'!K25-'Kubiņu masa'!$D25)/'Kubiņu masa'!$D25*100 -> 6.7864271 | ... P22: =('Kubiņu masa'!P25-'Kubiņu masa'!$D25)/'Kubiņu masa'!$D25*100 -> 10.578842 | Q22: daudz
B23: Sa3 | C23: 168 | D23: =('Kubiņu masa'!D26-'Kubiņu masa'!$D26)/'Kubiņu masa'!$D26*100 -> 0 | E23: =('Kubiņu masa'!E26-'Kubiņu masa'!$D26)/'Kubiņu masa'!$D26*100 -> 3.626943 | F23: =('Kubiņu masa'!F26-'Kubiņu masa'!$D26)/'Kubiņu masa'!$D26*100 -> 3.626943 | G23: =('Kubiņu masa'!G26-'Kubiņu masa'!$D26)/'Kubiņu masa'!$D26*100 -> 4.3177893 | H23: =('Kubiņu masa'!H26-'Kubiņu masa'!$D26)/'Kubiņu masa'!$D26*100 -> 4.3177893 | I23: =('Kubiņu masa'!I26-'Kubiņu masa'!$D26)/'Kubiņu masa'!$D26*100 -> 5.3540587 | J23: =('Kubiņu masa'!J26-'Kubiņu masa'!$D26)/'Kubiņu masa'!$D26*100 -> 5.5267703 | K23: =('Kubiņu masa'!K26-'Kubiņu masa'!$D26)/'Kubiņu masa'!$D26*100 -> 7.5993092 | ... P23: =('Kubiņu masa'!P26-'Kubiņu masa'!$D26)/'Kubiņu masa'!$D26*100 -> 11.744387 | Q23: daudz
C24: 343 | D24: =('Kubiņu masa'!D27-'Kubiņu masa'!$D27)/'Kubiņu masa'!$D27*100 -> 0 | E24: =('Kubiņu masa'!E27-'Kubiņu masa'!$D27)/'Kubiņu masa'!$D27*100 -> 3.6423841 | F24: =('Kubiņu masa'!F27-'Kubiņu masa'!$D27)/'Kubiņu masa'!$D27*100 -> 3.6423841 | G24: =('Kubiņu masa'!G27-'Kubiņu masa'!$D27)/'Kubiņu masa'!$D27*100 -> 4.3046358 | H24: =('Kubiņu masa'!H27-'Kubiņu masa'!$D27)/'Kubiņu masa'!$D27*100 -> 4.3046358 | I24: =('Kubiņu masa'!I27-'Kubiņu masa'!$D27)/'Kubiņu masa'!$D27*100 -> 5.6291391 | J24: =('Kubiņu masa'!J27-'Kubiņu masa'!$D27)/'Kubiņu masa'!$D27*100 -> 5.794702 | K24: =('Kubiņu masa'!K27-'Kubiņu masa'!$D27)/'Kubiņu masa'!$D27*100 -> 7.9470199 | ... P24: =('Kubiņu masa'!P27-'Kubiņu masa'!$D27)/'Kubiņu masa'!$D27*100 -> 12.417219 | Q24: daudz
C25: 58 | D25: =('Kubiņu masa'!D28-'Kubiņu masa'!$D28)/'Kubiņu masa'!$D28*100 -> 0 | E25: =('Kubiņu masa'!E28-'Kubiņu masa'!$D28)/'Kubiņu masa'!$D28*100 -> 3.5058431 | F25: =('Kubiņu masa'!F28-'Kubiņu masa'!$D28)/'Kubiņu masa'!$D28*100 -> 3.5058431 | G25: =('Kubiņu masa'!G28-'Kubiņu masa'!$D28)/'Kubiņu masa'!$D28*100 -> 4.1736227 | H25: =('Kubiņu masa'!H28-'Kubiņu masa'!$D28)/'Kubiņu masa'!$D28*100 -> 4.1736227 | I25: =('Kubiņu masa'!I28-'Kubiņu masa'!$D28)/'Kubiņu masa'!$D28*100 -> 5.509182 | J25: =('Kubiņu masa'!J28-'Kubiņu masa'!$D28)/'Kubiņu masa'!$D28*100 -> 5.6761269 | K25: =('Kubiņu masa'!K28-'Kubiņu masa'!$D28)/'Kubiņu masa'!$D28*100 -> 7.8464107 | ... P25: =('Kubiņu masa'!P28-'Kubiņu masa'!$D28)/'Kubiņu masa'!$D28*100 -> 12.520868 | Q25: daudz
B26: Sa4 | C26: 187 | D26: =('Kubiņu masa'!D29-'Kubiņu masa'!$D29)/'Kubiņu masa'!$D29*100 -> 0 | E26: =('Kubiņu masa'!E29-'Kubiņu masa'!$D29)/'Kubiņu masa'!$D29*100 -> 2.8497409 | F26: =('Kubiņu masa'!F29-'Kubiņu masa'!$D29)/'Kubiņu masa'!$D29*100 -> 2.8497409 | G26: =('Kubiņu masa'!G29-'Kubiņu masa'!$D29)/'Kubiņu masa'!$D29*100 -> 3.3678756 | H26: =('Kubiņu masa'!H29-'Kubiņu masa'!$D29)/'Kubiņu masa'!$D29*100 -> 3.3678756 | I26: =('Kubiņu masa'!I29-'Kubiņu masa'!$D29)/'Kubiņu masa'!$D29*100 -> 4.4041451 | J26: =('Kubiņu masa'!J29-'Kubiņu masa'!$D29)/'Kubiņu masa'!$D29*100 -> 4.6632124 | K26: =('Kubiņu masa'!K29-'Kubiņu masa'!$D29)/'Kubiņu masa'!$D29*100 -> 6.4766839 | ... P26: =('Kubiņu masa'!P29-'Kubiņu masa'!$D29)/'Kubiņu masa'!$D29*100 -> 10.103627 | Q26: daudz
C27: 248 | D27: =('Kubiņu masa'!D30-'Kubiņu masa'!$D30)/'Kubiņu masa'!$D30*100 -> 0 | E27: =('Kubiņu masa'!E30-'Kubiņu masa'!$D30)/'Kubiņu masa'!$D30*100 -> 2.8776978 | F27: =('Kubiņu masa'!F30-'Kubiņu masa'!$D30)/'Kubiņu masa'!$D30*100 -> 2.8776978 | G27: =('Kubiņu masa'!G30-'Kubiņu masa'!$D30)/'Kubiņu masa'!$D30*100 -> 3.5971223 | H27: =('Kubiņu masa'!H30-'Kubiņu masa'!$D30)/'Kubiņu masa'!$D30*100 -> 3.5971223 | I27: =('Kubiņu masa'!I30-'Kubiņu masa'!$D30)/'Kubiņu masa'!$D30*100 -> 4.5563549 | J27: =('Kubiņu masa'!J30-'Kubiņu masa'!$D30)/'Kubiņu masa'!$D30*100 -> 4.7961631 | K27: =('Kubiņu masa'!K30-'Kubiņu masa'!$D30)/'Kubiņu masa'!$D30*100 -> 6.7146283 | ... P27: =('Kubiņu masa'!P30-'Kubiņu masa'!$D30)/'Kubiņu masa'!$D30*100 -> 10.311751 | Q27: daudz
C28: 212 | D28: =('Kubiņu masa'!D31-'Kubiņu masa'!$D31)/'Kubiņu masa'!$D31*100 -> 0 | E28: =('Kubiņu masa'!E31-'Kubiņu masa'!$D31)/'Kubiņu masa'!$D31*100 -> 2.7848101 | F28: =('Kubiņu masa'!F31-'Kubiņu masa'!$D31)/'Kubiņu masa'!$D31*100 -> 2.5316456 | G28: =('Kubiņu masa'!G31-'Kubiņu masa'!$D31)/'Kubiņu masa'!$D31*100 -> 3.2911392 | H28: =('Kubiņu masa'!H31-'Kubiņu masa'!$D31)/'Kubiņu masa'!$D31*100 -> 3.2911392 | I28: =('Kubiņu masa'!I31-'Kubiņu masa'!$D31)/'Kubiņu masa'!$D31*100 -> 4.3037975 | J28: =('Kubiņu masa'!J31-'Kubiņu masa'!$D31)/'Kubiņu masa'!$D31*100 -> 4.3037975 | K28: =('Kubiņu masa'!K31-'Kubiņu masa'!$D31)/'Kubiņu masa'!$D31*100 -> 6.3291139 | ... P28: =('Kubiņu masa'!P31-'Kubiņu masa'!$D31)/'Kubiņu masa'!$D31*100 -> 9.8734177 | Q28: daudz
A29: hito/sub | B29: Sl1 | C29: 5 | D29: =('Kubiņu masa'!D32-'Kubiņu masa'!$D32)/'Kubiņu masa'!$D32*100 -> 0 | E29: =('Kubiņu masa'!E32-'Kubiņu masa'!$D32)/'Kubiņu masa'!$D32*100 -> 3.4340659 | F29: =('Kubiņu masa'!F32-'Kubiņu masa'!$D32)/'Kubiņu masa'!$D32*100 -> 3.2967033 | G29: =('Kubiņu masa'!G32-'Kubiņu masa'!$D32)/'Kubiņu masa'!$D32*100 -> 3.9835165 | H29: =('Kubiņu masa'!H32-'Kubiņu masa'!$D32)/'Kubiņu masa'!$D32*100 -> 3.9835165 | I29: =('Kubiņu masa'!I32-'Kubiņu masa'!$D32)/'Kubiņu masa'!$D32*100 -> 5.3571429 | J29: =('Kubiņu masa'!J32-'Kubiņu masa'!$D32)/'Kubiņu masa'!$D32*100 -> 5.3571429 | K29: =('Kubiņu masa'!K32-'Kubiņu masa'!$D32)/'Kubiņu masa'!$D32*100 -> 7.4175824 | ... P29: =('Kubiņu masa'!P32-'Kubiņu masa'!$D32)/'Kubiņu masa'!$D32*100 -> 11.813187 | Q29: nav
C30: 17 | D30: =('Kubiņu masa'!D33-'Kubiņu masa'!$D33)/'Kubiņu masa'!$D33*100 -> 0 | E30: =('Kubiņu masa'!E33-'Kubiņu masa'!$D33)/'Kubiņu masa'!$D33*100 -> 3.1680441 | F30: =('Kubiņu masa'!F33-'Kubiņu masa'!$D33)/'Kubiņu masa'!$D33*100 -> 3.1680441 | G30: =('Kubiņu masa'!G33-'Kubiņu masa'!$D33)/'Kubiņu masa'!$D33*100 -> 3.8567493 | H30: =('Kubiņu masa'!H33-'Kubiņu masa'!$D33)/'Kubiņu masa'!$D33*100 -> 3.8567493 | I30: =('Kubiņu masa'!I33-'Kubiņu masa'!$D33)/'Kubiņu masa'!$D33*100 -> 5.0964187 | J30: =('Kubiņu masa'!J33-'Kubiņu masa'!$D33)/'Kubiņu masa'!$D33*100 -> 5.0964187 | K30: =('Kubiņu masa'!K33-'Kubiņu masa'!$D33)/'Kubiņu masa'!$D33*100 -> 7.1625344 | ... P30: =('Kubiņu masa'!P33-'Kubiņu masa'!$D33)/'Kubiņu masa'!$D33*100 -> 11.432507 | Q30: nav
C31: 99 | D31: =('Kubiņu masa'!D34-'Kubiņu masa'!$D34)/'Kubiņu masa'!$D34*100 -> 0 | E31: =('Kubiņu masa'!E34-'Kubiņu masa'!$D34)/'Kubiņu masa'!$D34*100 -> 3.2608696 | F31: =('Kubiņu masa'!F34-'Kubiņu masa'!$D34)/'Kubiņu masa'!$D34*100 -> 3.125 | G31: =('Kubiņu masa'!G34-'Kubiņu masa'!$D34)/'Kubiņu masa'!$D34*100 -> 3.9402174 | H31: =('Kubiņu masa'!H34-'Kubiņu masa'!$D34)/'Kubiņu masa'!$D34*100 -> 3.9402174 | I31: =('Kubiņu masa'!I34-'Kubiņu masa'!$D34)/'Kubiņu masa'!$D34*100 -> 5.1630435 | J31: =('Kubiņu masa'!J34-'Kubiņu masa'!$D34)/'Kubiņu masa'!$D34*100 -> 5.1630435 | K31: =('Kubiņu masa'!K34-'Kubiņu masa'!$D34)/'Kubiņu masa'!$D34*100 -> 7.3369565 | ... P31: =('Kubiņu masa'!P34-'Kubiņu masa'!$D34)/'Kubiņu masa'!$D34*100 -> 11.820652 | Q31: nav
B32: Sl2 | C32: 37 | D32: =('Kubiņu masa'!D35-'Kubiņu masa'!$D35)/'Kubiņu masa'!$D35*100 -> 0 | E32: =('Kubiņu masa'!E35-'Kubiņu masa'!$D35)/'Kubiņu masa'!$D35*100 -> 3.3101045 | F32: =('Kubiņu masa'!F35-'Kubiņu masa'!$D35)/'Kubiņu masa'!$D35*100 -> 3.3101045 | G32: =('Kubiņu masa'!G35-'Kubiņu masa'!$D35)/'Kubiņu masa'!$D35*100 -> 4.0069686 | H32: =('Kubiņu masa'!H35-'Kubiņu masa'!$D35)/'Kubiņu masa'!$D35*100 -> 4.0069686 | I32: =('Kubiņu masa'!I35-'Kubiņu masa'!$D35)/'Kubiņu masa'!$D35*100 -> 5.2264808 | J32: =('Kubiņu masa'!J35-'Kubiņu masa'!$D35)/'Kubiņu masa'!$D35*100 -> 5.2264808 | K32: =('Kubiņu masa'!K35-'Kubiņu masa'!$D35)/'Kubiņu masa'!$D35*100 -> 7.3170732 | ... P32: =('Kubiņu masa'!P35-'Kubiņu masa'!$D35)/'Kubiņu masa'!$D35*100 -> 11.498258 | Q32: nav
C33: 53 | D33: =('Kubiņu masa'!D36-'Kubiņu masa'!$D36)/'Kubiņu masa'!$D36*100 -> 0 | E33: =('Kubiņu masa'!E36-'Kubiņu masa'!$D36)/'Kubiņu masa'!$D36*100 -> 3.2051282 | F33: =('Kubiņu masa'!F36-'Kubiņu masa'!$D36)/'Kubiņu masa'!$D36*100 -> 3.2051282 | G33: =('Kubiņu masa'!G36-'Kubiņu masa'!$D36)/'Kubiņu masa'!$D36*100 -> 3.8461538 | H33: =('Kubiņu masa'!H36-'Kubiņu masa'!$D36)/'Kubiņu masa'!$D36*100 -> 3.8461538 | I33: =('Kubiņu masa'!I36-'Kubiņu masa'!$D36)/'Kubiņu masa'!$D36*100 -> 5.1282051 | J33: =('Kubiņu masa'!J36-'Kubiņu masa'!$D36)/'Kubiņu masa'!$D36*100 -> 5.1282051 | K33: =('Kubiņu masa'!K36-'Kubiņu masa'!$D36)/'Kubiņu masa'!$D36*100 -> 7.2115385 | ... P33: =('Kubiņu masa'!P36-'Kubiņu masa'!$D36)/'Kubiņu masa'!$D36*100 -> 11.538462 | Q33: nav
C34: 134 | D34: =('Kubiņu masa'!D37-'Kubiņu masa'!$D37)/'Kubiņu masa'!$D37*100 -> 0 | E34: =('Kubiņu masa'!E37-'Kubiņu masa'!$D37)/'Kubiņu masa'!$D37*100 -> 3.1879195 | F34: =('Kubiņu masa'!F37-'Kubiņu masa'!$D37)/'Kubiņu masa'!$D37*100 -> 3.0201342 | G34: =('Kubiņu masa'!G37-'Kubiņu masa'!$D37)/'Kubiņu masa'!$D37*100 -> 3.6912752 | H34: =('Kubiņu masa'!H37-'Kubiņu masa'!$D37)/'Kubiņu masa'!$D37*100 -> 3.6912752 | I34: =('Kubiņu masa'!I37-'Kubiņu masa'!$D37)/'Kubiņu masa'!$D37*100 -> 5.033557 | J34: =('Kubiņu masa'!J37-'Kubiņu masa'!$D37)/'Kubiņu masa'!$D37*100 -> 5.033557 | K34: =('Kubiņu masa'!K37-'Kubiņu masa'!$D37)/'Kubiņu masa'!$D37*100 -> 7.0469799 | ... P34: =('Kubiņu masa'!P37-'Kubiņu masa'!$D37)/'Kubiņu masa'!$D37*100 -> 11.409396 | Q34: nav
B35: Sl3 | C35: 68 | D35: =('Kubiņu masa'!D38-'Kubiņu masa'!$D38)/'Kubiņu masa'!$D38*100 -> 0 | E35: =('Kubiņu masa'!E38-'Kubiņu masa'!$D38)/'Kubiņu masa'!$D38*100 -> 3.4435262 | F35: =('Kubiņu masa'!F38-'Kubiņu masa'!$D38)/'Kubiņu masa'!$D38*100 -> 3.4435262 | G35: =('Kubiņu masa'!G38-'Kubiņu masa'!$D38)/'Kubiņu masa'!$D38*100 -> 4.1322314 | H35: =('Kubiņu masa'!H38-'Kubiņu masa'!$D38)/'Kubiņu masa'!$D38*100 -> 4.1322314 | I35: =('Kubiņu masa'!I38-'Kubiņu masa'!$D38)/'Kubiņu masa'!$D38*100 -> 5.3719008 | J35: =('Kubiņu masa'!J38-'Kubiņu masa'!$D38)/'Kubiņu masa'!$D38*100 -> 5.3719008 | K35: =('Kubiņu masa'!K38-'Kubiņu masa'!$D38)/'Kubiņu masa'!$D38*100 -> 7.4380165 | ... P35: =('Kubiņu masa'!P38-'Kubiņu masa'!$D38)/'Kubiņu masa'!$D38*100 -> 11.570248 | Q35: nav
C36: 143 | D36: =('Kubiņu masa'!D39-'Kubiņu masa'!$D39)/'Kubiņu masa'!$D39*100 -> 0 | E36: =('Kubiņu masa'!E39-'Kubiņu masa'!$D39)/'Kubiņu masa'!$D39*100 -> 3.5182679 | F36: =('Kubiņu masa'!F39-'Kubiņu masa'!$D39)/'Kubiņu masa'!$D39*100 -> 3.5182679 | G36: =('Kubiņu masa'!G39-'Kubiņu masa'!$D39)/'Kubiņu masa'!$D39*100 -> 4.3301759 | H36: =('Kubiņu masa'!H39-'Kubiņu masa'!$D39)/'Kubiņu masa'!$D39*100 -> 4.3301759 | I36: =('Kubiņu masa'!I39-'Kubiņu masa'!$D39)/'Kubiņu masa'!$D39*100 -> 5.6833559 | J36: =('Kubiņu masa'!J39-'Kubiņu masa'!$D39)/'Kubiņu masa'!$D39*100 -> 5.6833559 | K36: =('Kubiņu masa'!K39-'Kubiņu masa'!$D39)/'Kubiņu masa'!$D39*100 -> 7.8484438 | ... P36: =('Kubiņu masa'!P39-'Kubiņu masa'!$D39)/'Kubiņu masa'!$D39*100 -> 12.313938 | Q36: nav
C37: 190 | D37: =('Kubiņu masa'!D40-'Kubiņu masa'!$D40)/'Kubiņu masa'!$D40*100 -> 0 | E37: =('Kubiņu masa'!E40-'Kubiņu masa'!$D40)/'Kubiņu masa'!$D40*100 -> 3.2348805 | F37: =('Kubiņu masa'!F40-'Kubiņu masa'!$D40)/'Kubiņu masa'!$D40*100 -> 3.2348805 | G37: =('Kubiņu masa'!G40-'Kubiņu masa'!$D40)/'Kubiņu masa'!$D40*100 -> 3.9381153 | H37: =('Kubiņu masa'!H40-'Kubiņu masa'!$D40)/'Kubiņu masa'!$D40*100 -> 3.9381153 | I37: =('Kubiņu masa'!I40-'Kubiņu masa'!$D40)/'Kubiņu masa'!$D40*100 -> 5.0632911 | J37: =('Kubiņu masa'!J40-'Kubiņu masa'!$D40)/'Kubiņu masa'!$D40*100 -> 5.0632911 | K37: =('Kubiņu masa'!K40-'Kubiņu masa'!$D40)/'Kubiņu masa'!$D40*100 -> 7.0323488 | ... P37: =('Kubiņu masa'!P40-'Kubiņu masa'!$D40)/'Kubiņu masa'!$D40*100 -> 11.111111 | Q37: nav
B38: Sl4 | C38: 158 | D38: =('Kubiņu masa'!D41-'Kubiņu masa'!$D41)/'Kubiņu masa'!$D41*100 -> 0 | E38: =('Kubiņu masa'!E41-'Kubiņu masa'!$D41)/'Kubiņu masa'!$D41*100 -> 3.2806804 | F38: =('Kubiņu masa'!F41-'Kubiņu masa'!$D41)/'Kubiņu masa'!$D41*100 -> 3.2806804 | G38: =('Kubiņu masa'!G41-'Kubiņu masa'!$D41)/'Kubiņu masa'!$D41*100 -> 4.0097205 | H38: =('Kubiņu masa'!H41-'Kubiņu masa'!$D41)/'Kubiņu masa'!$D41*100 -> 4.0097205 | I38: =('Kubiņu masa'!I41-'Kubiņu masa'!$D41)/'Kubiņu masa'!$D41*100 -> 5.1032807 | J38: =('Kubiņu masa'!J41-'Kubiņu masa'!$D41)/'Kubiņu masa'!$D41*100 -> 5.1032807 | K38: =('Kubiņu masa'!K41-'Kubiņu masa'!$D41)/'Kubiņu masa'!$D41*100 -> 7.0473876 | ... P38: =('Kubiņu masa'!P41-'Kubiņu masa'!$D41)/'Kubiņu masa'!$D41*100 -> 10.692588 | Q38: nav
C39: 169 | D39: =('Kubiņu masa'!D42-'Kubiņu masa'!$D42)/'Kubiņu masa'!$D42*100 -> 0 | E39: =('Kubiņu masa'!E42-'Kubiņu masa'!$D42)/'Kubiņu masa'!$D42*100 -> 3.2911392 | F39: =('Kubiņu masa'!F42-'Kubiņu masa'!$D42)/'Kubiņu masa'!$D42*100 -> 3.164557 | G39: =('Kubiņu masa'!G42-'Kubiņu masa'!$D42)/'Kubiņu masa'!$D42*100 -> 3.7974684 | H39: =('Kubiņu masa'!H42-'Kubiņu masa'!$D42)/'Kubiņu masa'!$D42*100 -> 3.7974684 | I39: =('Kubiņu masa'!I42-'Kubiņu masa'!$D42)/'Kubiņu masa'!$D42*100 -> 4.9367089 | J39: =('Kubiņu masa'!J42-'Kubiņu masa'!$D42)/'Kubiņu masa'!$D42*100 -> 4.9367089 | K39: =('Kubiņu masa'!K42-'Kubiņu masa'!$D42)/'Kubiņu masa'!$D42*100 -> 6.9620253 | ... P39: =('Kubiņu masa'!P42-'Kubiņu masa'!$D42)/'Kubiņu masa'!$D42*100 -> 10.632911 | Q39: nav
C40: 174 | D40: =('Kubiņu masa'!D43-'Kubiņu masa'!$D43)/'Kubiņu masa'!$D43*100 -> 0 | E40: =('Kubiņu masa'!E43-'Kubiņu masa'!$D43)/'Kubiņu masa'!$D43*100 -> 3.1537451 | F40: =('Kubiņu masa'!F43-'Kubiņu masa'!$D43)/'Kubiņu masa'!$D43*100 -> 3.1537451 | G40: =('Kubiņu masa'!G43-'Kubiņu masa'!$D43)/'Kubiņu masa'!$D43*100 -> 3.8107753 | H40: =('Kubiņu masa'!H43-'Kubiņu masa'!$D43)/'Kubiņu masa'!$D43*100 -> 3.8107753 | I40: =('Kubiņu masa'!I43-'Kubiņu masa'!$D43)/'Kubiņu masa'!$D43*100 -> 4.9934297 | J40: =('Kubiņu masa'!J43-'Kubiņu masa'!$D43)/'Kubiņu masa'!$D43*100 -> 4.9934297 | K40: =('Kubiņu masa'!K43-'Kubiņu masa'!$D43)/'Kubiņu masa'!$D43*100 -> 6.9645204 | ... P40: =('Kubiņu masa'!P43-'Kubiņu masa'!$D43)/'Kubiņu masa'!$D43*100 -> 10.775296 | Q40: maz
B41: sa1 | C41: 108 | D41: =('Kubiņu masa'!D44-'Kubiņu masa'!$D44)/'Kubiņu masa'!$D44*100 -> 0 | E41: =('Kubiņu masa'!E44-'Kubiņu masa'!$D44)/'Kubiņu masa'!$D44*100 -> 2.7295285 | F41: =('Kubiņu masa'!F44-'Kubiņu masa'!$D44)/'Kubiņu masa'!$D44*100 -> 2.7295285 | G41: =('Kubiņu masa'!G44-'Kubiņu masa'!$D44)/'Kubiņu masa'!$D44*100 -> 3.4739454 | H41: =('Kubiņu masa'!H44-'Kubiņu masa'!$D44)/'Kubiņu masa'!$D44*100 -> 3.4739454 | I41: =('Kubiņu masa'!I44-'Kubiņu masa'!$D44)/'Kubiņu masa'!$D44*100 -> 4.7146402 | J41: =('Kubiņu masa'!J44-'Kubiņu masa'!$D44)/'Kubiņu masa'!$D44*100 -> 4.7146402 | K41: =('Kubiņu masa'!K44-'Kubiņu masa'!$D44)/'Kubiņu masa'!$D44*100 -> 6.6997519 | ... P41: =('Kubiņu masa'!P44-'Kubiņu masa'!$D44)/'Kubiņu masa'!$D44*100 -> 11.166253 | Q41: daudz
C42: 287 | D42: =('Kubiņu masa'!D45-'Kubiņu masa'!$D45)/'Kubiņu masa'!$D45*100 -> 0 | E42: =('Kubiņu masa'!E45-'Kubiņu masa'!$D45)/'Kubiņu masa'!$D45*100 -> 2.7777778 | F42: =('Kubiņu masa'!F45-'Kubiņu masa'!$D45)/'Kubiņu masa'!$D45*100 -> 2.5641026 | G42: =('Kubiņu masa'!G45-'Kubiņu masa'!$D45)/'Kubiņu masa'!$D45*100 -> 3.4188034 | H42: =('Kubiņu masa'!H45-'Kubiņu masa'!$D45)/'Kubiņu masa'!$D45*100 -> 3.4188034 | I42: =('Kubiņu masa'!I45-'Kubiņu masa'!$D45)/'Kubiņu masa'!$D45*100 -> 4.7008547 | J42: =('Kubiņu masa'!J45-'Kubiņu masa'!$D45)/'Kubiņu masa'!$D45*100 -> 4.7008547 | K42: =('Kubiņu masa'!K45-'Kubiņu masa'!$D45)/'Kubiņu masa'!$D45*100 -> 6.4102564 | ... P42: =('Kubiņu masa'!P45-'Kubiņu masa'!$D45)/'Kubiņu masa'!$D45*100 -> 10.042735 | Q42: daudz
C43: 328 | D43: =('Kubiņu masa'!D46-'Kubiņu masa'!$D46)/'Kubiņu masa'!$D46*100 -> 0 | E43: =('Kubiņu masa'!E46-'Kubiņu masa'!$D46)/'Kubiņu masa'!$D46*100 -> 2.6004728 | F43: =('Kubiņu masa'!F46-'Kubiņu masa'!$D46)/'Kubiņu masa'!$D46*100 -> 2.6004728 | G43: =('Kubiņu masa'!G46-'Kubiņu masa'!$D46)/'Kubiņu masa'!$D46*100 -> 3.3096927 | H43: =('Kubiņu masa'!H46-'Kubiņu masa'!$D46)/'Kubiņu masa'!$D46*100 -> 3.3096927 | I43: =('Kubiņu masa'!I46-'Kubiņu masa'!$D46)/'Kubiņu masa'!$D46*100 -> 4.7281324 | J43: =('Kubiņu masa'!J46-'Kubiņu masa'!$D46)/'Kubiņu masa'!$D46*100 -> 4.7281324 | K43: =('Kubiņu masa'!K46-'Kubiņu masa'!$D46)/'Kubiņu masa'!$D46*100 -> 6.6193853 | ... P43: =('Kubiņu masa'!P46-'Kubiņu masa'!$D46)/'Kubiņu masa'!$D46*100 -> 11.111111 | Q43: maz
B44: sa2 | C44: 207 | D44: =('Kubiņu masa'!D47-'Kubiņu masa'!$D47)/'Kubiņu masa'!$D47*100 -> 0 | E44: =('Kubiņu masa'!E47-'Kubiņu masa'!$D47)/'Kubiņu masa'!$D47*100 -> 2.8571429 | F44: =('Kubiņu masa'!F47-'Kubiņu masa'!$D47)/'Kubiņu masa'!$D47*100 -> 2.8571429 | G44: =('Kubiņu masa'!G47-'Kubiņu masa'!$D47)/'Kubiņu masa'!$D47*100 -> 3.6190476 | H44: =('Kubiņu masa'!H47-'Kubiņu masa'!$D47)/'Kubiņu masa'!$D47*100 -> 3.6190476 | I44: =('Kubiņu masa'!I47-'Kubiņu masa'!$D47)/'Kubiņu masa'!$D47*100 -> 4.952381 | J44: =('Kubiņu masa'!J47-'Kubiņu masa'!$D47)/'Kubiņu masa'!$D47*100 -> 4.952381 | K44: =('Kubiņu masa'!K47-'Kubiņu masa'!$D47)/'Kubiņu masa'!$D47*100 -> 6.6666667 | ... P44: =('Kubiņu masa'!P47-'Kubiņu masa'!$D47)/'Kubiņu masa'!$D47*100 -> 10.285714 | Q44: nav
C45: 314 | D45: =('Kubiņu masa'!D48-'Kubiņu masa'!$D48)/'Kubiņu masa'!$D48*100 -> 0 | E45: =('Kubiņu masa'!E48-'Kubiņu masa'!$D48)/'Kubiņu masa'!$D48*100 -> 2.7777778 | F45: =('Kubiņu masa'!F48-'Kubiņu masa'!$D48)/'Kubiņu masa'!$D48*100 -> 2.7777778 | G45: =('Kubiņu masa'!G48-'Kubiņu masa'!$D48)/'Kubiņu masa'!$D48*100 -> 3.5185185 | H45: =('Kubiņu masa'!H48-'Kubiņu masa'!$D48)/'Kubiņu masa'!$D48*100 -> 3.5185185 | I45: =('Kubiņu masa'!I48-'Kubiņu masa'!$D48)/'Kubiņu masa'!$D48*100 -> 5 | J45: =('Kubiņu masa'!J48-'Kubiņu masa'!$D48)/'Kubiņu masa'!$D48*100 -> 5 | K45: =('Kubiņu masa'!K48-'Kubiņu masa'!$D48)/'Kubiņu masa'!$D48*100 -> 6.6666667 | ... P45: =('Kubiņu masa'!P48-'Kubiņu masa'!$D48)/'Kubiņu masa'!$D48*100 -> 10.37037 | Q45: nav
C46: 280 | D46: =('Kubiņu masa'!D49-'Kubiņu masa'!$D49)/'Kubiņu masa'!$D49*100 -> 0 | E46: =('Kubiņu masa'!E49-'Kubiņu masa'!$D49)/'Kubiņu masa'!$D49*100 -> 2.7675277 | F46: =('Kubiņu masa'!F49-'Kubiņu masa'!$D49)/'Kubiņu masa'!$D49*100 -> 2.7675277 | G46: =('Kubiņu masa'!G49-'Kubiņu masa'!$D49)/'Kubiņu masa'!$D49*100 -> 3.6900369 | H46: =('Kubiņu masa'!H49-'Kubiņu masa'!$D49)/'Kubiņu masa'!$D49*100 -> 3.6900369 | I46: =('Kubiņu masa'!I49-'Kubiņu masa'!$D49)/'Kubiņu masa'!$D49*100 -> 4.9815498 | J46: =('Kubiņu masa'!J49-'Kubiņu masa'!$D49)/'Kubiņu masa'!$D49*100 -> 4.9815498 | K46: =('Kubiņu masa'!K49-'Kubiņu masa'!$D49)/'Kubiņu masa'!$D49*100 -> 6.8265683 | ... P46: =('Kubiņu masa'!P49-'Kubiņu masa'!$D49)/'Kubiņu masa'!$D49*100 -> 10.516605 | Q46: nav
B47: sa3 | C47: 172 | D47: =('Kubiņu masa'!D50-'Kubiņu masa'!$D50)/'Kubiņu masa'!$D50*100 -> 0 | E47: =('Kubiņu masa'!E50-'Kubiņu masa'!$D50)/'Kubiņu masa'!$D50*100 -> 3.0927835 | F47: =('Kubiņu masa'!F50-'Kubiņu masa'!$D50)/'Kubiņu masa'!$D50*100 -> 3.0927835 | G47: =('Kubiņu masa'!G50-'Kubiņu masa'!$D50)/'Kubiņu masa'!$D50*100 -> 3.95189 | H47: =('Kubiņu masa'!H50-'Kubiņu masa'!$D50)/'Kubiņu masa'!$D50*100 -> 3.95189 | I47: =('Kubiņu masa'!I50-'Kubiņu masa'!$D50)/'Kubiņu masa'!$D50*100 -> 5.3264605 | J47: =('Kubiņu masa'!J50-'Kubiņu masa'!$D50)/'Kubiņu masa'!$D50*100 -> 5.3264605 | K47: =('Kubiņu masa'!K50-'Kubiņu masa'!$D50)/'Kubiņu masa'!$D50*100 -> 7.2164948 | ... P47: =('Kubiņu masa'!P50-'Kubiņu masa'!$D50)/'Kubiņu masa'!$D50*100 -> 11.168385 | Q47: nav
C48: 229 | D48: =('Kubiņu masa'!D51-'Kubiņu masa'!$D51)/'Kubiņu masa'!$D51*100 -> 0 | E48: =('Kubiņu masa'!E51-'Kubiņu masa'!$D51)/'Kubiņu masa'!$D51*100 -> 3.2702238 | F48: =('Kubiņu masa'!F51-'Kubiņu masa'!$D51)/'Kubiņu masa'!$D51*100 -> 3.2702238 | G48: =('Kubiņu masa'!G51-'Kubiņu masa'!$D51)/'Kubiņu masa'!$D51*100 -> 4.130809 | H48: =('Kubiņu masa'!H51-'Kubiņu masa'!$D51)/'Kubiņu masa'!$D51*100 -> 4.130809 | I48: =('Kubiņu masa'!I51-'Kubiņu masa'!$D51)/'Kubiņu masa'!$D51*100 -> 5.6798623 | J48: =('Kubiņu masa'!J51-'Kubiņu masa'!$D51)/'Kubiņu masa'!$D51*100 -> 5.6798623 | K48: =('Kubiņu masa'!K51-'Kubiņu masa'!$D51)/'Kubiņu masa'!$D51*100 -> 7.5731497 | ... P48: =('Kubiņu masa'!P51-'Kubiņu masa'!$D51)/'Kubiņu masa'!$D51*100 -> 11.531842 | Q48: nav
C49: 349 | D49: =('Kubiņu masa'!D52-'Kubiņu masa'!$D52)/'Kubiņu masa'!$D52*100 -> 0 | E49: =('Kubiņu masa'!E52-'Kubiņu masa'!$D52)/'Kubiņu masa'!$D52*100 -> 3.2590051 | F49: =('Kubiņu masa'!F52-'Kubiņu masa'!$D52)/'Kubiņu masa'!$D52*100 -> 3.2590051 | G49: =('Kubiņu masa'!G52-'Kubiņu masa'!$D52)/'Kubiņu masa'!$D52*100 -> 4.1166381 | H49: =('Kubiņu masa'!H52-'Kubiņu masa'!$D52)/'Kubiņu masa'!$D52*100 -> 4.1166381 | I49: =('Kubiņu masa'!I52-'Kubiņu masa'!$D52)/'Kubiņu masa'!$D52*100 -> 5.6603774 | J49: =('Kubiņu masa'!J52-'Kubiņu masa'!$D52)/'Kubiņu masa'!$D52*100 -> 5.6603774 | K49: =('Kubiņu masa'!K52-'Kubiņu masa'!$D52)/'Kubiņu masa'!$D52*100 -> 7.5471698 | ... P49: =('Kubiņu masa'!P52-'Kubiņu masa'!$D52)/'Kubiņu masa'!$D52*100 -> 11.835334 | Q49: nav
B50: sa4 | C50: 193 | D50: =('Kubiņu masa'!D53-'Kubiņu masa'!$D53)/'Kubiņu masa'!$D53*100 -> 0 | E50: =('Kubiņu masa'!E53-'Kubiņu masa'!$D53)/'Kubiņu masa'!$D53*100 -> 2.7334852 | F50: =('Kubiņu masa'!F53-'Kubiņu masa'!$D53)/'Kubiņu masa'!$D53*100 -> 2.7334852 | G50: =('Kubiņu masa'!G53-'Kubiņu masa'!$D53)/'Kubiņu masa'!$D53*100 -> 3.4168565 | H50: =('Kubiņu masa'!H53-'Kubiņu masa'!$D53)/'Kubiņu masa'!$D53*100 -> 3.4168565 | I50: =('Kubiņu masa'!I53-'Kubiņu masa'!$D53)/'Kubiņu masa'!$D53*100 -> 4.7835991 | J50: =('Kubiņu masa'!J53-'Kubiņu masa'!$D53)/'Kubiņu masa'!$D53*100 -> 4.7835991 | K50: =('Kubiņu masa'!K53-'Kubiņu masa'!$D53)/'Kubiņu masa'!$D53*100 -> 6.6059226 | ... P50: =('Kubiņu masa'!P53-'Kubiņu masa'!$D53)/'Kubiņu masa'!$D53*100 -> 10.70615 | Q50: nav
C51: 160 | D51: =('Kubiņu masa'!D54-'Kubiņu masa'!$D54)/'Kubiņu masa'!$D54*100 -> 0 | E51: =('Kubiņu masa'!E54-'Kubiņu masa'!$D54)/'Kubiņu masa'!$D54*100 -> 2.2988506 | F51: =('Kubiņu masa'!F54-'Kubiņu masa'!$D54)/'Kubiņu masa'!$D54*100 -> 2.2988506 | G51: =('Kubiņu masa'!G54-'Kubiņu masa'!$D54)/'Kubiņu masa'!$D54*100 -> 3.2183908 | H51: =('Kubiņu masa'!H54-'Kubiņu masa'!$D54)/'Kubiņu masa'!$D54*100 -> 3.2183908 | I51: =('Kubiņu masa'!I54-'Kubiņu masa'!$D54)/'Kubiņu masa'!$D54*100 -> 4.3678161 | J51: =('Kubiņu masa'!J54-'Kubiņu masa'!$D54)/'Kubiņu masa'!$D54*100 -> 4.3678161 | K51: =('Kubiņu masa'!K54-'Kubiņu masa'!$D54)/'Kubiņu masa'!$D54*100 -> 6.2068966 | ... P51: =('Kubiņu masa'!P54-'Kubiņu masa'!$D54)/'Kubiņu masa'!$D54*100 -> 9.8850575 | Q51: nav
C52: 218 | D52: =('Kubiņu masa'!D55-'Kubiņu masa'!$D55)/'Kubiņu masa'!$D55*100 -> 0 | E52: =('Kubiņu masa'!E55-'Kubiņu masa'!$D55)/'Kubiņu masa'!$D55*100 -> 2.3866348 | F52: =('Kubiņu masa'!F55-'Kubiņu masa'!$D55)/'Kubiņu masa'!$D55*100 -> 2.3866348 | G52: =('Kubiņu masa'!G55-'Kubiņu masa'!$D55)/'Kubiņu masa'!$D55*100 -> 3.1026253 | H52: =('Kubiņu masa'!H55-'Kubiņu masa'!$D55)/'Kubiņu masa'!$D55*100 -> 3.3412888 | I52: =('Kubiņu masa'!I55-'Kubiņu masa'!$D55)/'Kubiņu masa'!$D55*100 -> 4.5346062 | J52: =('Kubiņu masa'!J55-'Kubiņu masa'!$D55)/'Kubiņu masa'!$D55*100 -> 4.5346062 | K52: =('Kubiņu masa'!K55-'Kubiņu masa'!$D55)/'Kubiņu masa'!$D55*100 -> 6.2052506 | ... P52: =('Kubiņu masa'!P55-'Kubiņu masa'!$D55)/'Kubiņu masa'!$D55*100 -> 9.7852029 | Q52: nav
A53: references | B53: Sap | C53: 32 | D53: =('Kubiņu masa'!D56-'Kubiņu masa'!$D56)/'Kubiņu masa'!$D56*100 -> 0 | E53: =('Kubiņu masa'!E56-'Kubiņu masa'!$D56)/'Kubiņu masa'!$D56*100 -> 3.9973788 | F53: =('Kubiņu masa'!F56-'Kubiņu masa'!$D56)/'Kubiņu masa'!$D56*100 -> 4.0629096 | G53: =('Kubiņu masa'!G56-'Kubiņu masa'!$D56)/'Kubiņu masa'!$D56*100 -> 5.0458716 | H53: =('Kubiņu masa'!H56-'Kubiņu masa'!$D56)/'Kubiņu masa'!$D56*100 -> 5.1114024 | I53: =('Kubiņu masa'!I56-'Kubiņu masa'!$D56)/'Kubiņu masa'!$D56*100 -> 7.1428571 | J53: =('Kubiņu masa'!J56-'Kubiņu masa'!$D56)/'Kubiņu masa'!$D56*100 -> 7.1428571 | K53: =('Kubiņu masa'!K56-'Kubiņu masa'!$D56)/'Kubiņu masa'!$D56*100 -> 8.9121887 | ... P53: =('Kubiņu masa'!P56-'Kubiņu masa'!$D56)/'Kubiņu masa'!$D56*100 -> 15.792923 | Q53: maz
C54: 33 | D54: =('Kubiņu masa'!D57-'Kubiņu masa'!$D57)/'Kubiņu masa'!$D57*100 -> 0 | E54: =('Kubiņu masa'!E57-'Kubiņu masa'!$D57)/'Kubiņu masa'!$D57*100 -> 3.7275064 | F54: =('Kubiņu masa'!F57-'Kubiņu masa'!$D57)/'Kubiņu masa'!$D57*100 -> 3.7917738 | G54: =('Kubiņu masa'!G57-'Kubiņu masa'!$D57)/'Kubiņu masa'!$D57*100 -> 4.7557841 | H54: =('Kubiņu masa'!H57-'Kubiņu masa'!$D57)/'Kubiņu masa'!$D57*100 -> 4.8200514 | I54: =('Kubiņu masa'!I57-'Kubiņu masa'!$D57)/'Kubiņu masa'!$D57*100 -> 6.8766067 | J54: =('Kubiņu masa'!J57-'Kubiņu masa'!$D57)/'Kubiņu masa'!$D57*100 -> 6.940874 | K54: =('Kubiņu masa'!K57-'Kubiņu masa'!$D57)/'Kubiņu masa'!$D57*100 -> 8.6760925 | ... P54: =('Kubiņu masa'!P57-'Kubiņu masa'!$D57)/'Kubiņu masa'!$D57*100 -> 14.910026 | Q54: maz
C55: 34 | D55: =('Kubiņu masa'!D58-'Kubiņu masa'!$D58)/'Kubiņu masa'!$D58*100 -> 0 | E55: =('Kubiņu masa'!E58-'Kubiņu masa'!$D58)/'Kubiņu masa'!$D58*100 -> 3.5580524 | F55: =('Kubiņu masa'!F58-'Kubiņu masa'!$D58)/'Kubiņu masa'!$D58*100 -> 3.6828964 | G55: =('Kubiņu masa'!G58-'Kubiņu masa'!$D58)/'Kubiņu masa'!$D58*100 -> 4.556804 | H55: =('Kubiņu masa'!H58-'Kubiņu masa'!$D58)/'Kubiņu masa'!$D58*100 -> 4.619226 | I55: =('Kubiņu masa'!I58-'Kubiņu masa'!$D58)/'Kubiņu masa'!$D58*100 -> 6.6167291 | J55: =('Kubiņu masa'!J58-'Kubiņu masa'!$D58)/'Kubiņu masa'!$D58*100 -> 6.6791511 | K55: =('Kubiņu masa'!K58-'Kubiņu masa'!$D58)/'Kubiņu masa'!$D58*100 -> 8.5518102 | ... P55: =('Kubiņu masa'!P58-'Kubiņu masa'!$D58)/'Kubiņu masa'!$D58*100 -> 14.669164 | Q55: maz
B56: mMDF | C56: 50 | D56: =('Kubiņu masa'!D59-'Kubiņu masa'!$D59)/'Kubiņu masa'!$D59*100 -> 0 | E56: =('Kubiņu masa'!E59-'Kubiņu masa'!$D59)/'Kubiņu masa'!$D59*100 -> 2.82523 | F56: =('Kubiņu masa'!F59-'Kubiņu masa'!$D59)/'Kubiņu masa'!$D59*100 -> 2.82523 | G56: =('Kubiņu masa'!G59-'Kubiņu masa'!$D59)/'Kubiņu masa'!$D59*100 -> 3.2851511 | H56: =('Kubiņu masa'!H59-'Kubiņu masa'!$D59)/'Kubiņu masa'!$D59*100 -> 3.2851511 | I56: =('Kubiņu masa'!I59-'Kubiņu masa'!$D59)/'Kubiņu masa'!$D59*100 -> 4.5335085 | J56: =('Kubiņu masa'!J59-'Kubiņu masa'!$D59)/'Kubiņu masa'!$D59*100 -> 4.5992116 | K56: =('Kubiņu masa'!K59-'Kubiņu masa'!$D59)/'Kubiņu masa'!$D59*100 -> 6.1760841 | ... P56: =('Kubiņu masa'!P59-'Kubiņu masa'!$D59)/'Kubiņu masa'!$D59*100 -> 10.840999 | Q56: maz
C57: 51 | D57: =('Kubiņu masa'!D60-'Kubiņu masa'!$D60)/'Kubiņu masa'!$D60*100 -> 0 | E57: =('Kubiņu masa'!E60-'Kubiņu masa'!$D60)/'Kubiņu masa'!$D60*100 -> 2.870494 | F57: =('Kubiņu masa'!F60-'Kubiņu masa'!$D60)/'Kubiņu masa'!$D60*100 -> 2.870494 | G57: =('Kubiņu masa'!G60-'Kubiņu masa'!$D60)/'Kubiņu masa'!$D60*100 -> 3.3377837 | H57: =('Kubiņu masa'!H60-'Kubiņu masa'!$D60)/'Kubiņu masa'!$D60*100 -> 3.3377837 | I57: =('Kubiņu masa'!I60-'Kubiņu masa'!$D60)/'Kubiņu masa'!$D60*100 -> 4.5393858 | J57: =('Kubiņu masa'!J60-'Kubiņu masa'!$D60)/'Kubiņu masa'!$D60*100 -> 4.6061415 | K57: =('Kubiņu masa'!K60-'Kubiņu masa'!$D60)/'Kubiņu masa'!$D60*100 -> 6.141522 | ... P57: =('Kubiņu masa'!P60-'Kubiņu masa'!$D60)/'Kubiņu masa'!$D60*100 -> 10.881175 | Q57: maz
C58: 52 | D58: =('Kubiņu masa'!D61-'Kubiņu masa'!$D61)/'Kubiņu masa'!$D61*100 -> 0 | E58: =('Kubiņu masa'!E61-'Kubiņu masa'!$D61)/'Kubiņu masa'!$D61*100 -> 2.919708 | F58: =('Kubiņu masa'!F61-'Kubiņu masa'!$D61)/'Kubiņu masa'!$D61*100 -> 2.919708 | G58: =('Kubiņu masa'!G61-'Kubiņu masa'!$D61)/'Kubiņu masa'!$D61*100 -> 3.384207 | H58: =('Kubiņu masa'!H61-'Kubiņu masa'!$D61)/'Kubiņu masa'!$D61*100 -> 3.450564 | I58: =('Kubiņu masa'!I61-'Kubiņu masa'!$D61)/'Kubiņu masa'!$D61*100 -> 4.578633 | J58: =('Kubiņu masa'!J61-'Kubiņu masa'!$D61)/'Kubiņu masa'!$D61*100 -> 4.64499 | K58: =('Kubiņu masa'!K61-'Kubiņu masa'!$D61)/'Kubiņu masa'!$D61*100 -> 6.1048441 | ... P58: =('Kubiņu masa'!P61-'Kubiņu masa'!$D61)/'Kubiņu masa'!$D61*100 -> 10.882548 | Q58: maz
B59: Laminēta skaidu plātne | C59: 8 | D59: =('Kubiņu masa'!D62-'Kubiņu masa'!$D62)/'Kubiņu masa'!$D62*100 -> 0 | E59: =('Kubiņu masa'!E62-'Kubiņu masa'!$D62)/'Kubiņu masa'!$D62*100 -> 3.2379518 | F59: =('Kubiņu masa'!F62-'Kubiņu masa'!$D62)/'Kubiņu masa'!$D62*100 -> 3.313253 | G59: =('Kubiņu masa'!G62-'Kubiņu masa'!$D62)/'Kubiņu masa'!$D62*100 -> 3.9909639 | H59: =('Kubiņu masa'!H62-'Kubiņu masa'!$D62)/'Kubiņu masa'!$D62*100 -> 4.0662651 | I59: =('Kubiņu masa'!I62-'Kubiņu masa'!$D62)/'Kubiņu masa'!$D62*100 -> 5.6475904 | J59: =('Kubiņu masa'!J62-'Kubiņu masa'!$D62)/'Kubiņu masa'!$D62*100 -> 5.6475904 | K59: =('Kubiņu masa'!K62-'Kubiņu masa'!$D62)/'Kubiņu masa'!$D62*100 -> 7.1536145 | ... P59: =('Kubiņu masa'!P62-'Kubiņu masa'!$D62)/'Kubiņu masa'!$D62*100 -> 11.671687 | Q59: maz
C60: 9 | D60: =('Kubiņu masa'!D63-'Kubiņu masa'!$D63)/'Kubiņu masa'!$D63*100 -> 0 | E60: =('Kubiņu masa'!E63-'Kubiņu masa'!$D63)/'Kubiņu masa'!$D63*100 -> 3.3460076 | F60: =('Kubiņu masa'!F63-'Kubiņu masa'!$D63)/'Kubiņu masa'!$D63*100 -> 3.3460076 | G60: =('Kubiņu masa'!G63-'Kubiņu masa'!$D63)/'Kubiņu masa'!$D63*100 -> 4.1064639 | H60: =('Kubiņu masa'!H63-'Kubiņu masa'!$D63)/'Kubiņu masa'!$D63*100 -> 4.1064639 | I60: =('Kubiņu masa'!I63-'Kubiņu masa'!$D63)/'Kubiņu masa'!$D63*100 -> 5.7034221 | J60: =('Kubiņu masa'!J63-'Kubiņu masa'!$D63)/'Kubiņu masa'!$D63*100 -> 5.7034221 | K60: =('Kubiņu masa'!K63-'Kubiņu masa'!$D63)/'Kubiņu masa'!$D63*100 -> 7.0722433 | ... P60: =('Kubiņu masa'!P63-'Kubiņu masa'!$D63)/'Kubiņu masa'!$D63*100 -> 11.711027 | Q60: nav
C61: 10 | D61: =('Kubiņu masa'!D64-'Kubiņu masa'!$D64)/'Kubiņu masa'!$D64*100 -> 0 | E61: =('Kubiņu masa'!E64-'Kubiņu masa'!$D64)/'Kubiņu masa'!$D64*100 -> 3.4429992 | F61: =('Kubiņu masa'!F64-'Kubiņu masa'!$D64)/'Kubiņu masa'!$D64*100 -> 3.4429992 | G61: =('Kubiņu masa'!G64-'Kubiņu masa'!$D64)/'Kubiņu masa'!$D64*100 -> 4.1315991 | H61: =('Kubiņu masa'!H64-'Kubiņu masa'!$D64)/'Kubiņu masa'!$D64*100 -> 4.2081102 | I61: =('Kubiņu masa'!I64-'Kubiņu masa'!$D64)/'Kubiņu masa'!$D64*100 -> 5.8148432 | J61: =('Kubiņu masa'!J64-'Kubiņu masa'!$D64)/'Kubiņu masa'!$D64*100 -> 5.8148432 | K61: =('Kubiņu masa'!K64-'Kubiņu masa'!$D64)/'Kubiņu masa'!$D64*100 -> 7.1920428 | ... P61: =('Kubiņu masa'!P64-'Kubiņu masa'!$D64)/'Kubiņu masa'!$D64*100 -> 11.85922 | Q61: maz
B62: Mitrumizturīga skaidu plātne | C62: 38 | D62: =('Kubiņu masa'!D65-'Kubiņu masa'!$D65)/'Kubiņu masa'!$D65*100 -> 0 | E62: =('Kubiņu masa'!E65-'Kubiņu masa'!$D65)/'Kubiņu masa'!$D65*100 -> 3.8202247 | F62: =('Kubiņu masa'!F65-'Kubiņu masa'!$D65)/'Kubiņu masa'!$D65*100 -> 3.8202247 | G62: =('Kubiņu masa'!G65-'Kubiņu masa'!$D65)/'Kubiņu masa'!$D65*100 -> 4.5692884 | H62: =('Kubiņu masa'!H65-'Kubiņu masa'!$D65)/'Kubiņu masa'!$D65*100 -> 4.5692884 | I62: =('Kubiņu masa'!I65-'Kubiņu masa'!$D65)/'Kubiņu masa'!$D65*100 -> 6.1423221 | J62: =('Kubiņu masa'!J65-'Kubiņu masa'!$D65)/'Kubiņu masa'!$D65*100 -> 6.2172285 | K62: =('Kubiņu masa'!K65-'Kubiņu masa'!$D65)/'Kubiņu masa'!$D65*100 -> 7.7153558 | ... P62: =('Kubiņu masa'!P65-'Kubiņu masa'!$D65)/'Kubiņu masa'!$D65*100 -> 12.134831 | Q62: maz
C63: 39 | D63: =('Kubiņu masa'!D66-'Kubiņu masa'!$D66)/'Kubiņu masa'!$D66*100 -> 0 | E63: =('Kubiņu masa'!E66-'Kubiņu masa'!$D66)/'Kubiņu masa'!$D66*100 -> 3.6814425 | F63: =('Kubiņu masa'!F66-'Kubiņu masa'!$D66)/'Kubiņu masa'!$D66*100 -> 3.756574 | G63: =('Kubiņu masa'!G66-'Kubiņu masa'!$D66)/'Kubiņu masa'!$D66*100 -> 4.4327573 | H63: =('Kubiņu masa'!H66-'Kubiņu masa'!$D66)/'Kubiņu masa'!$D66*100 -> 4.5078888 | I63: =('Kubiņu masa'!I66-'Kubiņu masa'!$D66)/'Kubiņu masa'!$D66*100 -> 6.0105184 | J63: =('Kubiņu masa'!J66-'Kubiņu masa'!$D66)/'Kubiņu masa'!$D66*100 -> 6.0856499 | K63: =('Kubiņu masa'!K66-'Kubiņu masa'!$D66)/'Kubiņu masa'!$D66*100 -> 7.513148 | ... P63: =('Kubiņu masa'!P66-'Kubiņu masa'!$D66)/'Kubiņu masa'!$D66*100 -> 12.096168 | Q63: maz
C64: 40 | D64: =('Kubiņu masa'!D67-'Kubiņu masa'!$D67)/'Kubiņu masa'!$D67*100 -> 0 | E64: =('Kubiņu masa'!E67-'Kubiņu masa'!$D67)/'Kubiņu masa'!$D67*100 -> 3.7091988 | F64: =('Kubiņu masa'!F67-'Kubiņu masa'!$D67)/'Kubiņu masa'!$D67*100 -> 3.7833828 | G64: =('Kubiņu masa'!G67-'Kubiņu masa'!$D67)/'Kubiņu masa'!$D67*100 -> 4.4510386 | H64: =('Kubiņu masa'!H67-'Kubiņu masa'!$D67)/'Kubiņu masa'!$D67*100 -> 4.4510386 | I64: =('Kubiņu masa'!I67-'Kubiņu masa'!$D67)/'Kubiņu masa'!$D67*100 -> 6.0089021 | J64: =('Kubiņu masa'!J67-'Kubiņu masa'!$D67)/'Kubiņu masa'!$D67*100 -> 6.0830861 | K64: =('Kubiņu masa'!K67-'Kubiņu masa'!$D67)/'Kubiņu masa'!$D67*100 -> 7.6409496 | ... P64: =('Kubiņu masa'!P67-'Kubiņu masa'!$D67)/'Kubiņu masa'!$D67*100 -> 12.017804 | Q64: maz
B65: Laminēts MDF | C65: 45 | D65: =('Kubiņu masa'!D68-'Kubiņu masa'!$D68)/'Kubiņu masa'!$D68*100 -> 0 | E65: =('Kubiņu masa'!E68-'Kubiņu masa'!$D68)/'Kubiņu masa'!$D68*100 -> 2.6878436 | F65: =('Kubiņu masa'!F68-'Kubiņu masa'!$D68)/'Kubiņu masa'!$D68*100 -> 2.748931 | G65: =('Kubiņu masa'!G68-'Kubiņu masa'!$D68)/'Kubiņu masa'!$D68*100 -> 3.1765425 | H65: =('Kubiņu masa'!H68-'Kubiņu masa'!$D68)/'Kubiņu masa'!$D68*100 -> 3.1765425 | I65: =('Kubiņu masa'!I68-'Kubiņu masa'!$D68)/'Kubiņu masa'!$D68*100 -> 4.5204643 | J65: =('Kubiņu masa'!J68-'Kubiņu masa'!$D68)/'Kubiņu masa'!$D68*100 -> 4.5815516 | K65: =('Kubiņu masa'!K68-'Kubiņu masa'!$D68)/'Kubiņu masa'!$D68*100 -> 5.9254734 | ... P65: =('Kubiņu masa'!P68-'Kubiņu masa'!$D68)/'Kubiņu masa'!$D68*100 -> 10.445938 | Q65: nav
C66: 46 | D66: =('Kubiņu masa'!D69-'Kubiņu masa'!$D69)/'Kubiņu masa'!$D69*100 -> 0 | E66: =('Kubiņu masa'!E69-'Kubiņu masa'!$D69)/'Kubiņu masa'!$D69*100 -> 2.6944274 | F66: =('Kubiņu masa'!F69-'Kubiņu masa'!$D69)/'Kubiņu masa'!$D69*100 -> 2.7556644 | G66: =('Kubiņu masa'!G69-'Kubiņu masa'!$D69)/'Kubiņu masa'!$D69*100 -> 3.1230863 | H66: =('Kubiņu masa'!H69-'Kubiņu masa'!$D69)/'Kubiņu masa'!$D69*100 -> 3.1843233 | I66: =('Kubiņu masa'!I69-'Kubiņu masa'!$D69)/'Kubiņu masa'!$D69*100 -> 4.4703001 | J66: =('Kubiņu masa'!J69-'Kubiņu masa'!$D69)/'Kubiņu masa'!$D69*100 -> 4.531537 | K66: =('Kubiņu masa'!K69-'Kubiņu masa'!$D69)/'Kubiņu masa'!$D69*100 -> 6.0012247 | ... P66: =('Kubiņu masa'!P69-'Kubiņu masa'!$D69)/'Kubiņu masa'!$D69*100 -> 10.593999 | Q66: nav
B67: MDF | C67: 26 | D67: =('Kubiņu masa'!D70-'Kubiņu masa'!$D70)/'Kubiņu masa'!$D70*100 -> 0 | E67: =('Kubiņu masa'!E70-'Kubiņu masa'!$D70)/'Kubiņu masa'!$D70*100 -> 3.5016835 | F67: =('Kubiņu masa'!F70-'Kubiņu masa'!$D70)/'Kubiņu masa'!$D70*100 -> 3.5690236 | G67: =('Kubiņu masa'!G70-'Kubiņu masa'!$D70)/'Kubiņu masa'!$D70*100 -> 4.1077441 | H67: =('Kubiņu masa'!H70-'Kubiņu masa'!$D70)/'Kubiņu masa'!$D70*100 -> 4.1750842 | I67: =('Kubiņu masa'!I70-'Kubiņu masa'!$D70)/'Kubiņu masa'!$D70*100 -> 5.8585859 | J67: =('Kubiņu masa'!J70-'Kubiņu masa'!$D70)/'Kubiņu masa'!$D70*100 -> 5.9259259 | K67: =('Kubiņu masa'!K70-'Kubiņu masa'!$D70)/'Kubiņu masa'!$D70*100 -> 7.6767677 | ... P67: =('Kubiņu masa'!P70-'Kubiņu masa'!$D70)/'Kubiņu masa'!$D70*100 -> 12.323232 | Q67: daudz
C68: 27 | D68: =('Kubiņu masa'!D71-'Kubiņu masa'!$D71)/'Kubiņu masa'!$D71*100 -> 0 | E68: =('Kubiņu masa'!E71-'Kubiņu masa'!$D71)/'Kubiņu masa'!$D71*100 -> 3.5254237 | F68: =('Kubiņu masa'!F71-'Kubiņu masa'!$D71)/'Kubiņu masa'!$D71*100 -> 3.5932203 | G68: =('Kubiņu masa'!G71-'Kubiņu masa'!$D71)/'Kubiņu masa'!$D71*100 -> 4.1355932 | H68: =('Kubiņu masa'!H71-'Kubiņu masa'!$D71)/'Kubiņu masa'!$D71*100 -> 4.1355932 | I68: =('Kubiņu masa'!I71-'Kubiņu masa'!$D71)/'Kubiņu masa'!$D71*100 -> 5.8305085 | J68: =('Kubiņu masa'!J71-'Kubiņu masa'!$D71)/'Kubiņu masa'!$D71*100 -> 5.8983051 | K68: =('Kubiņu masa'!K71-'Kubiņu masa'!$D71)/'Kubiņu masa'!$D71*100 -> 7.6610169 | ... P68: =('Kubiņu masa'!P71-'Kubiņu masa'!$D71)/'Kubiņu masa'!$D71*100 -> 12.474576 | Q68: daudz
C69: 28 | D69: =('Kubiņu masa'!D72-'Kubiņu masa'!$D72)/'Kubiņu masa'!$D72*100 -> 0 | E69: =('Kubiņu masa'!E72-'Kubiņu masa'!$D72)/'Kubiņu masa'!$D72*100 -> 3.4993271 | F69: =('Kubiņu masa'!F72-'Kubiņu masa'!$D72)/'Kubiņu masa'!$D72*100 -> 3.5666218 | G69: =('Kubiņu masa'!G72-'Kubiņu masa'!$D72)/'Kubiņu masa'!$D72*100 -> 4.1049798 | H69: =('Kubiņu masa'!H72-'Kubiņu masa'!$D72)/'Kubiņu masa'!$D72*100 -> 4.1049798 | I69: =('Kubiņu masa'!I72-'Kubiņu masa'!$D72)/'Kubiņu masa'!$D72*100 -> 5.8546433 | J69: =('Kubiņu masa'!J72-'Kubiņu masa'!$D72)/'Kubiņu masa'!$D72*100 -> 5.9219381 | K69: =('Kubiņu masa'!K72-'Kubiņu masa'!$D72)/'Kubiņu masa'!$D72*100 -> 7.5370121 | ... P69: =('Kubiņu masa'!P72-'Kubiņu masa'!$D72)/'Kubiņu masa'!$D72*100 -> 12.449529 | Q69: daudz

Sheet Statistikai
A1: apstrade | B1: substrate | C1: id | D1: rh | E1: date | F1: humidity% | G1: masa | H1: udens | I1: tilpumprocenti
A2: sub | B2: BSD1 | C2: 9 | D2: 50 | E2: 2025-11-26 | F2: 3.9187228 | G2: 7.16 | H2: =G2-'Kubiņu masa'!D8 -> 0.27 | I2: =H2/27*100 -> 1
A3: sub | B3: BSD1 | C3: 27 | D3: 50 | E3: 2025-11-26 | F3: 3.4674064 | G3: 7.46 | H3: =G3-'Kubiņu masa'!D9 -> 0.25 | I3: =H3/27*100 -> 0.92592593
A4: sub | B4: BSD1 | C4: 106 | D4: 50 | E4: 2025-11-26 | F4: 3.4965035 | G4: 7.4 | H4: =G4-'Kubiņu masa'!D10 -> 0.25 | I4: =H4/27*100 -> 0.92592593
A5: sub | B5: BSD2 | C5: 39 | D5: 50 | E5: 2025-11-26 | F5: 3.220339 | G5: 6.09 | H5: =G5-'Kubiņu masa'!D11 -> 0.19 | I5: =H5/27*100 -> 0.7037037
A6: sub | B6: BSD2 | C6: 55 | D6: 50 | E6: 2025-11-26 | F6: 3.2679739 | G6: 6.32 | H6: =G6-'Kubiņu masa'!D12 -> 0.2 | I6: =H6/27*100 -> 0.74074074
A7: sub | B7: BSD2 | C7: 122 | D7: 50 | E7: 2025-11-26 | F7: 3.236246 | G7: 6.38 | H7: =G7-'Kubiņu masa'!D13 -> 0.2 | I7: =H7/27*100 -> 0.74074074
A8: sub | B8: BSD3 | C8: 66 | D8: 50 | E8: 2025-11-26 | F8: 3.4578147 | G8: 7.48 | H8: =G8-'Kubiņu masa'!D14 -> 0.25 | I8: =H8/27*100 -> 0.92592593
A9: sub | B9: BSD3 | C9: 142 | D9: 50 | E9: 2025-11-26 | F9: 3.6842105 | G9: 7.88 | H9: =G9-'Kubiņu masa'!D15 -> 0.28 | I9: =H9/27*100 -> 1.037037
A10: sub | B10: BSD3 | C10: 147 | D10: 50 | E10: 2025-11-26 | F10: 3.638814 | G10: 7.69 | H10: =G10-'Kubiņu masa'!D16 -> 0.27 | I10: =H10/27*100 -> 1
A11: sub | B11: BSD4 | C11: 75 | D11: 50 | E11: 2025-11-26 | F11: 3.298153 | G11: 7.83 | H11: =G11-'Kubiņu masa'!D17 -> 0.25 | I11: =H11/27*100 -> 0.92592593
A12: sub | B12: BSD4 | C12: 81 | D12: 50 | E12: 2025-11-26 | F12: 3.2808399 | G12: 7.87 | H12: =G12-'Kubiņu masa'!D18 -> 0.25 | I12: =H12/27*100 -> 0.92592593
A13: sub | B13: BSD4 | C13: 91 | D13: 50 | E13: 2025-11-26 | F13: 3.1969309 | G13: 8.07 | H13: =G13-'Kubiņu masa'!D19 -> 0.25 | I13: =H13/27*100 -> 0.92592593
... A49: hito_sub | B49: WS4 | C49: 218 | D49: 50 | E49: 2025-11-26 | F49: 2.3866348 | G49: 4.29 | H49: =G49-'Kubiņu masa'!D55 -> 0.1 | I49: =H49/27*100 -> 0.37037037
A50: ref | B50: BP | C50: 32 | D50: 50 | E50: 2025-11-26 | F50: 3.9973788 | G50: 15.87 | H50: =G50-'Kubiņu masa'!D56 -> 0.61 | I50: =H50/15*100 -> 4.0666667
A51: ref | B51: BP | C51: 33 | D51: 50 | E51: 2025-11-26 | F51: 3.7275064 | G51: 16.14 | H51: =G51-'Kubiņu masa'!D57 -> 0.58 | I51: =H51/15*100 -> 3.8666667
A52: ref | B52: BP | C52: 34 | D52: 50 | E52: 2025-11-26 | F52: 3.5580524 | G52: 16.59 | H52: =G52-'Kubiņu masa'!D58 -> 0.57 | I52: =H52/15*100 -> 3.8
A53: ref | B53: mMDF | C53: 50 | D53: 50 | E53: 2025-11-26 | F53: 2.82523 | G53: 15.65 | H53: =G53-'Kubiņu masa'!D59 -> 0.43 | I53: =H53/15*100 -> 2.8666667
A54: ref | B54: mMDF | C54: 51 | D54: 50 | E54: 2025-11-26 | F54: 2.870494 | G54: 15.41 | H54: =G54-'Kubiņu masa'!D60 -> 0.43 | I54: =H54/15*100 -> 2.8666667
A55: ref | B55: mMDF | C55: 52 | D55: 50 | E55: 2025-11-26 | F55: 2.919708 | G55: 15.51 | H55: =G55-'Kubiņu masa'!D61 -> 0.44 | I55: =H55/15*100 -> 2.9333333
A56: ref | B56: LPB | C56: 8r | D56: 50 | E56: 2025-11-26 | F56: 3.2379518 | G56: 13.71 | H56: =G56-'Kubiņu masa'!D62 -> 0.43 | I56: =H56/15*100 -> 2.8666667
A57: ref | B57: LPB | C57: 9r | D57: 50 | E57: 2025-11-26 | F57: 3.3460076 | G57: 13.59 | H57: =G57-'Kubiņu masa'!D63 -> 0.44 | I57: =H57/15*100 -> 2.9333333
A58: ref | B58: LPB | C58: 10r | D58: 50 | E58: 2025-11-26 | F58: 3.4429992 | G58: 13.52 | H58: =G58-'Kubiņu masa'!D64 -> 0.45 | I58: =H58/15*100 -> 3
A59: ref | B59: MRPB | C59: 38r | D59: 50 | E59: 2025-11-26 | F59: 3.8202247 | G59: 13.86 | H59: =G59-'Kubiņu masa'!D65 -> 0.51 | I59: =H59/15*100 -> 3.4
A60: ref | B60: MRPB | C60: 39r | D60: 50 | E60: 2025-11-26 | F60: 3.6814425 | G60: 13.8 | H60: =G60-'Kubiņu masa'!D66 -> 0.49 | I60: =H60/15*100 -> 3.2666667
A61: ref | B61: MRPB | C61: 40r | D61: 50 | E61: 2025-11-26 | F61: 3.7091988 | G61: 13.98 | H61: =G61-'Kubiņu masa'!D67 -> 0.5 | I61: =H61/15*100 -> 3.3333333
A62: ref | B62: LMDF | C62: 45r | D62: 50 | E62: 2025-11-26 | F62: 2.6878436 | G62: 16.81 | H62: =G62-'Kubiņu masa'!D68 -> 0.44 | I62: =H62/15*100 -> 2.9333333
A63: ref | B63: LMDF | C63: 46r | D63: 50 | E63: 2025-11-26 | F63: 2.6944274 | G63: 16.77 | H63: =G63-'Kubiņu masa'!D69 -> 0.44 | I63: =H63/15*100 -> 2.9333333
A64: ref | B64: MDF | C64: 26r | D64: 50 | E64: 2025-11-26 | F64: 3.5016835 | G64: 15.37 | H64: =G64-'Kubiņu masa'!D70 -> 0.52 | I64: =H64/15*100 -> 3.4666667
A65: ref | B65: MDF | C65: 27r | D65: 50 | E65: 2025-11-26 | F65: 3.5254237 | G65: 15.27 | H65: =G65-'Kubiņu masa'!D71 -> 0.52 | I65: =H65/15*100 -> 3.4666667
A66: ref | B66: MDF | C66: 28r | D66: 50 | E66: 2025-11-26 | F66: 3.4993271 | G66: 15.38 | H66: =G66-'Kubiņu masa'!D72 -> 0.52 | I66: =H66/15*100 -> 3.4666667
A67: sub | B67: BSD1 | C67: 9 | D67: 50 | E67: 2025-11-28 | F67: 3.9187228 | G67: 7.16 | H67: =G67-'Kubiņu masa'!D8 -> 0.27 | I67: =H67/27*100 -> 1
A68: sub | B68: BSD1 | C68: 27 | D68: 50 | E68: 2025-11-28 | F68: 3.4674064 | G68: 7.46 | H68: =G68-'Kubiņu masa'!D9 -> 0.25 | I68: =H68/27*100 -> 0.92592593
A69: sub | B69: BSD1 | C69: 106 | D69: 50 | E69: 2025-11-28 | F69: 3.4965035 | G69: 7.4 | H69: =G69-'Kubiņu masa'!D10 -> 0.25 | I69: =H69/27*100 -> 0.92592593
A70: sub | B70: BSD2 | C70: 39 | D70: 50 | E70: 2025-11-28 | F70: 3.220339 | G70: 6.09 | H70: =G70-'Kubiņu masa'!D11 -> 0.19 | I70: =H70/27*100 -> 0.7037037
A71: sub | B71: BSD2 | C71: 55 | D71: 50 | E71: 2025-11-28 | F71: 3.2679739 | G71: 6.32 | H71: =G71-'Kubiņu masa'!D12 -> 0.2 | I71: =H71/27*100 -> 0.74074074
A72: sub | B72: BSD2 | C72: 122 | D72: 50 | E72: 2025-11-28 | F72: 3.0744337 | G72: 6.37 | H72: =G72-'Kubiņu masa'!D13 -> 0.19 | I72: =H72/27*100 -> 0.7037037
A73: sub | B73: BSD3 | C73: 66 | D73: 50 | E73: 2025-11-28 | F73: 3.4578147 | G73: 7.48 | H73: =G73-'Kubiņu masa'!D14 -> 0.25 | I73: =H73/27*100 -> 0.92592593
A74: sub | B74: BSD3 | C74: 142 | D74: 50 | E74: 2025-11-28 | F74: 3.5526316 | G74: 7.87 | H74: =G74-'Kubiņu masa'!D15 -> 0.27 | I74: =H74/27*100 -> 1
A75: sub | B75: BSD3 | C75: 147 | D75: 50 | E75: 2025-11-28 | F75: 3.638814 | G75: 7.69 | H75: =G75-'Kubiņu masa'!D16 -> 0.27 | I75: =H75/27*100 -> 1
A76: sub | B76: BSD4 | C76: 75 | D76: 50 | E76: 2025-11-28 | F76: 3.298153 | G76: 7.83 | H76: =G76-'Kubiņu masa'!D17 -> 0.25 | I76: =H76/27*100 -> 0.92592593
A77: sub | B77: BSD4 | C77: 81 | D77: 50 | E77: 2025-11-28 | F77: 3.4120735 | G77: 7.88 | H77: =G77-'Kubiņu masa'!D18 -> 0.26 | I77: =H77/27*100 -> 0.96296296
A78: sub | B78: BSD4 | C78: 91 | D78: 50 | E78: 2025-11-28 | F78: 3.1969309 | G78: 8.07 | H78: =G78-'Kubiņu masa'!D19 -> 0.25 | I78: =H78/27*100 -> 0.92592593
... A114: hito_sub | B114: WS4 | C114: 218 | D114: 50 | E114: 2025-11-28 | F114: 2.3866348 | G114: 4.29 | H114: =G114-'Kubiņu masa'!D55 -> 0.1 | I114: =H114/27*100 -> 0.37037037
A115: ref | B115: BP | C115: 32 | D115: 50 | E115: 2025-11-28 | F115: 4.0629096 | G115: 15.88 | H115: =G115-'Kubiņu masa'!D56 -> 0.62 | I115: =H115/15*100 -> 4.1333333
A116: ref | B116: BP | C116: 33 | D116: 50 | E116: 2025-11-28 | F116: 3.7917738 | G116: 16.15 | H116: =G116-'Kubiņu masa'!D57 -> 0.59 | I116: =H116/15*100 -> 3.9333333
A117: ref | B117: BP | C117: 34 | D117: 50 | E117: 2025-11-28 | F117: 3.6828964 | G117: 16.61 | H117: =G117-'Kubiņu masa'!D58 -> 0.59 | I117: =H117/15*100 -> 3.9333333
A118: ref | B118: mMDF | C118: 50 | D118: 50 | E118: 2025-11-28 | F118: 2.82523 | G118: 15.65 | H118: =G118-'Kubiņu masa'!D59 -> 0.43 | I118: =H118/15*100 -> 2.8666667
A119: ref | B119: mMDF | C119: 51 | D119: 50 | E119: 2025-11-28 | F119: 2.870494 | G119: 15.41 | H119: =G119-'Kubiņu masa'!D60 -> 0.43 | I119: =H119/15*100 -> 2.8666667
A120: ref | B120: mMDF | C120: 52 | D120: 50 | E120: 2025-11-28 | F120: 2.919708 | G120: 15.51 | H120: =G120-'Kubiņu masa'!D61 -> 0.44 | I120: =H120/15*100 -> 2.9333333
A121: ref | B121: LPB | C121: 8r | D121: 50 | E121: 2025-11-28 | F121: 3.313253 | G121: 13.72 | H121: =G121-'Kubiņu masa'!D62 -> 0.44 | I121: =H121/15*100 -> 2.9333333
A122: ref | B122: LPB | C122: 9r | D122: 50 | E122: 2025-11-28 | F122: 3.3460076 | G122: 13.59 | H122: =G122-'Kubiņu masa'!D63 -> 0.44 | I122: =H122/15*100 -> 2.9333333
A123: ref | B123: LPB | C123: 10r | D123: 50 | E123: 2025-11-28 | F123: 3.4429992 | G123: 13.52 | H123: =G123-'Kubiņu masa'!D64 -> 0.45 | I123: =H123/15*100 -> 3
A124: ref | B124: MRPB | C124: 38r | D124: 50 | E124: 2025-11-28 | F124: 3.8202247 | G124: 13.86 | H124: =G124-'Kubiņu masa'!D65 -> 0.51 | I124: =H124/15*100 -> 3.4
A125: ref | B125: MRPB | C125: 39r | D125: 50 | E125: 2025-11-28 | F125: 3.756574 | G125: 13.81 | H125: =G125-'Kubiņu masa'!D66 -> 0.5 | I125: =H125/15*100 -> 3.3333333
A126: ref | B126: MRPB | C126: 40r | D126: 50 | E126: 2025-11-28 | F126: 3.7833828 | G126: 13.99 | H126: =G126-'Kubiņu masa'!D67 -> 0.51 | I126: =H126/15*100 -> 3.4
A127: ref | B127: LMDF | C127: 45r | D127: 50 | E127: 2025-11-28 | F127: 2.748931 | G127: 16.82 | H127: =G127-'Kubiņu masa'!D68 -> 0.45 | I127: =H127/15*100 -> 3
A128: ref | B128: LMDF | C128: 46r | D128: 50 | E128: 2025-11-28 | F128: 2.7556644 | G128: 16.78 | H128: =G128-'Kubiņu masa'!D69 -> 0.45 | I128: =H128/15*100 -> 3
A129: ref | B129: MDF | C129: 26r | D129: 50 | E129: 2025-11-28 | F129: 3.5690236 | G129: 15.38 | H129: =G129-'Kubiņu masa'!D70 -> 0.53 | I129: =H129/15*100 -> 3.5333333
A130: ref | B130: MDF | C130: 27r | D130: 50 | E130: 2025-11-28 | F130: 3.5932203 | G130: 15.28 | H130: =G130-'Kubiņu masa'!D71 -> 0.53 | I130: =H130/15*100 -> 3.5333333
A131: ref | B131: MDF | C131: 28r | D131: 50 | E131: 2025-11-28 | F131: 3.5666218 | G131: 15.39 | H131: =G131-'Kubiņu masa'!D72 -> 0.53 | I131: =H131/15*100 -> 3.5333333
A132: sub | B132: BSD1 | C132: 9 | D132: 60 | E132: 2025-12-1 | F132: 4.6444122 | G132: 7.21 | H132: =G132-'Kubiņu masa'!D8 -> 0.32 | I132: =H132/27*100 -> 1.1851852
A133: sub | B133: BSD1 | C133: 27 | D133: 60 | E133: 2025-12-1 | F133: 4.1608877 | G133: 7.51 | H133: =G133-'Kubiņu masa'!D9 -> 0.3 | I133: =H133/27*100 -> 1.1111111
A134: sub | B134: BSD1 | C134: 106 | D134: 60 | E134: 2025-12-1 | F134: 4.0559441 | G134: 7.44 | H134: =G134-'Kubiņu masa'!D10 -> 0.29 | I134: =H134/27*100 -> 1.0740741
A135: sub | B135: BSD2 | C135: 39 | D135: 60 | E135: 2025-12-1 | F135: 3.8983051 | G135: 6.13 | H135: =G135-'Kubiņu masa'!D11 -> 0.23 | I135: =H135/27*100 -> 0.85185185
A136: sub | B136: BSD2 | C136: 55 | D136: 60 | E136: 2025-12-1 | F136: 3.9215686 | G136: 6.36 | H136: =G136-'Kubiņu masa'!D12 -> 0.24 | I136: =H136/27*100 -> 0.88888889
A137: sub | B137: BSD2 | C137: 122 | D137: 60 | E137: 2025-12-1 | F137: 3.7216828 | G137: 6.41 | H137: =G137-'Kubiņu masa'!D13 -> 0.23 | I137: =H137/27*100 -> 0.85185185
A138: sub | B138: BSD3 | C138: 66 | D138: 60 | E138: 2025-12-1 | F138: 4.1493776 | G138: 7.53 | H138: =G138-'Kubiņu masa'!D14 -> 0.3 | I138: =H138/27*100 -> 1.1111111
A139: sub | B139: BSD3 | C139: 142 | D139: 60 | E139: 2025-12-1 | F139: 4.3421053 | G139: 7.93 | H139: =G139-'Kubiņu masa'!D15 -> 0.33 | I139: =H139/27*100 -> 1.2222222
A140: sub | B140: BSD3 | C140: 147 | D140: 60 | E140: 2025-12-1 | F140: 4.3126685 | G140: 7.74 | H140: =G140-'Kubiņu masa'!D16 -> 0.32 | I140: =H140/27*100 -> 1.1851852
A141: sub | B141: BSD4 | C141: 75 | D141: 60 | E141: 2025-12-1 | F141: 3.9577836 | G141: 7.88 | H141: =G141-'Kubiņu masa'!D17 -> 0.3 | I141: =H141/27*100 -> 1.1111111
A142: sub | B142: BSD4 | C142: 81 | D142: 60 | E142: 2025-12-1 | F142: 3.9370079 | G142: 7.92 | H142: =G142-'Kubiņu masa'!D18 -> 0.3 | I142: =H142/27*100 -> 1.1111111
A143: sub | B143: BSD4 | C143: 91 | D143: 60 | E143: 2025-12-1 | F143: 3.8363171 | G143: 8.12 | H143: =G143-'Kubiņu masa'!D19 -> 0.3 | I143: =H143/27*100 -> 1.1111111
... A179: hito_sub | B179: WS4 | C179: 218 | D179: 60 | E179: 2025-12-1 | F179: 3.1026253 | G179: 4.32 | H179: =G179-'Kubiņu masa'!D55 -> 0.13 | I179: =H179/27*100 -> 0.48148148
A180: ref | B180: BP | C180: 32 | D180: 60 | E180: 2025-12-1 | F180: 5.0458716 | G180: 16.03 | H180: =G180-'Kubiņu masa'!D56 -> 0.77 | I180: =H180/15*100 -> 5.1333333
A181: ref | B181: BP | C181: 33 | D181: 60 | E181: 2025-12-1 | F181: 4.7557841 | G181: 16.3 | H181: =G181-'Kubiņu masa'!D57 -> 0.74 | I181: =H181/15*100 -> 4.9333333
A182: ref | B182: BP | C182: 34 | D182: 60 | E182: 2025-12-1 | F182: 4.556804 | G182: 16.75 | H182: =G182-'Kubiņu masa'!D58 -> 0.73 | I182: =H182/15*100 -> 4.8666667
A183: ref | B183: mMDF | C183: 50 | D183: 60 | E183: 2025-12-1 | F183: 3.2851511 | G183: 15.72 | H183: =G183-'Kubiņu masa'!D59 -> 0.5 | I183: =H183/15*100 -> 3.3333333
A184: ref | B184: mMDF | C184: 51 | D184: 60 | E184: 2025-12-1 | F184: 3.3377837 | G184: 15.48 | H184: =G184-'Kubiņu masa'!D60 -> 0.5 | I184: =H184/15*100 -> 3.3333333
A185: ref | B185: mMDF | C185: 52 | D185: 60 | E185: 2025-12-1 | F185: 3.384207 | G185: 15.58 | H185: =G185-'Kubiņu masa'!D61 -> 0.51 | I185: =H185/15*100 -> 3.4
A186: ref | B186: LPB | C186: 8r | D186: 60 | E186: 2025-12-1 | F186: 3.9909639 | G186: 13.81 | H186: =G186-'Kubiņu masa'!D62 -> 0.53 | I186: =H186/15*100 -> 3.5333333
A187: ref | B187: LPB | C187: 9r | D187: 60 | E187: 2025-12-1 | F187: 4.1064639 | G187: 13.69 | H187: =G187-'Kubiņu masa'!D63 -> 0.54 | I187: =H187/15*100 -> 3.6
A188: ref | B188: LPB | C188: 10r | D188: 60 | E188: 2025-12-1 | F188: 4.1315991 | G188: 13.61 | H188: =G188-'Kubiņu masa'!D64 -> 0.54 | I188: =H188/15*100 -> 3.6
A189: ref | B189: MRPB | C189: 38r | D189: 60 | E189: 2025-12-1 | F189: 4.5692884 | G189: 13.96 | H189: =G189-'Kubiņu masa'!D65 -> 0.61 | I189: =H189/15*100 -> 4.0666667
A190: ref | B190: MRPB | C190: 39r | D190: 60 | E190: 2025-12-1 | F190: 4.4327573 | G190: 13.9 | H190: =G190-'Kubiņu masa'!D66 -> 0.59 | I190: =H190/15*100 -> 3.9333333
A191: ref | B191: MRPB | C191: 40r | D191: 60 | E191: 2025-12-1 | F191: 4.4510386 | G191: 14.08 | H191: =G191-'Kubiņu masa'!D67 -> 0.6 | I191: =H191/15*100 -> 4
A192: ref | B192: LMDF | C192: 45r | D192: 60 | E192: 2025-12-1 | F192: 3.1765425 | G192: 16.89 | H192: =G192-'Kubiņu masa'!D68 -> 0.52 | I192: =H192/15*100 -> 3.4666667
A193: ref | B193: LMDF | C193: 46r | D193: 60 | E193: 2025-12-1 | F193: 3.1230863 | G193: 16.84 | H193: =G193-'Kubiņu masa'!D69 -> 0.51 | I193: =H193/15*100 -> 3.4
A194: ref | B194: MDF | C194: 26r | D194: 60 | E194: 2025-12-1 | F194: 4.1077441 | G194: 15.46 | H194: =G194-'Kubiņu masa'!D70 -> 0.61 | I194: =H194/15*100 -> 4.0666667
A195: ref | B195: MDF | C195: 27r | D195: 60 | E195: 2025-12-1 | F195: 4.1355932 | G195: 15.36 | H195: =G195-'Kubiņu masa'!D71 -> 0.61 | I195: =H195/15*100 -> 4.0666667
A196: ref | B196: MDF | C196: 28r | D196: 60 | E196: 2025-12-1 | F196: 4.1049798 | G196: 15.47 | H196: =G196-'Kubiņu masa'!D72 -> 0.61 | I196: =H196/15*100 -> 4.0666667
A197: sub | B197: BSD1 | C197: 9 | D197: 60 | E197: 2025-12-3 | F197: 4.4992743 | G197: 7.2 | H197: =G197-'Kubiņu masa'!D8 -> 0.31 | I197: =H197/27*100 -> 1.1481481
A198: sub | B198: BSD1 | C198: 27 | D198: 60 | E198: 2025-12-3 | F198: 4.1608877 | G198: 7.51 | H198: =G198-'Kubiņu masa'!D9 -> 0.3 | I198: =H198/27*100 -> 1.1111111
A199: sub | B199: BSD1 | C199: 106 | D199: 60 | E199: 2025-12-3 | F199: 4.0559441 | G199: 7.44 | H199: =G199-'Kubiņu masa'!D10 -> 0.29 | I199: =H199/27*100 -> 1.0740741
A200: sub | B200: BSD2 | C200: 39 | D200: 60 | E200: 2025-12-3 | F200: 3.7288136 | G200: 6.12 | H200: =G200-'Kubiņu masa'!D11 -> 0.22 | I200: =H200/27*100 -> 0.81481481
A201: sub | B201: BSD2 | C201: 55 | D201: 60 | E201: 2025-12-3 | F201: 3.9215686 | G201: 6.36 | H201: =G201-'Kubiņu masa'!D12 -> 0.24 | I201: =H201/27*100 -> 0.88888889
A202: sub | B202: BSD2 | C202: 122 | D202: 60 | E202: 2025-12-3 | F202: 3.7216828 | G202: 6.41 | H202: =G202-'Kubiņu masa'!D13 -> 0.23 | I202: =H202/27*100 -> 0.85185185
A203: sub | B203: BSD3 | C203: 66 | D203: 60 | E203: 2025-12-3 | F203: 4.1493776 | G203: 7.53 | H203: =G203-'Kubiņu masa'!D14 -> 0.3 | I203: =H203/27*100 -> 1.1111111
A204: sub | B204: BSD3 | C204: 142 | D204: 60 | E204: 2025-12-3 | F204: 4.3421053 | G204: 7.93 | H204: =G204-'Kubiņu masa'!D15 -> 0.33 | I204: =H204/27*100 -> 1.2222222
A205: sub | B205: BSD3 | C205: 147 | D205: 60 | E205: 2025-12-3 | F205: 4.3126685 | G205: 7.74 | H205: =G205-'Kubiņu masa'!D16 -> 0.32 | I205: =H205/27*100 -> 1.1851852
...

Sheet Mean_SD
A1: apstrade | B1: substrate | C1: rh | D1: mean_udens_sat | E1: sd_udens_sat
A2: control | B2: BSD1 | C2: 50 | D2: 5.5788382 | E2: 0.091935619
A3: control | B3: BSD1 | C3: 60 | D3: 6.7241988 | E3: 0.1809304
A4: control | B4: BSD1 | C4: 70 | D4: 7.9691894 | E4: 0.095987932
A5: control | B5: BSD1 | C5: 80 | D5: 11.146013 | E5: 0.078230319
A6: control | B6: BSD1 | C6: 90 | D6: 16.45907 | E6: 0.23186471
A7: control | B7: BSD1 | C7: 95 | D7: 20.092633 | E7: 0.13314303
A8: control | B8: BSD2 | C8: 50 | D8: 5.5273318 | E8: 0.16395106
A9: control | B9: BSD2 | C9: 60 | D9: 6.6810459 | E9: 0.40208381
A10: control | B10: BSD2 | C10: 70 | D10: 7.8451589 | E10: 0.34672382
A11: control | B11: BSD2 | C11: 80 | D11: 11.062624 | E11: 0.10517531
A12: control | B12: BSD2 | C12: 90 | D12: 16.86847 | E12: 0.32944708
A13: control | B13: BSD2 | C13: 95 | D13: 20.798069 | E13: 0.31339337
... A201: sub | B201: WS4 | C201: 90 | D201: 10.096265 | E201: 0.21925915
