Workbook

Sheet stienīši
A1: substrate | B1: plate/rod | C1: pate number | D1: id | E1: mass | F1: length | G1: width | H1: height | J1: *Nepietiekams garums
A2: Sl1 | B2: plate | C2: 1 | D2: 1
D3: 2
D4: 3
D5: 4 | I5: stieni | J5: sub 20%
D6: 5 | I6: stieni | J6: hito2% sub 20%
C7: 3 | D7: 6 | I7: stieni | J7: org
D8: 7
D9: 8
D10: 9 | I10: kubiņi | J10: visi pārējie
D11: 10
A12: Sl1 | B12: plate | C12: 1 | D12: 58
D13: 59
D14: 60
D15: 61
D16: 62
C17: 3 | D17: 63
D18: 64
D19: 65
D20: 66
D21: 67
A22: Sl2 | B22: plate | C22: 2 | D22: 11
D23: 13
D24: 14
D25: 15
D26: 16
C27: 3 | D27: 17
D28: 18
D29: 19
D30: 30
D31: 31
B32: rod | C32: a | D32: 66*
C33: b | D33: 67*
A34: Sl2 | B34: plate | C34: 1 | D34: 68
D35: 69
D36: 70
D37: 71
D38: 72
C39: 2 | D39: 73
D40: 74
D41: 75
D42: 76
D43: 77
A44: Sl3 | B44: plate | C44: 2 | D44: 32
D45: 33
D46: 34
D47: 35
D48: 36
B49: rod | C49: a | D49: 64*
C50: b | D50: 65*
A51: Sl3 | B51: plate | C51: 1 | D51: 78
D52: 79
D53: 80
D54: 81
D55: 82
C56: 2 | D56: 83
D57: 84
D58: 85
D59: 86
D60: 87
A61: Sl4 | B61: plate | C61: 1 | D61: 37
D62: 38
D63: 39
D64: 40
D65: 41
C66: 2 | D66: 42
D67: 43
D68: 44
D69: 45
D70: 46
B71: rod | C71: a | D71: 68*
C72: b | D72: 69*
A73: Sl4 | B73: plate | C73: 2 | D73: 88
D74: 89
D75: 90
D76: 91
D77: 92
C78: 1 | D78: 93
D79: 94
D80: 95
D81: 96
D82: 97
A83: Sl1o | B83: plate | C83: 2 | D83: 48
D84: 49
A85: Sl2o | B85: plate | C85: 1 | D85: 58
D86: 59
D87: 60
D88: 61
D89: 62
D90: 63
A91: Sl3o | B91: plate | C91: 1 | D91: 56
D92: 57
A97: Sa1 | C97: 2 | D97: 1
D98: 2
D99: 3
D100: 4
D101: 5
C102: 4 | D102: 50
D103: 51
D104: 52
...

Sheet kubiņi
A1: 7.05.2025
A2: Substrats | B2: plāksne | C2: stienīša nr | D2: id | E2: apstrāde | F2: izmantošana | O2: sub | P2: hito/sub
A3: Sl1 | B3: 1 | C3: 3 | D3: 1 | E3: =IF(COUNTIF('Sl suberinskabe'!$A$5:$A$84, $D3) > 0,"sub",IF(COUNTIF('Sl hito+suberinskabe'!$A$5:$A$78, $D3) > 0,"hito_sub","")) -> hito_sub | F3: =IF(COUNTIF('ūd. sorbcija Sl'!$C$3:$C$43, $D3) > 0, "ūdens sorbc",IF(COUNTIF(spiedei!$C$2:$C$41, $D3) > 0, "spiede", IF(COUNTIF(higro!$C$5:$C$18, $D3) > 0, "higroskopija",IF(COUNTIF(higro!$C$31:$C$45, $D3) > 0, "higroskopija",IF(COUNTIF(Komp!$A$2:$A$13, $D3) > 0, "komposts",""))))) -> spiede | N3: spiede | O3: 5 | P3: 5
D4: 2 | E4: =IF(COUNTIF('Sl suberinskabe'!$A$5:$A$84, $D4) > 0,"sub",IF(COUNTIF('Sl hito+suberinskabe'!$A$5:$A$78, $D4) > 0,"hito_sub","")) -> hito_sub | F4: =IF(COUNTIF('ūd. sorbcija Sl'!$C$3:$C$43, $D4) > 0, "ūdens sorbc",IF(COUNTIF(spiedei!$C$2:$C$41, $D4) > 0, "spiede", IF(COUNTIF(higro!$C$5:$C$18, $D4) > 0, "higroskopija",IF(COUNTIF(higro!$C$31:$C$45, $D4) > 0, "higroskopija",IF(COUNTIF(Komp!$A$2:$A$13, $D4) > 0, "komposts",""))))) -> ūdens sorbc | N4: udens | O4: 5 | P4: 5
D5: 3 | E5: =IF(COUNTIF('Sl suberinskabe'!$A$5:$A$84, $D5) > 0,"sub",IF(COUNTIF('Sl hito+suberinskabe'!$A$5:$A$78, $D5) > 0,"hito_sub","")) -> sub | F5: =IF(COUNTIF('ūd. sorbcija Sl'!$C$3:$C$43, $D5) > 0, "ūdens sorbc",IF(COUNTIF(spiedei!$C$2:$C$41, $D5) > 0, "spiede", IF(COUNTIF(higro!$C$5:$C$18, $D5) > 0, "higroskopija",IF(COUNTIF(higro!$C$31:$C$45, $D5) > 0, "higroskopija",IF(COUNTIF(Komp!$A$2:$A$13, $D5) > 0, "komposts",""))))) -> spiede | N5: higro | O5: 3 | P5: 3
D6: 4 | E6: =IF(COUNTIF('Sl suberinskabe'!$A$5:$A$84, $D6) > 0,"sub",IF(COUNTIF('Sl hito+suberinskabe'!$A$5:$A$78, $D6) > 0,"hito_sub","")) -> sub | F6: =IF(COUNTIF('ūd. sorbcija Sl'!$C$3:$C$43, $D6) > 0, "ūdens sorbc",IF(COUNTIF(spiedei!$C$2:$C$41, $D6) > 0, "spiede", IF(COUNTIF(higro!$C$5:$C$18, $D6) > 0, "higroskopija",IF(COUNTIF(higro!$C$31:$C$45, $D6) > 0, "higroskopija",IF(COUNTIF(Komp!$A$2:$A$13, $D6) > 0, "komposts",""))))) -> komposts | N6: kont lenkis | O6: 3 | P6: 3 | Q6: trukst
D7: 5 | E7: =IF(COUNTIF('Sl suberinskabe'!$A$5:$A$84, $D7) > 0,"sub",IF(COUNTIF('Sl hito+suberinskabe'!$A$5:$A$78, $D7) > 0,"hito_sub","")) -> hito_sub | F7: =IF(COUNTIF('ūd. sorbcija Sl'!$C$3:$C$43, $D7) > 0, "ūdens sorbc",IF(COUNTIF(spiedei!$C$2:$C$41, $D7) > 0, "spiede", IF(COUNTIF(higro!$C$5:$C$18, $D7) > 0, "higroskopija",IF(COUNTIF(higro!$C$31:$C$45, $D7) > 0, "higroskopija",IF(COUNTIF(Komp!$A$2:$A$13, $D7) > 0, "komposts",""))))) -> higroskopija | N7: poroz | O7: 2 | P7: 2 | Q7: trukst
C8: 4 | D8: 6 | E8: =IF(COUNTIF('Sl suberinskabe'!$A$5:$A$84, $D8) > 0,"sub",IF(COUNTIF('Sl hito+suberinskabe'!$A$5:$A$78, $D8) > 0,"hito_sub","")) -> hito_sub | F8: =IF(COUNTIF('ūd. sorbcija Sl'!$C$3:$C$43, $D8) > 0, "ūdens sorbc",IF(COUNTIF(spiedei!$C$2:$C$41, $D8) > 0, "spiede", IF(COUNTIF(higro!$C$5:$C$18, $D8) > 0, "higroskopija",IF(COUNTIF(higro!$C$31:$C$45, $D8) > 0, "higroskopija",IF(COUNTIF(Komp!$A$2:$A$13, $D8) > 0, "komposts",""))))) -> ūdens sorbc | N8: titresana | O8: 2 | P8: 2 | Q8: trukst
D9: 7 | E9: =IF(COUNTIF('Sl suberinskabe'!$A$5:$A$84, $D9) > 0,"sub",IF(COUNTIF('Sl hito+suberinskabe'!$A$5:$A$78, $D9) > 0,"hito_sub","")) -> sub | F9: =IF(COUNTIF('ūd. sorbcija Sl'!$C$3:$C$43, $D9) > 0, "ūdens sorbc",IF(COUNTIF(spiedei!$C$2:$C$41, $D9) > 0, "spiede", IF(COUNTIF(higro!$C$5:$C$18, $D9) > 0, "higroskopija",IF(COUNTIF(higro!$C$31:$C$45, $D9) > 0, "higroskopija",IF(COUNTIF(Komp!$A$2:$A$13, $D9) > 0, "komposts",""))))) -> ūdens sorbc | O9: 20 | P9: 20
D10: 8 | E10: =IF(COUNTIF('Sl suberinskabe'!$A$5:$A$84, $D10) > 0,"sub",IF(COUNTIF('Sl hito+suberinskabe'!$A$5:$A$78, $D10) > 0,"hito_sub","")) -> sub | F10: =IF(COUNTIF('ūd. sorbcija Sl'!$C$3:$C$43, $D10) > 0, "ūdens sorbc",IF(COUNTIF(spiedei!$C$2:$C$41, $D10) > 0, "spiede", IF(COUNTIF(higro!$C$5:$C$18, $D10) > 0, "higroskopija",IF(COUNTIF(higro!$C$31:$C$45, $D10) > 0, "higroskopija",IF(COUNTIF(Komp!$A$2:$A$13, $D10) > 0, "komposts",""))))) -> komposts
D11: 9 | E11: =IF(COUNTIF('Sl suberinskabe'!$A$5:$A$84, $D11) > 0,"sub",IF(COUNTIF('Sl hito+suberinskabe'!$A$5:$A$78, $D11) > 0,"hito_sub","")) -> sub | F11: =IF(COUNTIF('ūd. sorbcija Sl'!$C$3:$C$43, $D11) > 0, "ūdens sorbc",IF(COUNTIF(spiedei!$C$2:$C$41, $D11) > 0, "spiede", IF(COUNTIF(higro!$C$5:$C$18, $D11) > 0, "higroskopija",IF(COUNTIF(higro!$C$31:$C$45, $D11) > 0, "higroskopija",IF(COUNTIF(Komp!$A$2:$A$13, $D11) > 0, "komposts",""))))) -> higroskopija | N11: komposts | O11: pietrukst, paņemt no kont l,poroz un titrēšanas
D12: 10 | E12: =IF(COUNTIF('Sl suberinskabe'!$A$5:$A$84, $D12) > 0,"sub",IF(COUNTIF('Sl hito+suberinskabe'!$A$5:$A$78, $D12) > 0,"hito_sub","")) -> hito_sub | F12: =IF(COUNTIF('ūd. sorbcija Sl'!$C$3:$C$43, $D12) > 0, "ūdens sorbc",IF(COUNTIF(spiedei!$C$2:$C$41, $D12) > 0, "spiede", IF(COUNTIF(higro!$C$5:$C$18, $D12) > 0, "higroskopija",IF(COUNTIF(higro!$C$31:$C$45, $D12) > 0, "higroskopija",IF(COUNTIF(Komp!$A$2:$A$13, $D12) > 0, "komposts","")))))
C13: 5 | D13: 11 | E13: =IF(COUNTIF('Sl suberinskabe'!$A$5:$A$84, $D13) > 0,"sub",IF(COUNTIF('Sl hito+suberinskabe'!$A$5:$A$78, $D13) > 0,"hito_sub","")) -> hito_sub | F13: =IF(COUNTIF('ūd. sorbcija Sl'!$C$3:$C$43, $D13) > 0, "ūdens sorbc",IF(COUNTIF(spiedei!$C$2:$C$41, $D13) > 0, "spiede", IF(COUNTIF(higro!$C$5:$C$18, $D13) > 0, "higroskopija",IF(COUNTIF(higro!$C$31:$C$45, $D13) > 0, "higroskopija",IF(COUNTIF(Komp!$A$2:$A$13, $D13) > 0, "komposts","")))))
D14: 12 | E14: =IF(COUNTIF('Sl suberinskabe'!$A$5:$A$84, $D14) > 0,"sub",IF(COUNTIF('Sl hito+suberinskabe'!$A$5:$A$78, $D14) > 0,"hito_sub","")) -> sub | F14: =IF(COUNTIF('ūd. sorbcija Sl'!$C$3:$C$43, $D14) > 0, "ūdens sorbc",IF(COUNTIF(spiedei!$C$2:$C$41, $D14) > 0, "spiede", IF(COUNTIF(higro!$C$5:$C$18, $D14) > 0, "higroskopija",IF(COUNTIF(higro!$C$31:$C$45, $D14) > 0, "higroskopija",IF(COUNTIF(Komp!$A$2:$A$13, $D14) > 0, "komposts",""))))) -> komposts
D15: 13 | E15: =IF(COUNTIF('Sl suberinskabe'!$A$5:$A$84, $D15) > 0,"sub",IF(COUNTIF('Sl hito+suberinskabe'!$A$5:$A$78, $D15) > 0,"hito_sub","")) -> sub | F15: =IF(COUNTIF('ūd. sorbcija Sl'!$C$3:$C$43, $D15) > 0, "ūdens sorbc",IF(COUNTIF(spiedei!$C$2:$C$41, $D15) > 0, "spiede", IF(COUNTIF(higro!$C$5:$C$18, $D15) > 0, "higroskopija",IF(COUNTIF(higro!$C$31:$C$45, $D15) > 0, "higroskopija",IF(COUNTIF(Komp!$A$2:$A$13, $D15) > 0, "komposts",""))))) -> ūdens sorbc
D16: 14 | E16: =IF(COUNTIF('Sl suberinskabe'!$A$5:$A$84, $D16) > 0,"sub",IF(COUNTIF('Sl hito+suberinskabe'!$A$5:$A$78, $D16) > 0,"hito_sub","")) -> hito_sub | F16: =IF(COUNTIF('ūd. sorbcija Sl'!$C$3:$C$43, $D16) > 0, "ūdens sorbc",IF(COUNTIF(spiedei!$C$2:$C$41, $D16) > 0, "spiede", IF(COUNTIF(higro!$C$5:$C$18, $D16) > 0, "higroskopija",IF(COUNTIF(higro!$C$31:$C$45, $D16) > 0, "higroskopija",IF(COUNTIF(Komp!$A$2:$A$13, $D16) > 0, "komposts",""))))) -> spiede
D17: 15 | E17: =IF(COUNTIF('Sl suberinskabe'!$A$5:$A$84, $D17) > 0,"sub",IF(COUNTIF('Sl hito+suberinskabe'!$A$5:$A$78, $D17) > 0,"hito_sub","")) | F17: =IF(COUNTIF('ūd. sorbcija Sl'!$C$3:$C$43, $D17) > 0, "ūdens sorbc",IF(COUNTIF(spiedei!$C$2:$C$41, $D17) > 0, "spiede", IF(COUNTIF(higro!$C$5:$C$18, $D17) > 0, "higroskopija",IF(COUNTIF(higro!$C$31:$C$45, $D17) > 0, "higroskopija",IF(COUNTIF(Komp!$A$2:$A$13, $D17) > 0, "komposts","")))))
B18: 3 | C18: 7 | D18: 16 | E18: =IF(COUNTIF('Sl suberinskabe'!$A$5:$A$84, $D18) > 0,"sub",IF(COUNTIF('Sl hito+suberinskabe'!$A$5:$A$78, $D18) > 0,"hito_sub","")) -> hito_sub | F18: =IF(COUNTIF('ūd. sorbcija Sl'!$C$3:$C$43, $D18) > 0, "ūdens sorbc",IF(COUNTIF(spiedei!$C$2:$C$41, $D18) > 0, "spiede", IF(COUNTIF(higro!$C$5:$C$18, $D18) > 0, "higroskopija",IF(COUNTIF(higro!$C$31:$C$45, $D18) > 0, "higroskopija",IF(COUNTIF(Komp!$A$2:$A$13, $D18) > 0, "komposts",""))))) -> ūdens sorbc
D19: 17 | E19: =IF(COUNTIF('Sl suberinskabe'!$A$5:$A$84, $D19) > 0,"sub",IF(COUNTIF('Sl hito+suberinskabe'!$A$5:$A$78, $D19) > 0,"hito_sub","")) -> hito_sub | F19: =IF(COUNTIF('ūd. sorbcija Sl'!$C$3:$C$43, $D19) > 0, "ūdens sorbc",IF(COUNTIF(spiedei!$C$2:$C$41, $D19) > 0, "spiede", IF(COUNTIF(higro!$C$5:$C$18, $D19) > 0, "higroskopija",IF(COUNTIF(higro!$C$31:$C$45, $D19) > 0, "higroskopija",IF(COUNTIF(Komp!$A$2:$A$13, $D19) > 0, "komposts",""))))) -> higroskopija
D20: 18 | E20: =IF(COUNTIF('Sl suberinskabe'!$A$5:$A$84, $D20) > 0,"sub",IF(COUNTIF('Sl hito+suberinskabe'!$A$5:$A$78, $D20) > 0,"hito_sub","")) -> sub | F20: =IF(COUNTIF('ūd. sorbcija Sl'!$C$3:$C$43, $D20) > 0, "ūdens sorbc",IF(COUNTIF(spiedei!$C$2:$C$41, $D20) > 0, "spiede", IF(COUNTIF(higro!$C$5:$C$18, $D20) > 0, "higroskopija",IF(COUNTIF(higro!$C$31:$C$45, $D20) > 0, "higroskopija",IF(COUNTIF(Komp!$A$2:$A$13, $D20) > 0, "komposts",""))))) -> ūdens sorbc
D21: 19 | E21: =IF(COUNTIF('Sl suberinskabe'!$A$5:$A$84, $D21) > 0,"sub",IF(COUNTIF('Sl hito+suberinskabe'!$A$5:$A$78, $D21) > 0,"hito_sub","")) -> hito_sub | F21: =IF(COUNTIF('ūd. sorbcija Sl'!$C$3:$C$43, $D21) > 0, "ūdens sorbc",IF(COUNTIF(spiedei!$C$2:$C$41, $D21) > 0, "spiede", IF(COUNTIF(higro!$C$5:$C$18, $D21) > 0, "higroskopija",IF(COUNTIF(higro!$C$31:$C$45, $D21) > 0, "higroskopija",IF(COUNTIF(Komp!$A$2:$A$13, $D21) > 0, "komposts",""))))) -> spiede
D22: 20 | E22: =IF(COUNTIF('Sl suberinskabe'!$A$5:$A$84, $D22) > 0,"sub",IF(COUNTIF('Sl hito+suberinskabe'!$A$5:$A$78, $D22) > 0,"hito_sub","")) -> hito_sub | F22: =IF(COUNTIF('ūd. sorbcija Sl'!$C$3:$C$43, $D22) > 0, "ūdens sorbc",IF(COUNTIF(spiedei!$C$2:$C$41, $D22) > 0, "spiede", IF(COUNTIF(higro!$C$5:$C$18, $D22) > 0, "higroskopija",IF(COUNTIF(higro!$C$31:$C$45, $D22) > 0, "higroskopija",IF(COUNTIF(Komp!$A$2:$A$13, $D22) > 0, "komposts","")))))
C23: 9 | D23: 21 | E23: =IF(COUNTIF('Sl suberinskabe'!$A$5:$A$84, $D23) > 0,"sub",IF(COUNTIF('Sl hito+suberinskabe'!$A$5:$A$78, $D23) > 0,"hito_sub","")) -> sub | F23: =IF(COUNTIF('ūd. sorbcija Sl'!$C$3:$C$43, $D23) > 0, "ūdens sorbc",IF(COUNTIF(spiedei!$C$2:$C$41, $D23) > 0, "spiede", IF(COUNTIF(higro!$C$5:$C$18, $D23) > 0, "higroskopija",IF(COUNTIF(higro!$C$31:$C$45, $D23) > 0, "higroskopija",IF(COUNTIF(Komp!$A$2:$A$13, $D23) > 0, "komposts","")))))
D24: 22 | E24: =IF(COUNTIF('Sl suberinskabe'!$A$5:$A$84, $D24) > 0,"sub",IF(COUNTIF('Sl hito+suberinskabe'!$A$5:$A$78, $D24) > 0,"hito_sub","")) -> sub | F24: =IF(COUNTIF('ūd. sorbcija Sl'!$C$3:$C$43, $D24) > 0, "ūdens sorbc",IF(COUNTIF(spiedei!$C$2:$C$41, $D24) > 0, "spiede", IF(COUNTIF(higro!$C$5:$C$18, $D24) > 0, "higroskopija",IF(COUNTIF(higro!$C$31:$C$45, $D24) > 0, "higroskopija",IF(COUNTIF(Komp!$A$2:$A$13, $D24) > 0, "komposts",""))))) -> spiede
D25: 23 | E25: =IF(COUNTIF('Sl suberinskabe'!$A$5:$A$84, $D25) > 0,"sub",IF(COUNTIF('Sl hito+suberinskabe'!$A$5:$A$78, $D25) > 0,"hito_sub","")) -> sub | F25: =IF(COUNTIF('ūd. sorbcija Sl'!$C$3:$C$43, $D25) > 0, "ūdens sorbc",IF(COUNTIF(spiedei!$C$2:$C$41, $D25) > 0, "spiede", IF(COUNTIF(higro!$C$5:$C$18, $D25) > 0, "higroskopija",IF(COUNTIF(higro!$C$31:$C$45, $D25) > 0, "higroskopija",IF(COUNTIF(Komp!$A$2:$A$13, $D25) > 0, "komposts","")))))
D26: 24 | E26: =IF(COUNTIF('Sl suberinskabe'!$A$5:$A$84, $D26) > 0,"sub",IF(COUNTIF('Sl hito+suberinskabe'!$A$5:$A$78, $D26) > 0,"hito_sub","")) -> hito_sub | F26: =IF(COUNTIF('ūd. sorbcija Sl'!$C$3:$C$43, $D26) > 0, "ūdens sorbc",IF(COUNTIF(spiedei!$C$2:$C$41, $D26) > 0, "spiede", IF(COUNTIF(higro!$C$5:$C$18, $D26) > 0, "higroskopija",IF(COUNTIF(higro!$C$31:$C$45, $D26) > 0, "higroskopija",IF(COUNTIF(Komp!$A$2:$A$13, $D26) > 0, "komposts","")))))
D27: 25 | E27: =IF(COUNTIF('Sl suberinskabe'!$A$5:$A$84, $D27) > 0,"sub",IF(COUNTIF('Sl hito+suberinskabe'!$A$5:$A$78, $D27) > 0,"hito_sub","")) | F27: =IF(COUNTIF('ūd. sorbcija Sl'!$C$3:$C$43, $D27) > 0, "ūdens sorbc",IF(COUNTIF(spiedei!$C$2:$C$41, $D27) > 0, "spiede", IF(COUNTIF(higro!$C$5:$C$18, $D27) > 0, "higroskopija",IF(COUNTIF(higro!$C$31:$C$45, $D27) > 0, "higroskopija",IF(COUNTIF(Komp!$A$2:$A$13, $D27) > 0, "komposts","")))))
C28: 10 | D28: 26 | E28: =IF(COUNTIF('Sl suberinskabe'!$A$5:$A$84, $D28) > 0,"sub",IF(COUNTIF('Sl hito+suberinskabe'!$A$5:$A$78, $D28) > 0,"hito_sub","")) -> hito_sub | F28: =IF(COUNTIF('ūd. sorbcija Sl'!$C$3:$C$43, $D28) > 0, "ūdens sorbc",IF(COUNTIF(spiedei!$C$2:$C$41, $D28) > 0, "spiede", IF(COUNTIF(higro!$C$5:$C$18, $D28) > 0, "higroskopija",IF(COUNTIF(higro!$C$31:$C$45, $D28) > 0, "higroskopija",IF(COUNTIF(Komp!$A$2:$A$13, $D28) > 0, "komposts","")))))
D29: 27 | E29: =IF(COUNTIF('Sl suberinskabe'!$A$5:$A$84, $D29) > 0,"sub",IF(COUNTIF('Sl hito+suberinskabe'!$A$5:$A$78, $D29) > 0,"hito_sub","")) -> sub | F29: =IF(COUNTIF('ūd. sorbcija Sl'!$C$3:$C$43, $D29) > 0, "ūdens sorbc",IF(COUNTIF(spiedei!$C$2:$C$41, $D29) > 0, "spiede", IF(COUNTIF(higro!$C$5:$C$18, $D29) > 0, "higroskopija",IF(COUNTIF(higro!$C$31:$C$45, $D29) > 0, "higroskopija",IF(COUNTIF(Komp!$A$2:$A$13, $D29) > 0, "komposts",""))))) -> higroskopija
D30: 28 | E30: =IF(COUNTIF('Sl suberinskabe'!$A$5:$A$84, $D30) > 0,"sub",IF(COUNTIF('Sl hito+suberinskabe'!$A$5:$A$78, $D30) > 0,"hito_sub","")) -> sub | F30: =IF(COUNTIF('ūd. sorbcija Sl'!$C$3:$C$43, $D30) > 0, "ūdens sorbc",IF(COUNTIF(spiedei!$C$2:$C$41, $D30) > 0, "spiede", IF(COUNTIF(higro!$C$5:$C$18, $D30) > 0, "higroskopija",IF(COUNTIF(higro!$C$31:$C$45, $D30) > 0, "higroskopija",IF(COUNTIF(Komp!$A$2:$A$13, $D30) > 0, "komposts","")))))
D31: 29 | E31: =IF(COUNTIF('Sl suberinskabe'!$A$5:$A$84, $D31) > 0,"sub",IF(COUNTIF('Sl hito+suberinskabe'!$A$5:$A$78, $D31) > 0,"hito_sub","")) -> hito_sub | F31: =IF(COUNTIF('ūd. sorbcija Sl'!$C$3:$C$43, $D31) > 0, "ūdens sorbc",IF(COUNTIF(spiedei!$C$2:$C$41, $D31) > 0, "spiede", IF(COUNTIF(higro!$C$5:$C$18, $D31) > 0, "higroskopija",IF(COUNTIF(higro!$C$31:$C$45, $D31) > 0, "higroskopija",IF(COUNTIF(Komp!$A$2:$A$13, $D31) > 0, "komposts",""))))) -> ūdens sorbc
D32: 30 | E32: =IF(COUNTIF('Sl suberinskabe'!$A$5:$A$84, $D32) > 0,"sub",IF(COUNTIF('Sl hito+suberinskabe'!$A$5:$A$78, $D32) > 0,"hito_sub","")) | F32: =IF(COUNTIF('ūd. sorbcija Sl'!$C$3:$C$43, $D32) > 0, "ūdens sorbc",IF(COUNTIF(spiedei!$C$2:$C$41, $D32) > 0, "spiede", IF(COUNTIF(higro!$C$5:$C$18, $D32) > 0, "higroskopija",IF(COUNTIF(higro!$C$31:$C$45, $D32) > 0, "higroskopija",IF(COUNTIF(Komp!$A$2:$A$13, $D32) > 0, "komposts","")))))
A33: Sl1 | B33: 1 | C33: 60 | D33: 99 | E33: =IF(COUNTIF('Sl suberinskabe'!$A$5:$A$84, $D33) > 0,"sub",IF(COUNTIF('Sl hito+suberinskabe'!$A$5:$A$78, $D33) > 0,"hito_sub","")) -> hito_sub | F33: =IF(COUNTIF('ūd. sorbcija Sl'!$C$3:$C$43, $D33) > 0, "ūdens sorbc",IF(COUNTIF(spiedei!$C$2:$C$41, $D33) > 0, "spiede", IF(COUNTIF(higro!$C$5:$C$18, $D33) > 0, "higroskopija",IF(COUNTIF(higro!$C$31:$C$45, $D33) > 0, "higroskopija",IF(COUNTIF(Komp!$A$2:$A$13, $D33) > 0, "komposts",""))))) -> higroskopija
D34: 100 | E34: =IF(COUNTIF('Sl suberinskabe'!$A$5:$A$84, $D34) > 0,"sub",IF(COUNTIF('Sl hito+suberinskabe'!$A$5:$A$78, $D34) > 0,"hito_sub","")) -> hito_sub | F34: =IF(COUNTIF('ūd. sorbcija Sl'!$C$3:$C$43, $D34) > 0, "ūdens sorbc",IF(COUNTIF(spiedei!$C$2:$C$41, $D34) > 0, "spiede", IF(COUNTIF(higro!$C$5:$C$18, $D34) > 0, "higroskopija",IF(COUNTIF(higro!$C$31:$C$45, $D34) > 0, "higroskopija",IF(COUNTIF(Komp!$A$2:$A$13, $D34) > 0, "komposts",""))))) -> spiede
D35: 101 | E35: =IF(COUNTIF('Sl suberinskabe'!$A$5:$A$84, $D35) > 0,"sub",IF(COUNTIF('Sl hito+suberinskabe'!$A$5:$A$78, $D35) > 0,"hito_sub","")) -> sub | F35: =IF(COUNTIF('ūd. sorbcija Sl'!$C$3:$C$43, $D35) > 0, "ūdens sorbc",IF(COUNTIF(spiedei!$C$2:$C$41, $D35) > 0, "spiede", IF(COUNTIF(higro!$C$5:$C$18, $D35) > 0, "higroskopija",IF(COUNTIF(higro!$C$31:$C$45, $D35) > 0, "higroskopija",IF(COUNTIF(Komp!$A$2:$A$13, $D35) > 0, "komposts",""))))) -> spiede
D36: 102 | E36: =IF(COUNTIF('Sl suberinskabe'!$A$5:$A$84, $D36) > 0,"sub",IF(COUNTIF('Sl hito+suberinskabe'!$A$5:$A$78, $D36) > 0,"hito_sub","")) -> sub | F36: =IF(COUNTIF('ūd. sorbcija Sl'!$C$3:$C$43, $D36) > 0, "ūdens sorbc",IF(COUNTIF(spiedei!$C$2:$C$41, $D36) > 0, "spiede", IF(COUNTIF(higro!$C$5:$C$18, $D36) > 0, "higroskopija",IF(COUNTIF(higro!$C$31:$C$45, $D36) > 0, "higroskopija",IF(COUNTIF(Komp!$A$2:$A$13, $D36) > 0, "komposts","")))))
D37: 103 | E37: =IF(COUNTIF('Sl suberinskabe'!$A$5:$A$84, $D37) > 0,"sub",IF(COUNTIF('Sl hito+suberinskabe'!$A$5:$A$78, $D37) > 0,"hito_sub","")) | F37: =IF(COUNTIF('ūd. sorbcija Sl'!$C$3:$C$43, $D37) > 0, "ūdens sorbc",IF(COUNTIF(spiedei!$C$2:$C$41, $D37) > 0, "spiede", IF(COUNTIF(higro!$C$5:$C$18, $D37) > 0, "higroskopija",IF(COUNTIF(higro!$C$31:$C$45, $D37) > 0, "higroskopija",IF(COUNTIF(Komp!$A$2:$A$13, $D37) > 0, "komposts","")))))
C38: 62 | D38: 104 | E38: =IF(COUNTIF('Sl suberinskabe'!$A$5:$A$84, $D38) > 0,"sub",IF(COUNTIF('Sl hito+suberinskabe'!$A$5:$A$78, $D38) > 0,"hito_sub","")) -> hito_sub | F38: =IF(COUNTIF('ūd. sorbcija Sl'!$C$3:$C$43, $D38) > 0, "ūdens sorbc",IF(COUNTIF(spiedei!$C$2:$C$41, $D38) > 0, "spiede", IF(COUNTIF(higro!$C$5:$C$18, $D38) > 0, "higroskopija",IF(COUNTIF(higro!$C$31:$C$45, $D38) > 0, "higroskopija",IF(COUNTIF(Komp!$A$2:$A$13, $D38) > 0, "komposts","")))))
D39: 105 | E39: =IF(COUNTIF('Sl suberinskabe'!$A$5:$A$84, $D39) > 0,"sub",IF(COUNTIF('Sl hito+suberinskabe'!$A$5:$A$78, $D39) > 0,"hito_sub","")) -> sub | F39: =IF(COUNTIF('ūd. sorbcija Sl'!$C$3:$C$43, $D39) > 0, "ūdens sorbc",IF(COUNTIF(spiedei!$C$2:$C$41, $D39) > 0, "spiede", IF(COUNTIF(higro!$C$5:$C$18, $D39) > 0, "higroskopija",IF(COUNTIF(higro!$C$31:$C$45, $D39) > 0, "higroskopija",IF(COUNTIF(Komp!$A$2:$A$13, $D39) > 0, "komposts",""))))) -> ūdens sorbc
D40: 106 | E40: =IF(COUNTIF('Sl suberinskabe'!$A$5:$A$84, $D40) > 0,"sub",IF(COUNTIF('Sl hito+suberinskabe'!$A$5:$A$78, $D40) > 0,"hito_sub","")) -> sub | F40: =IF(COUNTIF('ūd. sorbcija Sl'!$C$3:$C$43, $D40) > 0, "ūdens sorbc",IF(COUNTIF(spiedei!$C$2:$C$41, $D40) > 0, "spiede", IF(COUNTIF(higro!$C$5:$C$18, $D40) > 0, "higroskopija",IF(COUNTIF(higro!$C$31:$C$45, $D40) > 0, "higroskopija",IF(COUNTIF(Komp!$A$2:$A$13, $D40) > 0, "komposts",""))))) -> higroskopija
D41: 107 | E41: =IF(COUNTIF('Sl suberinskabe'!$A$5:$A$84, $D41) > 0,"sub",IF(COUNTIF('Sl hito+suberinskabe'!$A$5:$A$78, $D41) > 0,"hito_sub","")) -> hito_sub | F41: =IF(COUNTIF('ūd. sorbcija Sl'!$C$3:$C$43, $D41) > 0, "ūdens sorbc",IF(COUNTIF(spiedei!$C$2:$C$41, $D41) > 0, "spiede", IF(COUNTIF(higro!$C$5:$C$18, $D41) > 0, "higroskopija",IF(COUNTIF(higro!$C$31:$C$45, $D41) > 0, "higroskopija",IF(COUNTIF(Komp!$A$2:$A$13, $D41) > 0, "komposts","")))))
D42: 108 | E42: =IF(COUNTIF('Sl suberinskabe'!$A$5:$A$84, $D42) > 0,"sub",IF(COUNTIF('Sl hito+suberinskabe'!$A$5:$A$78, $D42) > 0,"hito_sub","")) | F42: =IF(COUNTIF('ūd. sorbcija Sl'!$C$3:$C$43, $D42) > 0, "ūdens sorbc",IF(COUNTIF(spiedei!$C$2:$C$41, $D42) > 0, "spiede", IF(COUNTIF(higro!$C$5:$C$18, $D42) > 0, "higroskopija",IF(COUNTIF(higro!$C$31:$C$45, $D42) > 0, "higroskopija",IF(COUNTIF(Komp!$A$2:$A$13, $D42) > 0, "komposts","")))))
B43: 2 | C43: 64 | D43: 109 | E43: =IF(COUNTIF('Sl suberinskabe'!$A$5:$A$84, $D43) > 0,"sub",IF(COUNTIF('Sl hito+suberinskabe'!$A$5:$A$78, $D43) > 0,"hito_sub","")) | F43: =IF(COUNTIF('ūd. sorbcija Sl'!$C$3:$C$43, $D43) > 0, "ūdens sorbc",IF(COUNTIF(spiedei!$C$2:$C$41, $D43) > 0, "spiede", IF(COUNTIF(higro!$C$5:$C$18, $D43) > 0, "higroskopija",IF(COUNTIF(higro!$C$31:$C$45, $D43) > 0, "higroskopija",IF(COUNTIF(Komp!$A$2:$A$13, $D43) > 0, "komposts","")))))
D44: 110 | E44: =IF(COUNTIF('Sl suberinskabe'!$A$5:$A$84, $D44) > 0,"sub",IF(COUNTIF('Sl hito+suberinskabe'!$A$5:$A$78, $D44) > 0,"hito_sub","")) | F44: =IF(COUNTIF('ūd. sorbcija Sl'!$C$3:$C$43, $D44) > 0, "ūdens sorbc",IF(COUNTIF(spiedei!$C$2:$C$41, $D44) > 0, "spiede", IF(COUNTIF(higro!$C$5:$C$18, $D44) > 0, "higroskopija",IF(COUNTIF(higro!$C$31:$C$45, $D44) > 0, "higroskopija",IF(COUNTIF(Komp!$A$2:$A$13, $D44) > 0, "komposts","")))))
D45: 111 | E45: =IF(COUNTIF('Sl suberinskabe'!$A$5:$A$84, $D45) > 0,"sub",IF(COUNTIF('Sl hito+suberinskabe'!$A$5:$A$78, $D45) > 0,"hito_sub","")) -> sub | F45: =IF(COUNTIF('ūd. sorbcija Sl'!$C$3:$C$43, $D45) > 0, "ūdens sorbc",IF(COUNTIF(spiedei!$C$2:$C$41, $D45) > 0, "spiede", IF(COUNTIF(higro!$C$5:$C$18, $D45) > 0, "higroskopija",IF(COUNTIF(higro!$C$31:$C$45, $D45) > 0, "higroskopija",IF(COUNTIF(Komp!$A$2:$A$13, $D45) > 0, "komposts",""))))) -> spiede
D46: 112 | E46: =IF(COUNTIF('Sl suberinskabe'!$A$5:$A$84, $D46) > 0,"sub",IF(COUNTIF('Sl hito+suberinskabe'!$A$5:$A$78, $D46) > 0,"hito_sub","")) | F46: =IF(COUNTIF('ūd. sorbcija Sl'!$C$3:$C$43, $D46) > 0, "ūdens sorbc",IF(COUNTIF(spiedei!$C$2:$C$41, $D46) > 0, "spiede", IF(COUNTIF(higro!$C$5:$C$18, $D46) > 0, "higroskopija",IF(COUNTIF(higro!$C$31:$C$45, $D46) > 0, "higroskopija",IF(COUNTIF(Komp!$A$2:$A$13, $D46) > 0, "komposts","")))))
D47: 113 | E47: =IF(COUNTIF('Sl suberinskabe'!$A$5:$A$84, $D47) > 0,"sub",IF(COUNTIF('Sl hito+suberinskabe'!$A$5:$A$78, $D47) > 0,"hito_sub","")) -> sub | F47: =IF(COUNTIF('ūd. sorbcija Sl'!$C$3:$C$43, $D47) > 0, "ūdens sorbc",IF(COUNTIF(spiedei!$C$2:$C$41, $D47) > 0, "spiede", IF(COUNTIF(higro!$C$5:$C$18, $D47) > 0, "higroskopija",IF(COUNTIF(higro!$C$31:$C$45, $D47) > 0, "higroskopija",IF(COUNTIF(Komp!$A$2:$A$13, $D47) > 0, "komposts",""))))) -> ūdens sorbc
C48: 66 | D48: 114 | E48: =IF(COUNTIF('Sl suberinskabe'!$A$5:$A$84, $D48) > 0,"sub",IF(COUNTIF('Sl hito+suberinskabe'!$A$5:$A$78, $D48) > 0,"hito_sub","")) | F48: =IF(COUNTIF('ūd. sorbcija Sl'!$C$3:$C$43, $D48) > 0, "ūdens sorbc",IF(COUNTIF(spiedei!$C$2:$C$41, $D48) > 0, "spiede", IF(COUNTIF(higro!$C$5:$C$18, $D48) > 0, "higroskopija",IF(COUNTIF(higro!$C$31:$C$45, $D48) > 0, "higroskopija",IF(COUNTIF(Komp!$A$2:$A$13, $D48) > 0, "komposts","")))))
D49: 115 | E49: =IF(COUNTIF('Sl suberinskabe'!$A$5:$A$84, $D49) > 0,"sub",IF(COUNTIF('Sl hito+suberinskabe'!$A$5:$A$78, $D49) > 0,"hito_sub","")) -> sub | F49: =IF(COUNTIF('ūd. sorbcija Sl'!$C$3:$C$43, $D49) > 0, "ūdens sorbc",IF(COUNTIF(spiedei!$C$2:$C$41, $D49) > 0, "spiede", IF(COUNTIF(higro!$C$5:$C$18, $D49) > 0, "higroskopija",IF(COUNTIF(higro!$C$31:$C$45, $D49) > 0, "higroskopija",IF(COUNTIF(Komp!$A$2:$A$13, $D49) > 0, "komposts",""))))) -> spiede
D50: 116 | E50: =IF(COUNTIF('Sl suberinskabe'!$A$5:$A$84, $D50) > 0,"sub",IF(COUNTIF('Sl hito+suberinskabe'!$A$5:$A$78, $D50) > 0,"hito_sub","")) -> hito_sub | F50: =IF(COUNTIF('ūd. sorbcija Sl'!$C$3:$C$43, $D50) > 0, "ūdens sorbc",IF(COUNTIF(spiedei!$C$2:$C$41, $D50) > 0, "spiede", IF(COUNTIF(higro!$C$5:$C$18, $D50) > 0, "higroskopija",IF(COUNTIF(higro!$C$31:$C$45, $D50) > 0, "higroskopija",IF(COUNTIF(Komp!$A$2:$A$13, $D50) > 0, "komposts",""))))) -> spiede
D51: 117 | E51: =IF(COUNTIF('Sl suberinskabe'!$A$5:$A$84, $D51) > 0,"sub",IF(COUNTIF('Sl hito+suberinskabe'!$A$5:$A$78, $D51) > 0,"hito_sub","")) -> hito_sub | F51: =IF(COUNTIF('ūd. sorbcija Sl'!$C$3:$C$43, $D51) > 0, "ūdens sorbc",IF(COUNTIF(spiedei!$C$2:$C$41, $D51) > 0, "spiede", IF(COUNTIF(higro!$C$5:$C$18, $D51) > 0, "higroskopija",IF(COUNTIF(higro!$C$31:$C$45, $D51) > 0, "higroskopija",IF(COUNTIF(Komp!$A$2:$A$13, $D51) > 0, "komposts",""))))) -> ūdens sorbc
D52: 118 | E52: =IF(COUNTIF('Sl suberinskabe'!$A$5:$A$84, $D52) > 0,"sub",IF(COUNTIF('Sl hito+suberinskabe'!$A$5:$A$78, $D52) > 0,"hito_sub","")) | F52: =IF(COUNTIF('ūd. sorbcija Sl'!$C$3:$C$43, $D52) > 0, "ūdens sorbc",IF(COUNTIF(spiedei!$C$2:$C$41, $D52) > 0, "spiede", IF(COUNTIF(higro!$C$5:$C$18, $D52) > 0, "higroskopija",IF(COUNTIF(higro!$C$31:$C$45, $D52) > 0, "higroskopija",IF(COUNTIF(Komp!$A$2:$A$13, $D52) > 0, "komposts","")))))
A53: Sl2 | B53: 2 | C53: 14 | D53: 31 | E53: =IF(COUNTIF('Sl suberinskabe'!$A$5:$A$84, $D53) > 0,"sub",IF(COUNTIF('Sl hito+suberinskabe'!$A$5:$A$78, $D53) > 0,"hito_sub","")) -> hito_sub | F53: =IF(COUNTIF('ūd. sorbcija Sl'!$C$3:$C$43, $D53) > 0, "ūdens sorbc",IF(COUNTIF(spiedei!$C$2:$C$41, $D53) > 0, "spiede", IF(COUNTIF(higro!$C$5:$C$18, $D53) > 0, "higroskopija",IF(COUNTIF(higro!$C$31:$C$45, $D53) > 0, "higroskopija",IF(COUNTIF(Komp!$A$2:$A$13, $D53) > 0, "komposts","")))))
D54: 32 | E54: =IF(COUNTIF('Sl suberinskabe'!$A$5:$A$84, $D54) > 0,"sub",IF(COUNTIF('Sl hito+suberinskabe'!$A$5:$A$78, $D54) > 0,"hito_sub","")) -> hito_sub | F54: =IF(COUNTIF('ūd. sorbcija Sl'!$C$3:$C$43, $D54) > 0, "ūdens sorbc",IF(COUNTIF(spiedei!$C$2:$C$41, $D54) > 0, "spiede", IF(COUNTIF(higro!$C$5:$C$18, $D54) > 0, "higroskopija",IF(COUNTIF(higro!$C$31:$C$45, $D54) > 0, "higroskopija",IF(COUNTIF(Komp!$A$2:$A$13, $D54) > 0, "komposts",""))))) -> spiede
D55: 33 | E55: =IF(COUNTIF('Sl suberinskabe'!$A$5:$A$84, $D55) > 0,"sub",IF(COUNTIF('Sl hito+suberinskabe'!$A$5:$A$78, $D55) > 0,"hito_sub","")) -> sub | F55: =IF(COUNTIF('ūd. sorbcija Sl'!$C$3:$C$43, $D55) > 0, "ūdens sorbc",IF(COUNTIF(spiedei!$C$2:$C$41, $D55) > 0, "spiede", IF(COUNTIF(higro!$C$5:$C$18, $D55) > 0, "higroskopija",IF(COUNTIF(higro!$C$31:$C$45, $D55) > 0, "higroskopija",IF(COUNTIF(Komp!$A$2:$A$13, $D55) > 0, "komposts",""))))) -> spiede
D56: 34 | E56: =IF(COUNTIF('Sl suberinskabe'!$A$5:$A$84, $D56) > 0,"sub",IF(COUNTIF('Sl hito+suberinskabe'!$A$5:$A$78, $D56) > 0,"hito_sub","")) -> sub | F56: =IF(COUNTIF('ūd. sorbcija Sl'!$C$3:$C$43, $D56) > 0, "ūdens sorbc",IF(COUNTIF(spiedei!$C$2:$C$41, $D56) > 0, "spiede", IF(COUNTIF(higro!$C$5:$C$18, $D56) > 0, "higroskopija",IF(COUNTIF(higro!$C$31:$C$45, $D56) > 0, "higroskopija",IF(COUNTIF(Komp!$A$2:$A$13, $D56) > 0, "komposts",""))))) -> ūdens sorbc
D57: 35 | E57: =IF(COUNTIF('Sl suberinskabe'!$A$5:$A$84, $D57) > 0,"sub",IF(COUNTIF('Sl hito+suberinskabe'!$A$5:$A$78, $D57) > 0,"hito_sub","")) -> hito_sub | F57: =IF(COUNTIF('ūd. sorbcija Sl'!$C$3:$C$43, $D57) > 0, "ūdens sorbc",IF(COUNTIF(spiedei!$C$2:$C$41, $D57) > 0, "spiede", IF(COUNTIF(higro!$C$5:$C$18, $D57) > 0, "higroskopija",IF(COUNTIF(higro!$C$31:$C$45, $D57) > 0, "higroskopija",IF(COUNTIF(Komp!$A$2:$A$13, $D57) > 0, "komposts",""))))) -> ūdens sorbc
D58: 36 | E58: =IF(COUNTIF('Sl suberinskabe'!$A$5:$A$84, $D58) > 0,"sub",IF(COUNTIF('Sl hito+suberinskabe'!$A$5:$A$78, $D58) > 0,"hito_sub","")) | F58: =IF(COUNTIF('ūd. sorbcija Sl'!$C$3:$C$43, $D58) > 0, "ūdens sorbc",IF(COUNTIF(spiedei!$C$2:$C$41, $D58) > 0, "spiede", IF(COUNTIF(higro!$C$5:$C$18, $D58) > 0, "higroskopija",IF(COUNTIF(higro!$C$31:$C$45, $D58) > 0, "higroskopija",IF(COUNTIF(Komp!$A$2:$A$13, $D58) > 0, "komposts","")))))
C59: 15 | D59: 37 | E59: =IF(COUNTIF('Sl suberinskabe'!$A$5:$A$84, $D59) > 0,"sub",IF(COUNTIF('Sl hito+suberinskabe'!$A$5:$A$78, $D59) > 0,"hito_sub","")) -> hito_sub | F59: =IF(COUNTIF('ūd. sorbcija Sl'!$C$3:$C$43, $D59) > 0, "ūdens sorbc",IF(COUNTIF(spiedei!$C$2:$C$41, $D59) > 0, "spiede", IF(COUNTIF(higro!$C$5:$C$18, $D59) > 0, "higroskopija",IF(COUNTIF(higro!$C$31:$C$45, $D59) > 0, "higroskopija",IF(COUNTIF(Komp!$A$2:$A$13, $D59) > 0, "komposts",""))))) -> higroskopija
D60: 38 | E60: =IF(COUNTIF('Sl suberinskabe'!$A$5:$A$84, $D60) > 0,"sub",IF(COUNTIF('Sl hito+suberinskabe'!$A$5:$A$78, $D60) > 0,"hito_sub","")) -> sub | F60: =IF(COUNTIF('ūd. sorbcija Sl'!$C$3:$C$43, $D60) > 0, "ūdens sorbc",IF(COUNTIF(spiedei!$C$2:$C$41, $D60) > 0, "spiede", IF(COUNTIF(higro!$C$5:$C$18, $D60) > 0, "higroskopija",IF(COUNTIF(higro!$C$31:$C$45, $D60) > 0, "higroskopija",IF(COUNTIF(Komp!$A$2:$A$13, $D60) > 0, "komposts","")))))
D61: 39 | E61: =IF(COUNTIF('Sl suberinskabe'!$A$5:$A$84, $D61) > 0,"sub",IF(COUNTIF('Sl hito+suberinskabe'!$A$5:$A$78, $D61) > 0,"hito_sub","")) -> sub | F61: =IF(COUNTIF('ūd. sorbcija Sl'!$C$3:$C$43, $D61) > 0, "ūdens sorbc",IF(COUNTIF(spiedei!$C$2:$C$41, $D61) > 0, "spiede", IF(COUNTIF(higro!$C$5:$C$18, $D61) > 0, "higroskopija",IF(COUNTIF(higro!$C$31:$C$45, $D61) > 0, "higroskopija",IF(COUNTIF(Komp!$A$2:$A$13, $D61) > 0, "komposts",""))))) -> higroskopija
D62: 40 | E62: =IF(COUNTIF('Sl suberinskabe'!$A$5:$A$84, $D62) > 0,"sub",IF(COUNTIF('Sl hito+suberinskabe'!$A$5:$A$78, $D62) > 0,"hito_sub","")) -> sub | F62: =IF(COUNTIF('ūd. sorbcija Sl'!$C$3:$C$43, $D62) > 0, "ūdens sorbc",IF(COUNTIF(spiedei!$C$2:$C$41, $D62) > 0, "spiede", IF(COUNTIF(higro!$C$5:$C$18, $D62) > 0, "higroskopija",IF(COUNTIF(higro!$C$31:$C$45, $D62) > 0, "higroskopija",IF(COUNTIF(Komp!$A$2:$A$13, $D62) > 0, "komposts",""))))) -> ūdens sorbc
D63: 41 | E63: =IF(COUNTIF('Sl suberinskabe'!$A$5:$A$84, $D63) > 0,"sub",IF(COUNTIF('Sl hito+suberinskabe'!$A$5:$A$78, $D63) > 0,"hito_sub","")) -> sub | F63: =IF(COUNTIF('ūd. sorbcija Sl'!$C$3:$C$43, $D63) > 0, "ūdens sorbc",IF(COUNTIF(spiedei!$C$2:$C$41, $D63) > 0, "spiede", IF(COUNTIF(higro!$C$5:$C$18, $D63) > 0, "higroskopija",IF(COUNTIF(higro!$C$31:$C$45, $D63) > 0, "higroskopija",IF(COUNTIF(Komp!$A$2:$A$13, $D63) > 0, "komposts","")))))
D64: 42 | E64: =IF(COUNTIF('Sl suberinskabe'!$A$5:$A$84, $D64) > 0,"sub",IF(COUNTIF('Sl hito+suberinskabe'!$A$5:$A$78, $D64) > 0,"hito_sub","")) | F64: =IF(COUNTIF('ūd. sorbcija Sl'!$C$3:$C$43, $D64) > 0, "ūdens sorbc",IF(COUNTIF(spiedei!$C$2:$C$41, $D64) > 0, "spiede", IF(COUNTIF(higro!$C$5:$C$18, $D64) > 0, "higroskopija",IF(COUNTIF(higro!$C$31:$C$45, $D64) > 0, "higroskopija",IF(COUNTIF(Komp!$A$2:$A$13, $D64) > 0, "komposts","")))))
C65: 16 | D65: 43 | E65: =IF(COUNTIF('Sl suberinskabe'!$A$5:$A$84, $D65) > 0,"sub",IF(COUNTIF('Sl hito+suberinskabe'!$A$5:$A$78, $D65) > 0,"hito_sub","")) | F65: =IF(COUNTIF('ūd. sorbcija Sl'!$C$3:$C$43, $D65) > 0, "ūdens sorbc",IF(COUNTIF(spiedei!$C$2:$C$41, $D65) > 0, "spiede", IF(COUNTIF(higro!$C$5:$C$18, $D65) > 0, "higroskopija",IF(COUNTIF(higro!$C$31:$C$45, $D65) > 0, "higroskopija",IF(COUNTIF(Komp!$A$2:$A$13, $D65) > 0, "komposts","")))))
D66: 44 | E66: =IF(COUNTIF('Sl suberinskabe'!$A$5:$A$84, $D66) > 0,"sub",IF(COUNTIF('Sl hito+suberinskabe'!$A$5:$A$78, $D66) > 0,"hito_sub","")) -> hito_sub | F66: =IF(COUNTIF('ūd. sorbcija Sl'!$C$3:$C$43, $D66) > 0, "ūdens sorbc",IF(COUNTIF(spiedei!$C$2:$C$41, $D66) > 0, "spiede", IF(COUNTIF(higro!$C$5:$C$18, $D66) > 0, "higroskopija",IF(COUNTIF(higro!$C$31:$C$45, $D66) > 0, "higroskopija",IF(COUNTIF(Komp!$A$2:$A$13, $D66) > 0, "komposts",""))))) -> spiede
D67: 45 | E67: =IF(COUNTIF('Sl suberinskabe'!$A$5:$A$84, $D67) > 0,"sub",IF(COUNTIF('Sl hito+suberinskabe'!$A$5:$A$78, $D67) > 0,"hito_sub","")) -> sub | F67: =IF(COUNTIF('ūd. sorbcija Sl'!$C$3:$C$43, $D67) > 0, "ūdens sorbc",IF(COUNTIF(spiedei!$C$2:$C$41, $D67) > 0, "spiede", IF(COUNTIF(higro!$C$5:$C$18, $D67) > 0, "higroskopija",IF(COUNTIF(higro!$C$31:$C$45, $D67) > 0, "higroskopija",IF(COUNTIF(Komp!$A$2:$A$13, $D67) > 0, "komposts",""))))) -> spiede
D68: 46 | E68: =IF(COUNTIF('Sl suberinskabe'!$A$5:$A$84, $D68) > 0,"sub",IF(COUNTIF('Sl hito+suberinskabe'!$A$5:$A$78, $D68) > 0,"hito_sub","")) -> sub | F68: =IF(COUNTIF('ūd. sorbcija Sl'!$C$3:$C$43, $D68) > 0, "ūdens sorbc",IF(COUNTIF(spiedei!$C$2:$C$41, $D68) > 0, "spiede", IF(COUNTIF(higro!$C$5:$C$18, $D68) > 0, "higroskopija",IF(COUNTIF(higro!$C$31:$C$45, $D68) > 0, "higroskopija",IF(COUNTIF(Komp!$A$2:$A$13, $D68) > 0, "komposts",""))))) -> komposts
D69: 47 | E69: =IF(COUNTIF('Sl suberinskabe'!$A$5:$A$84, $D69) > 0,"sub",IF(COUNTIF('Sl hito+suberinskabe'!$A$5:$A$78, $D69) > 0,"hito_sub","")) -> hito_sub | F69: =IF(COUNTIF('ūd. sorbcija Sl'!$C$3:$C$43, $D69) > 0, "ūdens sorbc",IF(COUNTIF(spiedei!$C$2:$C$41, $D69) > 0, "spiede", IF(COUNTIF(higro!$C$5:$C$18, $D69) > 0, "higroskopija",IF(COUNTIF(higro!$C$31:$C$45, $D69) > 0, "higroskopija",IF(COUNTIF(Komp!$A$2:$A$13, $D69) > 0, "komposts","")))))
D70: 48 | E70: =IF(COUNTIF('Sl suberinskabe'!$A$5:$A$84, $D70) > 0,"sub",IF(COUNTIF('Sl hito+suberinskabe'!$A$5:$A$78, $D70) > 0,"hito_sub","")) | F70: =IF(COUNTIF('ūd. sorbcija Sl'!$C$3:$C$43, $D70) > 0, "ūdens sorbc",IF(COUNTIF(spiedei!$C$2:$C$41, $D70) > 0, "spiede", IF(COUNTIF(higro!$C$5:$C$18, $D70) > 0, "higroskopija",IF(COUNTIF(higro!$C$31:$C$45, $D70) > 0, "higroskopija",IF(COUNTIF(Komp!$A$2:$A$13, $D70) > 0, "komposts","")))))
B71: 3 | C71: 18 | D71: 49 | E71: =IF(COUNTIF('Sl suberinskabe'!$A$5:$A$84, $D71) > 0,"sub",IF(COUNTIF('Sl hito+suberinskabe'!$A$5:$A$78, $D71) > 0,"hito_sub","")) -> hito_sub | F71: =IF(COUNTIF('ūd. sorbcija Sl'!$C$3:$C$43, $D71) > 0, "ūdens sorbc",IF(COUNTIF(spiedei!$C$2:$C$41, $D71) > 0, "spiede", IF(COUNTIF(higro!$C$5:$C$18, $D71) > 0, "higroskopija",IF(COUNTIF(higro!$C$31:$C$45, $D71) > 0, "higroskopija",IF(COUNTIF(Komp!$A$2:$A$13, $D71) > 0, "komposts",""))))) -> ūdens sorbc
D72: 50 | E72: =IF(COUNTIF('Sl suberinskabe'!$A$5:$A$84, $D72) > 0,"sub",IF(COUNTIF('Sl hito+suberinskabe'!$A$5:$A$78, $D72) > 0,"hito_sub","")) -> hito_sub | F72: =IF(COUNTIF('ūd. sorbcija Sl'!$C$3:$C$43, $D72) > 0, "ūdens sorbc",IF(COUNTIF(spiedei!$C$2:$C$41, $D72) > 0, "spiede", IF(COUNTIF(higro!$C$5:$C$18, $D72) > 0, "higroskopija",IF(COUNTIF(higro!$C$31:$C$45, $D72) > 0, "higroskopija",IF(COUNTIF(Komp!$A$2:$A$13, $D72) > 0, "komposts","")))))
D73: 51 | E73: =IF(COUNTIF('Sl suberinskabe'!$A$5:$A$84, $D73) > 0,"sub",IF(COUNTIF('Sl hito+suberinskabe'!$A$5:$A$78, $D73) > 0,"hito_sub","")) -> sub | F73: =IF(COUNTIF('ūd. sorbcija Sl'!$C$3:$C$43, $D73) > 0, "ūdens sorbc",IF(COUNTIF(spiedei!$C$2:$C$41, $D73) > 0, "spiede", IF(COUNTIF(higro!$C$5:$C$18, $D73) > 0, "higroskopija",IF(COUNTIF(higro!$C$31:$C$45, $D73) > 0, "higroskopija",IF(COUNTIF(Komp!$A$2:$A$13, $D73) > 0, "komposts",""))))) -> komposts
D74: 52 | E74: =IF(COUNTIF('Sl suberinskabe'!$A$5:$A$84, $D74) > 0,"sub",IF(COUNTIF('Sl hito+suberinskabe'!$A$5:$A$78, $D74) > 0,"hito_sub","")) -> sub | F74: =IF(COUNTIF('ūd. sorbcija Sl'!$C$3:$C$43, $D74) > 0, "ūdens sorbc",IF(COUNTIF(spiedei!$C$2:$C$41, $D74) > 0, "spiede", IF(COUNTIF(higro!$C$5:$C$18, $D74) > 0, "higroskopija",IF(COUNTIF(higro!$C$31:$C$45, $D74) > 0, "higroskopija",IF(COUNTIF(Komp!$A$2:$A$13, $D74) > 0, "komposts",""))))) -> ūdens sorbc
D75: 53 | E75: =IF(COUNTIF('Sl suberinskabe'!$A$5:$A$84, $D75) > 0,"sub",IF(COUNTIF('Sl hito+suberinskabe'!$A$5:$A$78, $D75) > 0,"hito_sub","")) -> hito_sub | F75: =IF(COUNTIF('ūd. sorbcija Sl'!$C$3:$C$43, $D75) > 0, "ūdens sorbc",IF(COUNTIF(spiedei!$C$2:$C$41, $D75) > 0, "spiede", IF(COUNTIF(higro!$C$5:$C$18, $D75) > 0, "higroskopija",IF(COUNTIF(higro!$C$31:$C$45, $D75) > 0, "higroskopija",IF(COUNTIF(Komp!$A$2:$A$13, $D75) > 0, "komposts",""))))) -> higroskopija
C76: 30 | D76: 54 | E76: =IF(COUNTIF('Sl suberinskabe'!$A$5:$A$84, $D76) > 0,"sub",IF(COUNTIF('Sl hito+suberinskabe'!$A$5:$A$78, $D76) > 0,"hito_sub","")) | F76: =IF(COUNTIF('ūd. sorbcija Sl'!$C$3:$C$43, $D76) > 0, "ūdens sorbc",IF(COUNTIF(spiedei!$C$2:$C$41, $D76) > 0, "spiede", IF(COUNTIF(higro!$C$5:$C$18, $D76) > 0, "higroskopija",IF(COUNTIF(higro!$C$31:$C$45, $D76) > 0, "higroskopija",IF(COUNTIF(Komp!$A$2:$A$13, $D76) > 0, "komposts","")))))
D77: 55 | E77: =IF(COUNTIF('Sl suberinskabe'!$A$5:$A$84, $D77) > 0,"sub",IF(COUNTIF('Sl hito+suberinskabe'!$A$5:$A$78, $D77) > 0,"hito_sub","")) -> sub | F77: =IF(COUNTIF('ūd. sorbcija Sl'!$C$3:$C$43, $D77) > 0, "ūdens sorbc",IF(COUNTIF(spiedei!$C$2:$C$41, $D77) > 0, "spiede", IF(COUNTIF(higro!$C$5:$C$18, $D77) > 0, "higroskopija",IF(COUNTIF(higro!$C$31:$C$45, $D77) > 0, "higroskopija",IF(COUNTIF(Komp!$A$2:$A$13, $D77) > 0, "komposts",""))))) -> higroskopija
D78: 56 | E78: =IF(COUNTIF('Sl suberinskabe'!$A$5:$A$84, $D78) > 0,"sub",IF(COUNTIF('Sl hito+suberinskabe'!$A$5:$A$78, $D78) > 0,"hito_sub","")) -> sub | F78: =IF(COUNTIF('ūd. sorbcija Sl'!$C$3:$C$43, $D78) > 0, "ūdens sorbc",IF(COUNTIF(spiedei!$C$2:$C$41, $D78) > 0, "spiede", IF(COUNTIF(higro!$C$5:$C$18, $D78) > 0, "higroskopija",IF(COUNTIF(higro!$C$31:$C$45, $D78) > 0, "higroskopija",IF(COUNTIF(Komp!$A$2:$A$13, $D78) > 0, "komposts",""))))) -> spiede
D79: 57 | E79: =IF(COUNTIF('Sl suberinskabe'!$A$5:$A$84, $D79) > 0,"sub",IF(COUNTIF('Sl hito+suberinskabe'!$A$5:$A$78, $D79) > 0,"hito_sub","")) -> hito_sub | F79: =IF(COUNTIF('ūd. sorbcija Sl'!$C$3:$C$43, $D79) > 0, "ūdens sorbc",IF(COUNTIF(spiedei!$C$2:$C$41, $D79) > 0, "spiede", IF(COUNTIF(higro!$C$5:$C$18, $D79) > 0, "higroskopija",IF(COUNTIF(higro!$C$31:$C$45, $D79) > 0, "higroskopija",IF(COUNTIF(Komp!$A$2:$A$13, $D79) > 0, "komposts","")))))
D80: 58 | E80: =IF(COUNTIF('Sl suberinskabe'!$A$5:$A$84, $D80) > 0,"sub",IF(COUNTIF('Sl hito+suberinskabe'!$A$5:$A$78, $D80) > 0,"hito_sub","")) | F80: =IF(COUNTIF('ūd. sorbcija Sl'!$C$3:$C$43, $D80) > 0, "ūdens sorbc",IF(COUNTIF(spiedei!$C$2:$C$41, $D80) > 0, "spiede", IF(COUNTIF(higro!$C$5:$C$18, $D80) > 0, "higroskopija",IF(COUNTIF(higro!$C$31:$C$45, $D80) > 0, "higroskopija",IF(COUNTIF(Komp!$A$2:$A$13, $D80) > 0, "komposts","")))))
C81: 31 | D81: 59 | E81: =IF(COUNTIF('Sl suberinskabe'!$A$5:$A$84, $D81) > 0,"sub",IF(COUNTIF('Sl hito+suberinskabe'!$A$5:$A$78, $D81) > 0,"hito_sub","")) -> hito_sub | F81: =IF(COUNTIF('ūd. sorbcija Sl'!$C$3:$C$43, $D81) > 0, "ūdens sorbc",IF(COUNTIF(spiedei!$C$2:$C$41, $D81) > 0, "spiede", IF(COUNTIF(higro!$C$5:$C$18, $D81) > 0, "higroskopija",IF(COUNTIF(higro!$C$31:$C$45, $D81) > 0, "higroskopija",IF(COUNTIF(Komp!$A$2:$A$13, $D81) > 0, "komposts",""))))) -> ūdens sorbc
D82: 60 | E82: =IF(COUNTIF('Sl suberinskabe'!$A$5:$A$84, $D82) > 0,"sub",IF(COUNTIF('Sl hito+suberinskabe'!$A$5:$A$78, $D82) > 0,"hito_sub","")) -> sub | F82: =IF(COUNTIF('ūd. sorbcija Sl'!$C$3:$C$43, $D82) > 0, "ūdens sorbc",IF(COUNTIF(spiedei!$C$2:$C$41, $D82) > 0, "spiede", IF(COUNTIF(higro!$C$5:$C$18, $D82) > 0, "higroskopija",IF(COUNTIF(higro!$C$31:$C$45, $D82) > 0, "higroskopija",IF(COUNTIF(Komp!$A$2:$A$13, $D82) > 0, "komposts","")))))
D83: 61 | E83: =IF(COUNTIF('Sl suberinskabe'!$A$5:$A$84, $D83) > 0,"sub",IF(COUNTIF('Sl hito+suberinskabe'!$A$5:$A$78, $D83) > 0,"hito_sub","")) -> sub | F83: =IF(COUNTIF('ūd. sorbcija Sl'!$C$3:$C$43, $D83) > 0, "ūdens sorbc",IF(COUNTIF(spiedei!$C$2:$C$41, $D83) > 0, "spiede", IF(COUNTIF(higro!$C$5:$C$18, $D83) > 0, "higroskopija",IF(COUNTIF(higro!$C$31:$C$45, $D83) > 0, "higroskopija",IF(COUNTIF(Komp!$A$2:$A$13, $D83) > 0, "komposts",""))))) -> komposts
D84: 62 | E84: =IF(COUNTIF('Sl suberinskabe'!$A$5:$A$84, $D84) > 0,"sub",IF(COUNTIF('Sl hito+suberinskabe'!$A$5:$A$78, $D84) > 0,"hito_sub","")) -> hito_sub | F84: =IF(COUNTIF('ūd. sorbcija Sl'!$C$3:$C$43, $D84) > 0, "ūdens sorbc",IF(COUNTIF(spiedei!$C$2:$C$41, $D84) > 0, "spiede", IF(COUNTIF(higro!$C$5:$C$18, $D84) > 0, "higroskopija",IF(COUNTIF(higro!$C$31:$C$45, $D84) > 0, "higroskopija",IF(COUNTIF(Komp!$A$2:$A$13, $D84) > 0, "komposts","")))))
D85: 63 | E85: =IF(COUNTIF('Sl suberinskabe'!$A$5:$A$84, $D85) > 0,"sub",IF(COUNTIF('Sl hito+suberinskabe'!$A$5:$A$78, $D85) > 0,"hito_sub","")) | F85: =IF(COUNTIF('ūd. sorbcija Sl'!$C$3:$C$43, $D85) > 0, "ūdens sorbc",IF(COUNTIF(spiedei!$C$2:$C$41, $D85) > 0, "spiede", IF(COUNTIF(higro!$C$5:$C$18, $D85) > 0, "higroskopija",IF(COUNTIF(higro!$C$31:$C$45, $D85) > 0, "higroskopija",IF(COUNTIF(Komp!$A$2:$A$13, $D85) > 0, "komposts","")))))
A86: Sl2 | B86: 1 | C86: 70 | D86: 119 | E86: =IF(COUNTIF('Sl suberinskabe'!$A$5:$A$84, $D86) > 0,"sub",IF(COUNTIF('Sl hito+suberinskabe'!$A$5:$A$78, $D86) > 0,"hito_sub","")) | F86: =IF(COUNTIF('ūd. sorbcija Sl'!$C$3:$C$43, $D86) > 0, "ūdens sorbc",IF(COUNTIF(spiedei!$C$2:$C$41, $D86) > 0, "spiede", IF(COUNTIF(higro!$C$5:$C$18, $D86) > 0, "higroskopija",IF(COUNTIF(higro!$C$31:$C$45, $D86) > 0, "higroskopija",IF(COUNTIF(Komp!$A$2:$A$13, $D86) > 0, "komposts","")))))
D87: 120 | E87: =IF(COUNTIF('Sl suberinskabe'!$A$5:$A$84, $D87) > 0,"sub",IF(COUNTIF('Sl hito+suberinskabe'!$A$5:$A$78, $D87) > 0,"hito_sub","")) -> hito_sub | F87: =IF(COUNTIF('ūd. sorbcija Sl'!$C$3:$C$43, $D87) > 0, "ūdens sorbc",IF(COUNTIF(spiedei!$C$2:$C$41, $D87) > 0, "spiede", IF(COUNTIF(higro!$C$5:$C$18, $D87) > 0, "higroskopija",IF(COUNTIF(higro!$C$31:$C$45, $D87) > 0, "higroskopija",IF(COUNTIF(Komp!$A$2:$A$13, $D87) > 0, "komposts",""))))) -> spiede
D88: 121 | E88: =IF(COUNTIF('Sl suberinskabe'!$A$5:$A$84, $D88) > 0,"sub",IF(COUNTIF('Sl hito+suberinskabe'!$A$5:$A$78, $D88) > 0,"hito_sub","")) -> sub | F88: =IF(COUNTIF('ūd. sorbcija Sl'!$C$3:$C$43, $D88) > 0, "ūdens sorbc",IF(COUNTIF(spiedei!$C$2:$C$41, $D88) > 0, "spiede", IF(COUNTIF(higro!$C$5:$C$18, $D88) > 0, "higroskopija",IF(COUNTIF(higro!$C$31:$C$45, $D88) > 0, "higroskopija",IF(COUNTIF(Komp!$A$2:$A$13, $D88) > 0, "komposts",""))))) -> ūdens sorbc
D89: 122 | E89: =IF(COUNTIF('Sl suberinskabe'!$A$5:$A$84, $D89) > 0,"sub",IF(COUNTIF('Sl hito+suberinskabe'!$A$5:$A$78, $D89) > 0,"hito_sub","")) -> sub | F89: =IF(COUNTIF('ūd. sorbcija Sl'!$C$3:$C$43, $D89) > 0, "ūdens sorbc",IF(COUNTIF(spiedei!$C$2:$C$41, $D89) > 0, "spiede", IF(COUNTIF(higro!$C$5:$C$18, $D89) > 0, "higroskopija",IF(COUNTIF(higro!$C$31:$C$45, $D89) > 0, "higroskopija",IF(COUNTIF(Komp!$A$2:$A$13, $D89) > 0, "komposts",""))))) -> higroskopija
D90: 123 | E90: =IF(COUNTIF('Sl suberinskabe'!$A$5:$A$84, $D90) > 0,"sub",IF(COUNTIF('Sl hito+suberinskabe'!$A$5:$A$78, $D90) > 0,"hito_sub","")) -> hito_sub | F90: =IF(COUNTIF('ūd. sorbcija Sl'!$C$3:$C$43, $D90) > 0, "ūdens sorbc",IF(COUNTIF(spiedei!$C$2:$C$41, $D90) > 0, "spiede", IF(COUNTIF(higro!$C$5:$C$18, $D90) > 0, "higroskopija",IF(COUNTIF(higro!$C$31:$C$45, $D90) > 0, "higroskopija",IF(COUNTIF(Komp!$A$2:$A$13, $D90) > 0, "komposts",""))))) -> ūdens sorbc
C91: 72 | D91: 124 | E91: =IF(COUNTIF('Sl suberinskabe'!$A$5:$A$84, $D91) > 0,"sub",IF(COUNTIF('Sl hito+suberinskabe'!$A$5:$A$78, $D91) > 0,"hito_sub","")) -> hito_sub | F91: =IF(COUNTIF('ūd. sorbcija Sl'!$C$3:$C$43, $D91) > 0, "ūdens sorbc",IF(COUNTIF(spiedei!$C$2:$C$41, $D91) > 0, "spiede", IF(COUNTIF(higro!$C$5:$C$18, $D91) > 0, "higroskopija",IF(COUNTIF(higro!$C$31:$C$45, $D91) > 0, "higroskopija",IF(COUNTIF(Komp!$A$2:$A$13, $D91) > 0, "komposts","")))))
D92: 125 | E92: =IF(COUNTIF('Sl suberinskabe'!$A$5:$A$84, $D92) > 0,"sub",IF(COUNTIF('Sl hito+suberinskabe'!$A$5:$A$78, $D92) > 0,"hito_sub","")) -> sub | F92: =IF(COUNTIF('ūd. sorbcija Sl'!$C$3:$C$43, $D92) > 0, "ūdens sorbc",IF(COUNTIF(spiedei!$C$2:$C$41, $D92) > 0, "spiede", IF(COUNTIF(higro!$C$5:$C$18, $D92) > 0, "higroskopija",IF(COUNTIF(higro!$C$31:$C$45, $D92) > 0, "higroskopija",IF(COUNTIF(Komp!$A$2:$A$13, $D92) > 0, "komposts",""))))) -> spiede
D93: 126 | E93: =IF(COUNTIF('Sl suberinskabe'!$A$5:$A$84, $D93) > 0,"sub",IF(COUNTIF('Sl hito+suberinskabe'!$A$5:$A$78, $D93) > 0,"hito_sub","")) -> hito_sub | F93: =IF(COUNTIF('ūd. sorbcija Sl'!$C$3:$C$43, $D93) > 0, "ūdens sorbc",IF(COUNTIF(spiedei!$C$2:$C$41, $D93) > 0, "spiede", IF(COUNTIF(higro!$C$5:$C$18, $D93) > 0, "higroskopija",IF(COUNTIF(higro!$C$31:$C$45, $D93) > 0, "higroskopija",IF(COUNTIF(Komp!$A$2:$A$13, $D93) > 0, "komposts",""))))) -> spiede
D94: 127 | E94: =IF(COUNTIF('Sl suberinskabe'!$A$5:$A$84, $D94) > 0,"sub",IF(COUNTIF('Sl hito+suberinskabe'!$A$5:$A$78, $D94) > 0,"hito_sub","")) -> hito_sub | F94: =IF(COUNTIF('ūd. sorbcija Sl'!$C$3:$C$43, $D94) > 0, "ūdens sorbc",IF(COUNTIF(spiedei!$C$2:$C$41, $D94) > 0, "spiede", IF(COUNTIF(higro!$C$5:$C$18, $D94) > 0, "higroskopija",IF(COUNTIF(higro!$C$31:$C$45, $D94) > 0, "higroskopija",IF(COUNTIF(Komp!$A$2:$A$13, $D94) > 0, "komposts","")))))
D95: 128 | E95: =IF(COUNTIF('Sl suberinskabe'!$A$5:$A$84, $D95) > 0,"sub",IF(COUNTIF('Sl hito+suberinskabe'!$A$5:$A$78, $D95) > 0,"hito_sub","")) | F95: =IF(COUNTIF('ūd. sorbcija Sl'!$C$3:$C$43, $D95) > 0, "ūdens sorbc",IF(COUNTIF(spiedei!$C$2:$C$41, $D95) > 0, "spiede", IF(COUNTIF(higro!$C$5:$C$18, $D95) > 0, "higroskopija",IF(COUNTIF(higro!$C$31:$C$45, $D95) > 0, "higroskopija",IF(COUNTIF(Komp!$A$2:$A$13, $D95) > 0, "komposts","")))))
B96: 2 | C96: 76 | D96: 129 | E96: =IF(COUNTIF('Sl suberinskabe'!$A$5:$A$84, $D96) > 0,"sub",IF(COUNTIF('Sl hito+suberinskabe'!$A$5:$A$78, $D96) > 0,"hito_sub","")) | F96: =IF(COUNTIF('ūd. sorbcija Sl'!$C$3:$C$43, $D96) > 0, "ūdens sorbc",IF(COUNTIF(spiedei!$C$2:$C$41, $D96) > 0, "spiede", IF(COUNTIF(higro!$C$5:$C$18, $D96) > 0, "higroskopija",IF(COUNTIF(higro!$C$31:$C$45, $D96) > 0, "higroskopija",IF(COUNTIF(Komp!$A$2:$A$13, $D96) > 0, "komposts","")))))
D97: 130 | E97: =IF(COUNTIF('Sl suberinskabe'!$A$5:$A$84, $D97) > 0,"sub",IF(COUNTIF('Sl hito+suberinskabe'!$A$5:$A$78, $D97) > 0,"hito_sub","")) -> hito_sub | F97: =IF(COUNTIF('ūd. sorbcija Sl'!$C$3:$C$43, $D97) > 0, "ūdens sorbc",IF(COUNTIF(spiedei!$C$2:$C$41, $D97) > 0, "spiede", IF(COUNTIF(higro!$C$5:$C$18, $D97) > 0, "higroskopija",IF(COUNTIF(higro!$C$31:$C$45, $D97) > 0, "higroskopija",IF(COUNTIF(Komp!$A$2:$A$13, $D97) > 0, "komposts",""))))) -> ūdens sorbc
D98: 131 | E98: =IF(COUNTIF('Sl suberinskabe'!$A$5:$A$84, $D98) > 0,"sub",IF(COUNTIF('Sl hito+suberinskabe'!$A$5:$A$78, $D98) > 0,"hito_sub","")) -> sub | F98: =IF(COUNTIF('ūd. sorbcija Sl'!$C$3:$C$43, $D98) > 0, "ūdens sorbc",IF(COUNTIF(spiedei!$C$2:$C$41, $D98) > 0, "spiede", IF(COUNTIF(higro!$C$5:$C$18, $D98) > 0, "higroskopija",IF(COUNTIF(higro!$C$31:$C$45, $D98) > 0, "higroskopija",IF(COUNTIF(Komp!$A$2:$A$13, $D98) > 0, "komposts","")))))
D99: 132 | E99: =IF(COUNTIF('Sl suberinskabe'!$A$5:$A$84, $D99) > 0,"sub",IF(COUNTIF('Sl hito+suberinskabe'!$A$5:$A$78, $D99) > 0,"hito_sub","")) -> sub | F99: =IF(COUNTIF('ūd. sorbcija Sl'!$C$3:$C$43, $D99) > 0, "ūdens sorbc",IF(COUNTIF(spiedei!$C$2:$C$41, $D99) > 0, "spiede", IF(COUNTIF(higro!$C$5:$C$18, $D99) > 0, "higroskopija",IF(COUNTIF(higro!$C$31:$C$45, $D99) > 0, "higroskopija",IF(COUNTIF(Komp!$A$2:$A$13, $D99) > 0, "komposts",""))))) -> spiede
D100: 133 | E100: =IF(COUNTIF('Sl suberinskabe'!$A$5:$A$84, $D100) > 0,"sub",IF(COUNTIF('Sl hito+suberinskabe'!$A$5:$A$78, $D100) > 0,"hito_sub","")) | F100: =IF(COUNTIF('ūd. sorbcija Sl'!$C$3:$C$43, $D100) > 0, "ūdens sorbc",IF(COUNTIF(spiedei!$C$2:$C$41, $D100) > 0, "spiede", IF(COUNTIF(higro!$C$5:$C$18, $D100) > 0, "higroskopija",IF(COUNTIF(higro!$C$31:$C$45, $D100) > 0, "higroskopija",IF(COUNTIF(Komp!$A$2:$A$13, $D100) > 0, "komposts","")))))
...

Sheet Sl suberinskabe
A1: 12.05.2025
A2: suberīnskabe | C2: m1 = 30s dip + 100 oC līdz konst. m. + 150 oC 15 min
A3: 80 gab | G3: 20 gab
A4: kubiņa nr | B4: mo* | C4: m1 | D4: uzņemtā sub. Sk. | E4: sub. sk. g/g MK | F4: sub. sk. g/cm3 | G4: stieņa nr | H4: mo* | I4: m1 | J4: uzņemtā sub. Sk. | K4: sub. sk. g/g MK | L4: sub. sk. g/cm3
A5: 3 | B5: 4.5 | C5: 7.12 | D5: =C5-B5 -> 2.62 | E5: =D5/B5 -> 0.58222222 | F5: =D5/27 -> 0.097037037 | G5: 1 | H5: 25.63 | I5: 39.28 | J5: =I5-H5 -> 13.65 | K5: =J5/H5 -> 0.53257901 | L5: =J5/153 -> 0.089215686
A6: 4 | B6: 4.66 | C6: 7.23 | D6: =C6-B6 -> 2.57 | E6: =D6/B6 -> 0.55150215 | F6: =D6/27 -> 0.095185185 | G6: 8 | H6: 24.96 | I6: 39.61 | J6: =I6-H6 -> 14.65 | K6: =J6/H6 -> 0.5869391 | L6: =J6/153 -> 0.095751634
A7: 7 | B7: 4.44 | C7: 7.12 | D7: =C7-B7 -> 2.68 | E7: =D7/B7 -> 0.6036036 | F7: =D7/27 -> 0.099259259 | G7: 11 | H7: 18.89 | I7: 31.98 | J7: =I7-H7 -> 13.09 | K7: =J7/H7 -> 0.69295924 | L7: =J7/153 -> 0.085555556
A8: 8 | B8: 4.48 | C8: 7.03 | D8: =C8-B8 -> 2.55 | E8: =D8/B8 -> 0.56919643 | F8: =D8/27 -> 0.094444444 | G8: 19 | H8: 19.51 | I8: 33.24 | J8: =I8-H8 -> 13.73 | K8: =J8/H8 -> 0.70374167 | L8: =J8/153 -> 0.089738562
A9: 9 | B9: 4.62 | C9: 6.84 | D9: =C9-B9 -> 2.22 | E9: =D9/B9 -> 0.48051948 | F9: =D9/27 -> 0.082222222 | G9: 32 | H9: 26.1 | I9: 40.55 | J9: =I9-H9 -> 14.45 | K9: =J9/H9 -> 0.55363985 | L9: =J9/153 -> 0.094444444
A10: 12 | B10: 4.54 | C10: 6.93 | D10: =C10-B10 -> 2.39 | E10: =D10/B10 -> 0.52643172 | F10: =D10/27 -> 0.088518519 | G10: 34 | H10: 26.76 | I10: 40.63 | J10: =I10-H10 -> 13.87 | K10: =J10/H10 -> 0.51831091 | L10: =J10/153 -> 0.090653595
A11: 13 | B11: 4.57 | C11: 6.95 | D11: =C11-B11 -> 2.38 | E11: =D11/B11 -> 0.52078775 | F11: =D11/27 -> 0.088148148 | G11: 37 | H11: 27.25 | I11: 42.9 | J11: =I11-H11 -> 15.65 | K11: =J11/H11 -> 0.57431193 | L11: =J11/153 -> 0.10228758
A12: 18 | B12: 6.16 | C12: 8.87 | D12: =C12-B12 -> 2.71 | E12: =D12/B12 -> 0.43993506 | F12: =D12/27 -> 0.10037037 | G12: 43 | H12: 26.67 | I12: 43.13 | J12: =I12-H12 -> 16.46 | K12: =J12/H12 -> 0.61717285 | L12: =J12/153 -> 0.1075817
A13: 21 | B13: 4.24 | C13: 6.85 | D13: =C13-B13 -> 2.61 | E13: =D13/B13 -> 0.61556604 | F13: =D13/27 -> 0.096666667 | G13: 58 | H13: 25.06 | I13: 37.3 | J13: =I13-H13 -> 12.24 | K13: =J13/H13 -> 0.48842777 | L13: =J13/153 -> 0.08
A14: 22 | B14: 4.27 | C14: 6.92 | D14: =C14-B14 -> 2.65 | E14: =D14/B14 -> 0.6206089 | F14: =D14/27 -> 0.098148148 | G14: 63 | H14: 24.74 | I14: 38.2 | J14: =I14-H14 -> 13.46 | K14: =J14/H14 -> 0.54405821 | L14: =J14/153 -> 0.087973856
A15: 23 | B15: 4.38 | C15: 6.85 | D15: =C15-B15 -> 2.47 | E15: =D15/B15 -> 0.56392694 | F15: =D15/27 -> 0.091481481 | G15: 65 | H15: 24.22 | I15: 38.85 | J15: =I15-H15 -> 14.63 | K15: =J15/H15 -> 0.60404624 | L15: =J15/153 -> 0.095620915
A16: 27 | B16: 4.5 | C16: 7.15 | D16: =C16-B16 -> 2.65 | E16: =D16/B16 -> 0.58888889 | F16: =D16/27 -> 0.098148148 | G16: 69 | H16: 19.26 | I16: 33.64 | J16: =I16-H16 -> 14.38 | K16: =J16/H16 -> 0.74662513 | L16: =J16/153 -> 0.093986928
... A24: 45 | B24: 3.32 | C24: 5.93 | D24: =C24-B24 -> 2.61 | E24: =D24/B24 -> 0.78614458 | F24: =D24/27 -> 0.096666667 | G24: 94 | H24: 26.71 | I24: 43 | J24: =I24-H24 -> 16.29 | K24: =J24/H24 -> 0.60988394 | L24: =J24/153 -> 0.10647059
A25: 46 | B25: 3.38 | C25: 6.09 | D25: =C25-B25 -> 2.71 | E25: =D25/B25 -> 0.80177515 | F25: =D25/27 -> 0.10037037
A26: 51 | B26: 3.48 | C26: 6.22 | D26: =C26-B26 -> 2.74 | E26: =D26/B26 -> 0.78735632 | F26: =D26/27 -> 0.10148148
A27: 52 | B27: 3.38 | C27: 6.09 | D27: =C27-B27 -> 2.71 | E27: =D27/B27 -> 0.80177515 | F27: =D27/27 -> 0.10037037
A28: 55 | B28: 3.45 | C28: 6.09 | D28: =C28-B28 -> 2.64 | E28: =D28/B28 -> 0.76521739 | F28: =D28/27 -> 0.097777778
A29: 56 | B29: 3.56 | C29: 6.09 | D29: =C29-B29 -> 2.53 | E29: =D29/B29 -> 0.71067416 | F29: =D29/27 -> 0.093703704
A30: 60 | B30: 3.31 | C30: 5.85 | D30: =C30-B30 -> 2.54 | E30: =D30/B30 -> 0.7673716 | F30: =D30/27 -> 0.094074074
A31: 61 | B31: 3.46 | C31: 6.1 | D31: =C31-B31 -> 2.64 | E31: =D31/B31 -> 0.76300578 | F31: =D31/27 -> 0.097777778
A32: 65 | B32: 4.45 | C32: 7.23 | D32: =C32-B32 -> 2.78 | E32: =D32/B32 -> 0.6247191 | F32: =D32/27 -> 0.10296296
A33: 66 | B33: 4.45 | C33: 7.18 | D33: =C33-B33 -> 2.73 | E33: =D33/B33 -> 0.61348315 | F33: =D33/27 -> 0.10111111
A34: 67 | B34: 4.56 | C34: 7.18 | D34: =C34-B34 -> 2.62 | E34: =D34/B34 -> 0.5745614 | F34: =D34/27 -> 0.097037037
A35: 69 | B35: 4.63 | C35: 7.22 | D35: =C35-B35 -> 2.59 | E35: =D35/B35 -> 0.55939525 | F35: =D35/27 -> 0.095925926
A36: 70 | B36: 4.46 | C36: 7.13 | D36: =C36-B36 -> 2.67 | E36: =D36/B36 -> 0.59865471 | F36: =D36/27 -> 0.098888889
... A38: 72 | B38: 4.76 | C38: 7.46 | D38: =C38-B38 -> 2.7 | E38: =D38/B38 -> 0.56722689 | F38: =D38/27 -> 0.1
A39: 75 | B39: 4.75 | C39: 7.57 | D39: =C39-B39 -> 2.82 | E39: =D39/B39 -> 0.59368421 | F39: =D39/27 -> 0.10444444 | J39: Sl1
A40: 76 | B40: 4.88 | C40: 7.61 | D40: =C40-B40 -> 2.73 | E40: =D40/B40 -> 0.55942623 | F40: =D40/27 -> 0.10111111 | J40: Sl2
A41: 77 | B41: 4.66 | C41: 7.53 | D41: =C41-B41 -> 2.87 | E41: =D41/B41 -> 0.61587983 | F41: =D41/27 -> 0.1062963 | J41: Sl3
A42: 80 | B42: 4.83 | C42: 7.78 | D42: =C42-B42 -> 2.95 | E42: =D42/B42 -> 0.61076605 | F42: =D42/27 -> 0.10925926 | J42: Sl4
A43: 81 | B43: 4.78 | C43: 7.61 | D43: =C43-B43 -> 2.83 | E43: =D43/B43 -> 0.59205021 | F43: =D43/27 -> 0.10481481
A44: 82 | B44: 4.93 | C44: 7.9 | D44: =C44-B44 -> 2.97 | E44: =D44/B44 -> 0.60243408 | F44: =D44/27 -> 0.11
A45: 83 | B45: 4.86 | C45: 7.8 | D45: =C45-B45 -> 2.94 | E45: =D45/B45 -> 0.60493827 | F45: =D45/27 -> 0.10888889
A46: 85 | B46: 4.63 | C46: 7.61 | D46: =C46-B46 -> 2.98 | E46: =D46/B46 -> 0.64362851 | F46: =D46/27 -> 0.11037037
A47: 86 | B47: 4.82 | C47: 7.74 | D47: =C47-B47 -> 2.92 | E47: =D47/B47 -> 0.60580913 | F47: =D47/27 -> 0.10814815
A48: 90 | B48: 5.02 | C48: 8.21 | D48: =C48-B48 -> 3.19 | E48: =D48/B48 -> 0.63545817 | F48: =D48/27 -> 0.11814815
A49: 91 | B49: 4.75 | C49: 7.82 | D49: =C49-B49 -> 3.07 | E49: =D49/B49 -> 0.64631579 | F49: =D49/27 -> 0.1137037
A50: 92 | B50: 4.65 | C50: 7.73 | D50: =C50-B50 -> 3.08 | E50: =D50/B50 -> 0.66236559 | F50: =D50/27 -> 0.11407407
A51: 95 | B51: 4.69 | C51: 7.85 | D51: =C51-B51 -> 3.16 | E51: =D51/B51 -> 0.67377399 | F51: =D51/27 -> 0.11703704
A52: 96 | B52: 4.88 | C52: 8.06 | D52: =C52-B52 -> 3.18 | E52: =D52/B52 -> 0.65163934 | F52: =D52/27 -> 0.11777778
A53: 97 | B53: 4.79 | C53: 7.95 | D53: =C53-B53 -> 3.16 | E53: =D53/B53 -> 0.65970772 | F53: =D53/27 -> 0.11703704
A54: 101 | B54: 4.4 | C54: 7.29 | D54: =C54-B54 -> 2.89 | E54: =D54/B54 -> 0.65681818 | F54: =D54/27 -> 0.10703704
A55: 102 | B55: 4.49 | C55: 7.24 | D55: =C55-B55 -> 2.75 | E55: =D55/B55 -> 0.61247216 | F55: =D55/27 -> 0.10185185
A56: 105 | B56: 4.58 | C56: 7.3 | D56: =C56-B56 -> 2.72 | E56: =D56/B56 -> 0.59388646 | F56: =D56/27 -> 0.10074074 | J56: pazuda 68 un 143
A57: 106 | B57: 4.48 | C57: 7.12 | D57: =C57-B57 -> 2.64 | E57: =D57/B57 -> 0.58928571 | F57: =D57/27 -> 0.097777778
A58: 111 | B58: 4.39 | C58: 7.18 | D58: =C58-B58 -> 2.79 | E58: =D58/B58 -> 0.63553531 | F58: =D58/27 -> 0.10333333
A59: 113 | B59: 4.28 | C59: 6.74 | D59: =C59-B59 -> 2.46 | E59: =D59/B59 -> 0.57476636 | F59: =D59/27 -> 0.091111111
A60: 115 | B60: 4.38 | C60: 7.31 | D60: =C60-B60 -> 2.93 | E60: =D60/B60 -> 0.66894977 | F60: =D60/27 -> 0.10851852
A61: 121 | B61: 3.45 | C61: 6.21 | D61: =C61-B61 -> 2.76 | E61: =D61/B61 -> 0.8 | F61: =D61/27 -> 0.10222222
A62: 122 | B62: 3.28 | C62: 6.18 | D62: =C62-B62 -> 2.9 | E62: =D62/B62 -> 0.88414634 | F62: =D62/27 -> 0.10740741
A63: 125 | B63: 3.34 | C63: 6.17 | D63: =C63-B63 -> 2.83 | E63: =D63/B63 -> 0.84730539 | F63: =D63/27 -> 0.10481481
A64: 131 | B64: 3.36 | C64: 6.18 | D64: =C64-B64 -> 2.82 | E64: =D64/B64 -> 0.83928571 | F64: =D64/27 -> 0.10444444
A65: 132 | B65: 3.49 | C65: 6.2 | D65: =C65-B65 -> 2.71 | E65: =D65/B65 -> 0.7765043 | F65: =D65/27 -> 0.10037037
A66: 136 | B66: 3.47 | C66: 6.34 | D66: =C66-B66 -> 2.87 | E66: =D66/B66 -> 0.82708934 | F66: =D66/27 -> 0.1062963
A67: 140 | B67: 4.79 | C67: 7.55 | D67: =C67-B67 -> 2.76 | E67: =D67/B67 -> 0.57620042 | F67: =D67/27 -> 0.10222222
A68: 141 | B68: 4.79 | C68: 7.66 | D68: =C68-B68 -> 2.87 | E68: =D68/B68 -> 0.59916493 | F68: =D68/27 -> 0.1062963
... A76: 152 | B76: 5.1 | C76: 7.94 | D76: =C76-B76 -> 2.84 | E76: =D76/B76 -> 0.55686275 | F76: =D76/27 -> 0.10518519
A77: 153 | B77: 4.59 | C77: 7.37 | D77: =C77-B77 -> 2.78 | E77: =D77/B77 -> 0.60566449 | F77: =D77/27 -> 0.10296296 | J77: 153 | K77: no hit sub
A78: 154 | B78: 4.57 | C78: 7.71 | D78: =C78-B78 -> 3.14 | E78: =D78/B78 -> 0.68708972 | F78: =D78/27 -> 0.1162963 | J78: 154
A79: 156 | B79: 4.42 | C79: 7.45 | D79: =C79-B79 -> 3.03 | E79: =D79/B79 -> 0.68552036 | F79: =D79/27 -> 0.11222222
A80: 160 | B80: 4.36 | C80: 7.46 | D80: =C80-B80 -> 3.1 | E80: =D80/B80 -> 0.71100917 | F80: =D80/27 -> 0.11481481
A81: 166 | B81: 4.58 | C81: 7.66 | D81: =C81-B81 -> 3.08 | E81: =D81/B81 -> 0.67248908 | F81: =D81/27 -> 0.11407407
A82: 171 | B82: 4.47 | C82: 7.58 | D82: =C82-B82 -> 3.11 | E82: =D82/B82 -> 0.69574944 | F82: =D82/27 -> 0.11518519
A83: 172 | B83: 4.61 | C83: 7.73 | D83: =C83-B83 -> 3.12 | E83: =D83/B83 -> 0.67678959 | F83: =D83/27 -> 0.11555556
A84: 175 | B84: 4.43 | C84: 7.49 | D84: =C84-B84 -> 3.06 | E84: =D84/B84 -> 0.69074492 | F84: =D84/27 -> 0.11333333
A88: * žāvskapī 50oC/3h

Sheet Sl hito+suberinskabe
A1: 13.05.2025
A2: hito +suberīnskabe | D2: m1 = 30s dip. hito + 100 oC 30 min | J2: m2 = 30s dip. suber. + 100 oC līdz konst. m. + 150 oC 15 min
A3: 74 gab | L3: 8 gab
A4: kubiņa nr | B4: mo* | C4: m1 | D4: m2 | E4: Uzņemtais hito. | F4: hito g/g MK | G4: hito g/cm2 | H4: hito g/cm3 | I4: uzņemtā sub. Sk. | J4: sub. sk. g/g MK | K4: sub. sk. g/cm3 | L4: stieņa nr | M4: mo* | N4: m1 | O4: m2 | P4: Uzņemtais hito. | Q4: hito g/g MK | R4: hito g/cm2 | S4: hito h/cm3 | T4: uzņemtā sub. Sk. | U4: sub. sk. g/g MK | V4: sub. sk. g/cm3
A5: 1 | B5: 4.78 | C5: 5.06 | D5: 6.97 | E5: =C5-B5 -> 0.28 | F5: =E5/B5 -> 0.058577406 | G5: =E5/(9*6) -> 0.0051851852 | H5: =E5/27 -> 0.01037037 | I5: =D5-C5 -> 1.91 | J5: =I5/C5 -> 0.37747036 | K5: =I5/27 -> 0.070740741 | L5: 2 | M5: 25.76 | N5: 26.32 | O5: 38.03 | P5: =N5-M5 -> 0.56 | Q5: =P5/M5 -> 0.02173913 | R5: =P5/(9*2+3*17*4) -> 0.0025225225 | S5: =P5/153 -> 0.0036601307 | T5: =O5-N5 -> 11.71 | U5: =T5/N5 -> 0.44490881 | V5: =T5/153 -> 0.076535948
A6: 2 | B6: 4.38 | C6: 4.63 | D6: 6.89 | E6: =C6-B6 -> 0.25 | F6: =E6/B6 -> 0.057077626 | G6: =E6/(9*6) -> 0.0046296296 | H6: =E6/27 -> 0.0092592593 | I6: =D6-C6 -> 2.26 | J6: =I6/C6 -> 0.48812095 | K6: =I6/27 -> 0.083703704 | L6: 6 | M6: 26.18 | N6: 26.66 | O6: 39.29 | P6: =N6-M6 -> 0.48 | Q6: =P6/M6 -> 0.018334607 | R6: =P6/(9*2+3*17*4) -> 0.0021621622 | S6: =P6/153 -> 0.0031372549 | T6: =O6-N6 -> 12.63 | U6: =T6/N6 -> 0.47374344 | V6: =T6/153 -> 0.08254902
A7: 5 | B7: 4.51 | C7: 4.75 | D7: 7.2 | E7: =C7-B7 -> 0.24 | F7: =E7/B7 -> 0.053215078 | G7: =E7/(9*6) -> 0.0044444444 | H7: =E7/27 -> 0.0088888889 | I7: =D7-C7 -> 2.45 | J7: =I7/C7 -> 0.51578947 | K7: =I7/27 -> 0.090740741 | L7: 38 | M7: 27.4 | N7: 28.7 | O7: 43.99 | P7: =N7-M7 -> 1.3 | Q7: =P7/M7 -> 0.047445255 | R7: =P7/(9*2+3*17*4) -> 0.0058558559 | S7: =P7/153 -> 0.008496732 | T7: =O7-N7 -> 15.29 | U7: =T7/N7 -> 0.53275261 | V7: =T7/153 -> 0.099934641
A8: 6 | B8: 4.73 | C8: 4.99 | D8: 7.19 | E8: =C8-B8 -> 0.26 | F8: =E8/B8 -> 0.054968288 | G8: =E8/(9*6) -> 0.0048148148 | H8: =E8/27 -> 0.0096296296 | I8: =D8-C8 -> 2.2 | J8: =I8/C8 -> 0.44088176 | K8: =I8/27 -> 0.081481481 | L8: 45 | M8: 27.52 | N8: 28.49 | O8: 45.09 | P8: =N8-M8 -> 0.97 | Q8: =P8/M8 -> 0.035247093 | R8: =P8/(9*2+3*17*4) -> 0.0043693694 | S8: =P8/153 -> 0.0063398693 | T8: =O8-N8 -> 16.6 | U8: =T8/N8 -> 0.58266058 | V8: =T8/153 -> 0.10849673
A9: 10 | B9: 4.72 | C9: 5.02 | D9: 7.3 | E9: =C9-B9 -> 0.3 | F9: =E9/B9 -> 0.063559322 | G9: =E9/(9*6) -> 0.0055555556 | H9: =E9/27 -> 0.011111111 | I9: =D9-C9 -> 2.28 | J9: =I9/C9 -> 0.45418327 | K9: =I9/27 -> 0.084444444 | L9: 68 | M9: 18.91 | N9: 19.61 | O9: 34.04 | P9: =N9-M9 -> 0.7 | Q9: =P9/M9 -> 0.037017451 | R9: =P9/(9*2+3*17*4) -> 0.0031531532 | S9: =P9/153 -> 0.0045751634 | T9: =O9-N9 -> 14.43 | U9: =T9/N9 -> 0.73584906 | V9: =T9/153 -> 0.094313725
A10: 11 | B10: 4.76 | C10: 5 | D10: 6.91 | E10: =C10-B10 -> 0.24 | F10: =E10/B10 -> 0.050420168 | G10: =E10/(9*6) -> 0.0044444444 | H10: =E10/27 -> 0.0088888889 | I10: =D10-C10 -> 1.91 | J10: =I10/C10 -> 0.382 | K10: =I10/27 -> 0.070740741 | L10: 71 | M10: 18.82 | N10: 19.64 | O10: 34.67 | P10: =N10-M10 -> 0.82 | Q10: =P10/M10 -> 0.04357067 | R10: =P10/(9*2+3*17*4) -> 0.0036936937 | S10: =P10/153 -> 0.0053594771 | T10: =O10-N10 -> 15.03 | U10: =T10/N10 -> 0.76527495 | V10: =T10/153 -> 0.098235294
A11: 14 | B11: 4.65 | C11: 4.93 | D11: 7.19 | E11: =C11-B11 -> 0.28 | F11: =E11/B11 -> 0.060215054 | G11: =E11/(9*6) -> 0.0051851852 | H11: =E11/27 -> 0.01037037 | I11: =D11-C11 -> 2.26 | J11: =I11/C11 -> 0.45841785 | K11: =I11/27 -> 0.083703704 | L11: 82 | M11: 27.86 | N11: 28.65 | O11: 42.79 | P11: =N11-M11 -> 0.79 | Q11: =P11/M11 -> 0.028356066 | R11: =P11/(9*2+3*17*4) -> 0.0035585586 | S11: =P11/153 -> 0.0051633987 | T11: =O11-N11 -> 14.14 | U11: =T11/N11 -> 0.49354276 | V11: =T11/153 -> 0.092418301
A12: 16 | B12: 4.46 | C12: 4.67 | D12: 6.66 | E12: =C12-B12 -> 0.21 | F12: =E12/B12 -> 0.047085202 | G12: =E12/(9*6) -> 0.0038888889 | H12: =E12/27 -> 0.0077777778 | I12: =D12-C12 -> 1.99 | J12: =I12/C12 -> 0.4261242 | K12: =I12/27 -> 0.073703704 | L12: 85 | M12: 27.95 | N12: 28.22 | O12: 43.5 | P12: =N12-M12 -> 0.27 | Q12: =P12/M12 -> 0.0096601073 | R12: =P12/(9*2+3*17*4) -> 0.0012162162 | S12: =P12/153 -> 0.0017647059 | T12: =O12-N12 -> 15.28 | U12: =T12/N12 -> 0.54145996 | V12: =T12/153 -> 0.099869281
A13: 17 | B13: 4.35 | C13: 4.59 | D13: 7.18 | E13: =C13-B13 -> 0.24 | F13: =E13/B13 -> 0.055172414 | G13: =E13/(9*6) -> 0.0044444444 | H13: =E13/27 -> 0.0088888889 | I13: =D13-C13 -> 2.59 | J13: =I13/C13 -> 0.56427015 | K13: =I13/27 -> 0.095925926
A14: 19 | B14: 4.58 | C14: 4.82 | D14: 7.3 | E14: =C14-B14 -> 0.24 | F14: =E14/B14 -> 0.052401747 | G14: =E14/(9*6) -> 0.0044444444 | H14: =E14/27 -> 0.0088888889 | I14: =D14-C14 -> 2.48 | J14: =I14/C14 -> 0.51452282 | K14: =I14/27 -> 0.091851852
A15: 20 | B15: 4.83 | C15: 5.07 | D15: 6.97 | E15: =C15-B15 -> 0.24 | F15: =E15/B15 -> 0.049689441 | G15: =E15/(9*6) -> 0.0044444444 | H15: =E15/27 -> 0.0088888889 | I15: =D15-C15 -> 1.9 | J15: =I15/C15 -> 0.37475345 | K15: =I15/27 -> 0.07037037
A16: 24 | B16: 4.33 | C16: 4.57 | D16: 6.94 | E16: =C16-B16 -> 0.24 | F16: =E16/B16 -> 0.055427252 | G16: =E16/(9*6) -> 0.0044444444 | H16: =E16/27 -> 0.0088888889 | I16: =D16-C16 -> 2.37 | J16: =I16/C16 -> 0.51859956 | K16: =I16/27 -> 0.087777778 | L16: Sl1
A17: 26 | B17: 4.59 | C17: 4.85 | D17: 7.41 | E17: =C17-B17 -> 0.26 | F17: =E17/B17 -> 0.05664488 | G17: =E17/(9*6) -> 0.0048148148 | H17: =E17/27 -> 0.0096296296 | I17: =D17-C17 -> 2.56 | J17: =I17/C17 -> 0.52783505 | K17: =I17/27 -> 0.094814815 | L17: Sl2
A18: 29 | B18: 4.3 | C18: 4.55 | D18: 6.69 | E18: =C18-B18 -> 0.25 | F18: =E18/B18 -> 0.058139535 | G18: =E18/(9*6) -> 0.0046296296 | H18: =E18/27 -> 0.0092592593 | I18: =D18-C18 -> 2.14 | J18: =I18/C18 -> 0.47032967 | K18: =I18/27 -> 0.079259259 | L18: Sl3
A19: 31 | B19: 3.42 | C19: 3.7 | D19: 5.93 | E19: =C19-B19 -> 0.28 | F19: =E19/B19 -> 0.081871345 | G19: =E19/(9*6) -> 0.0051851852 | H19: =E19/27 -> 0.01037037 | I19: =D19-C19 -> 2.23 | J19: =I19/C19 -> 0.6027027 | K19: =I19/27 -> 0.082592593 | L19: Sl4
A20: 32 | B20: 3.41 | C20: 3.69 | D20: 6.13 | E20: =C20-B20 -> 0.28 | F20: =E20/B20 -> 0.082111437 | G20: =E20/(9*6) -> 0.0051851852 | H20: =E20/27 -> 0.01037037 | I20: =D20-C20 -> 2.44 | J20: =I20/C20 -> 0.66124661 | K20: =I20/27 -> 0.09037037
A21: 35 | B21: 3.43 | C21: 3.72 | D21: 6.04 | E21: =C21-B21 -> 0.29 | F21: =E21/B21 -> 0.084548105 | G21: =E21/(9*6) -> 0.0053703704 | H21: =E21/27 -> 0.010740741 | I21: =D21-C21 -> 2.32 | J21: =I21/C21 -> 0.62365591 | K21: =I21/27 -> 0.085925926
A22: 37 | B22: 3.25 | C22: 3.51 | D22: 5.67 | E22: =C22-B22 -> 0.26 | F22: =E22/B22 -> 0.08 | G22: =E22/(9*6) -> 0.0048148148 | H22: =E22/27 -> 0.0096296296 | I22: =D22-C22 -> 2.16 | J22: =I22/C22 -> 0.61538462 | K22: =I22/27 -> 0.08
A23: 44 | B23: 3.25 | C23: 3.55 | D23: 5.95 | E23: =C23-B23 -> 0.3 | F23: =E23/B23 -> 0.092307692 | G23: =E23/(9*6) -> 0.0055555556 | H23: =E23/27 -> 0.011111111 | I23: =D23-C23 -> 2.4 | J23: =I23/C23 -> 0.67605634 | K23: =I23/27 -> 0.088888889
A24: 47 | B24: 3.32 | C24: 3.67 | D24: 6.15 | E24: =C24-B24 -> 0.35 | F24: =E24/B24 -> 0.10542169 | G24: =E24/(9*6) -> 0.0064814815 | H24: =E24/27 -> 0.012962963 | I24: =D24-C24 -> 2.48 | J24: =I24/C24 -> 0.67574932 | K24: =I24/27 -> 0.091851852
A25: 49 | B25: 3.23 | C25: 3.77 | D25: 6.12 | E25: =C25-B25 -> 0.54 | F25: =E25/B25 -> 0.16718266 | G25: =E25/(9*6) -> 0.01 | H25: =E25/27 -> 0.02 | I25: =D25-C25 -> 2.35 | J25: =I25/C25 -> 0.62334218 | K25: =I25/27 -> 0.087037037
A26: 50 | B26: 3.31 | C26: 3.79 | D26: 6.15 | E26: =C26-B26 -> 0.48 | F26: =E26/B26 -> 0.14501511 | G26: =E26/(9*6) -> 0.0088888889 | H26: =E26/27 -> 0.017777778 | I26: =D26-C26 -> 2.36 | J26: =I26/C26 -> 0.62269129 | K26: =I26/27 -> 0.087407407
A27: 53 | B27: 3.37 | C27: 3.92 | D27: 6.17 | E27: =C27-B27 -> 0.55 | F27: =E27/B27 -> 0.16320475 | G27: =E27/(9*6) -> 0.010185185 | H27: =E27/27 -> 0.02037037 | I27: =D27-C27 -> 2.25 | J27: =I27/C27 -> 0.57397959 | K27: =I27/27 -> 0.083333333
A28: 57 | B28: 3.41 | C28: 3.93 | D28: 6.29 | E28: =C28-B28 -> 0.52 | F28: =E28/B28 -> 0.15249267 | G28: =E28/(9*6) -> 0.0096296296 | H28: =E28/27 -> 0.019259259 | I28: =D28-C28 -> 2.36 | J28: =I28/C28 -> 0.60050891 | K28: =I28/27 -> 0.087407407
A29: 59 | B29: 3.21 | C29: 4.1 | D29: 6.17 | E29: =C29-B29 -> 0.89 | F29: =E29/B29 -> 0.27725857 | G29: =E29/(9*6) -> 0.016481481 | H29: =E29/27 -> 0.032962963 | I29: =D29-C29 -> 2.07 | J29: =I29/C29 -> 0.50487805 | K29: =I29/27 -> 0.076666667
A30: 62 | B30: 3.2 | C30: 3.7 | D30: 5.96 | E30: =C30-B30 -> 0.5 | F30: =E30/B30 -> 0.15625 | G30: =E30/(9*6) -> 0.0092592593 | H30: =E30/27 -> 0.018518519 | I30: =D30-C30 -> 2.26 | J30: =I30/C30 -> 0.61081081 | K30: =I30/27 -> 0.083703704
A31: 64 | B31: 4.51 | C31: 4.83 | D31: 7.15 | E31: =C31-B31 -> 0.32 | F31: =E31/B31 -> 0.070953437 | G31: =E31/(9*6) -> 0.0059259259 | H31: =E31/27 -> 0.011851852 | I31: =D31-C31 -> 2.32 | J31: =I31/C31 -> 0.48033126 | K31: =I31/27 -> 0.085925926
... A78: 194 | B78: 4.37 | C78: 4.55 | D78: 7.22 | E78: =C78-B78 -> 0.18 | F78: =E78/B78 -> 0.041189931 | G78: =E78/(9*6) -> 0.0033333333 | H78: =E78/27 -> 0.0066666667 | I78: =D78-C78 -> 2.67 | J78: =I78/C78 -> 0.58681319 | K78: =I78/27 -> 0.098888889

Sheet Sl Hito
A1: m1 = 30s dip. hito + 100 oC 30 min
A2: stieņa nr | B2: mo* | C2: m1 | D2: uzņemtais hito | E2: hito g/g MK | F2: hito g/cm2 | G2: hto g/cm3 | H2: m2, kond 20/65
A3: 13 | B3: 18.9 | C3: 19.65 | D3: =C3-B3 -> 0.75 | E3: =D3/B3 -> 0.03968254 | F3: =D3/(9*2+3*17*4) -> 0.0033783784 | G3: =D3/153 -> 0.0049019608
A4: 17 | B4: 19.18 | C4: 20.13 | D4: =C4-B4 -> 0.95 | E4: =D4/B4 -> 0.049530761 | F4: =D4/(9*2+3*17*4) -> 0.0042792793 | G4: =D4/153 -> 0.0062091503
A5: 33 | B5: 25.93 | C5: 26.51 | D5: =C5-B5 -> 0.58 | E5: =D5/B5 -> 0.022367914 | F5: =D5/(9*2+3*17*4) -> 0.0026126126 | G5: =D5/153 -> 0.0037908497
A6: 42salūzis | B6: 24.23 | C6: 27.09 | D6: =C6-B6 -> 2.86 | E6: =D6/B6 -> 0.11803549 | F6: =D6/(9*2+3*17*4) -> 0.012882883 | G6: =D6/153 -> 0.01869281
A7: 59 | B7: 26.13 | C7: 27.05 | D7: =C7-B7 -> 0.92 | E7: =D7/B7 -> 0.035208573 | F7: =D7/(9*2+3*17*4) -> 0.0041441441 | G7: =D7/153 -> 0.0060130719
A8: 61 | B8: 25.27 | C8: 26.41 | D8: =C8-B8 -> 1.14 | E8: =D8/B8 -> 0.045112782 | F8: =D8/(9*2+3*17*4) -> 0.0051351351 | G8: =D8/153 -> 0.0074509804
A9: 67 | B9: 24.68 | C9: 25.27 | D9: =C9-B9 -> 0.59 | E9: =D9/B9 -> 0.023905997 | F9: =D9/(9*2+3*17*4) -> 0.0026576577 | G9: =D9/153 -> 0.0038562092
A10: 74 | B10: 19.45 | C10: 20.11 | D10: =C10-B10 -> 0.66 | E10: =D10/B10 -> 0.033933162 | F10: =D10/(9*2+3*17*4) -> 0.002972973 | G10: =D10/153 -> 0.0043137255
A11: 79 | B11: 27.23 | C11: 28.25 | D11: =C11-B11 -> 1.02 | E11: =D11/B11 -> 0.037458685 | F11: =D11/(9*2+3*17*4) -> 0.0045945946 | G11: =D11/153 -> 0.0066666667
A12: 87 | B12: 28.05 | C12: 28.68 | D12: =C12-B12 -> 0.63 | E12: =D12/B12 -> 0.022459893 | F12: =D12/(9*2+3*17*4) -> 0.0028378378 | G12: =D12/153 -> 0.0041176471
A13: 89 | B13: 25.06 | C13: 25.7 | D13: =C13-B13 -> 0.64 | E13: =D13/B13 -> 0.025538707 | F13: =D13/(9*2+3*17*4) -> 0.0028828829 | G13: =D13/153 -> 0.0041830065
A14: 93 | B14: 25.94 | C14: 26.49 | D14: =C14-B14 -> 0.55 | E14: =D14/B14 -> 0.021202776 | F14: =D14/(9*2+3*17*4) -> 0.0024774775 | G14: =D14/153 -> 0.0035947712

Sheet Sa suberīnskābe
A1: 1 | J1: Sl1
B2: 29.07.2025 | J2: Sl2
B3: suberīnskabe | D3: m1 = 30s dip + 100 oC līdz konst. m. + 150 oC 15 min | J3: Sl3
B4: 78 gab | H4: 20 gab | J4: Sl4
A5: substrats | B5: kubiņa nr | C5: mo* | D5: m1 | E5: uzņemtā sub. Sk. | F5: sub. sk. g/g MK | G5: sub. sk. g/cm3 | H5: stieņa nr | I5: mo* | J5: m1 | K5: uzņemtā sub. Sk. | L5: sub. sk. g/g MK | M5: sub. sk. g/cm3
A6: Sa1 | B6: 101 | C6: 1.87 | D6: 3.63 | E6: =D6-C6 -> 1.76 | F6: =E6/C6 -> 0.94117647 | G6: =E6/27 -> 0.065185185 | H6: 1 | I6: 12.26 | J6: 24.02 | K6: =J6-I6 -> 11.76 | L6: =K6/I6 -> 0.95921697 | M6: =K6/153 -> 0.076862745
A7: Sa1 | B7: 102 | C7: 1.98 | D7: 3.76 | E7: =D7-C7 -> 1.78 | F7: =E7/C7 -> 0.8989899 | G7: =E7/27 -> 0.065925926 | H7: 5
A8: Sa1 | B8: 103 | C8: 2 | D8: 3.89 | E8: =D8-C8 -> 1.89 | F8: =E8/C8 -> 0.945 | G8: =E8/27 -> 0.07 | H8: 51 | I8: 12.69 | J8: 23.88 | K8: =J8-I8 -> 11.19 | L8: =K8/I8 -> 0.88179669 | M8: =K8/153 -> 0.073137255
A9: Sa1 | B9: 104 | C9: 1.99 | D9: 3.76 | E9: =D9-C9 -> 1.77 | F9: =E9/C9 -> 0.88944724 | G9: =E9/27 -> 0.065555556 | H9: 57 | I9: 12.29 | J9: 24.73 | K9: =J9-I9 -> 12.44 | L9: =K9/I9 -> 1.012205 | M9: =K9/153 -> 0.08130719
A10: Sa1 | B10: 105 | C10: 2.08 | D10: 4.02 | E10: =D10-C10 -> 1.94 | F10: =E10/C10 -> 0.93269231 | G10: =E10/27 -> 0.071851852 | H10: 68 | I10: 13.51 | J10: 25.44 | K10: =J10-I10 -> 11.93 | L10: =K10/I10 -> 0.88304959 | M10: =K10/153 -> 0.077973856
A11: Sa1 | B11: 291 | C11: 2.02 | D11: 3.94 | E11: =D11-C11 -> 1.92 | F11: =E11/C11 -> 0.95049505 | G11: =E11/27 -> 0.071111111 | H11: 6 | I11: 14.95 | J11: 27.62 | K11: =J11-I11 -> 12.67 | L11: =K11/I11 -> 0.84749164 | M11: =K11/153 -> 0.082810458
A12: Sa1 | B12: 292 | C12: 2.24 | D12: 4.27 | E12: =D12-C12 -> 2.03 | F12: =E12/C12 -> 0.90625 | G12: =E12/27 -> 0.075185185 | H12: 9 | I12: 15.35 | J12: 28.75 | K12: =J12-I12 -> 13.4 | L12: =K12/I12 -> 0.87296417 | M12: =K12/153 -> 0.087581699
A13: Sa1 | B13: 293 | C13: 2.31 | D13: 4.37 | E13: =D13-C13 -> 2.06 | F13: =E13/C13 -> 0.89177489 | G13: =E13/27 -> 0.076296296 | H13: 45 | I13: 16.09 | J13: 29.51 | K13: =J13-I13 -> 13.42 | L13: =K13/I13 -> 0.83405842 | M13: =K13/153 -> 0.087712418
A14: Sa1 | B14: 294 | C14: 2.05 | D14: 3.76 | E14: =D14-C14 -> 1.71 | F14: =E14/C14 -> 0.83414634 | G14: =E14/27 -> 0.063333333 | H14: 48 | I14: 15.71 | J14: 28.95 | K14: =J14-I14 -> 13.24 | L14: =K14/I14 -> 0.8427753 | M14: =K14/153 -> 0.086535948
A15: Sa1 | B15: 295 | C15: 2.19 | D15: 4.12 | E15: =D15-C15 -> 1.93 | F15: =E15/C15 -> 0.88127854 | G15: =E15/27 -> 0.071481481 | H15: 62 | I15: 15.76 | J15: 28.09 | K15: =J15-I15 -> 12.33 | L15: =K15/I15 -> 0.78236041 | M15: =K15/153 -> 0.080588235
A16: Sa1 | B16: 281 | C16: 2.19 | D16: 4.02 | E16: =D16-C16 -> 1.83 | F16: =E16/C16 -> 0.83561644 | G16: =E16/27 -> 0.067777778 | H16: 17 | I16: 19.14 | J16: 31.15 | K16: =J16-I16 -> 12.01 | L16: =K16/I16 -> 0.62748171 | M16: =K16/153 -> 0.078496732
A17: Sa1 | B17: 282 | C17: 1.99 | D17: 3.71 | E17: =D17-C17 -> 1.72 | F17: =E17/C17 -> 0.86432161 | G17: =E17/27 -> 0.063703704 | H17: 71 | I17: 21.44 | J17: 33.31 | K17: =J17-I17 -> 11.87 | L17: =K17/I17 -> 0.55363806 | M17: =K17/153 -> 0.077581699
A18: Sa1 | B18: 283 | C18: 2.08 | D18: 3.77 | E18: =D18-C18 -> 1.69 | F18: =E18/C18 -> 0.8125 | G18: =E18/27 -> 0.062592593 | H18: 35 | I18: 19.12 | J18: 31.3 | K18: =J18-I18 -> 12.18 | L18: =K18/I18 -> 0.63702929 | M18: =K18/153 -> 0.079607843
A19: Sa1 | B19: 284 | C19: 2.02 | D19: 3.76 | E19: =D19-C19 -> 1.74 | F19: =E19/C19 -> 0.86138614 | G19: =E19/27 -> 0.064444444 | H19: 121 | I19: 20.81 | J19: 32.86 | K19: =J19-I19 -> 12.05 | L19: =K19/I19 -> 0.57904853 | M19: =K19/153 -> 0.07875817
... A25: Sa1 | B25: 325 | C25: 2.38 | D25: 4.36 | E25: =D25-C25 -> 1.98 | F25: =E25/C25 -> 0.83193277 | G25: =E25/27 -> 0.073333333 | H25: 112 | I25: 13.08 | J25: 23.97 | K25: =J25-I25 -> 10.89 | L25: =K25/I25 -> 0.83256881 | M25: =K25/153 -> 0.071176471
A26: Sa2 | B26: 201 | C26: 2.73 | D26: 4.96 | E26: =D26-C26 -> 2.23 | F26: =E26/C26 -> 0.81684982 | G26: =E26/27 -> 0.082592593
A27: Sa2 | B27: 202 | C27: 2.65 | D27: 4.89 | E27: =D27-C27 -> 2.24 | F27: =E27/C27 -> 0.84528302 | G27: =E27/27 -> 0.082962963
A28: Sa2 | B28: 203 | C28: 2.7 | D28: 4.92 | E28: =D28-C28 -> 2.22 | F28: =E28/C28 -> 0.82222222 | G28: =E28/27 -> 0.082222222
A29: Sa2 | B29: 204 | C29: 2.64 | D29: 4.82 | E29: =D29-C29 -> 2.18 | F29: =E29/C29 -> 0.82575758 | G29: =E29/27 -> 0.080740741
A30: Sa2 | B30: 205 | C30: 2.59 | D30: 4.8 | E30: =D30-C30 -> 2.21 | F30: =E30/C30 -> 0.85328185 | G30: =E30/27 -> 0.081851852
A31: Sa2 | B31: 316 | C31: 2.71 | D31: 4.88 | E31: =D31-C31 -> 2.17 | F31: =E31/C31 -> 0.80073801 | G31: =E31/27 -> 0.08037037
A32: Sa2 | B32: 317 | C32: 2.72 | D32: 4.88 | E32: =D32-C32 -> 2.16 | F32: =E32/C32 -> 0.79411765 | G32: =E32/27 -> 0.08
A33: Sa2 | B33: 318 | C33: 2.79 | D33: 4.96 | E33: =D33-C33 -> 2.17 | F33: =E33/C33 -> 0.77777778 | G33: =E33/27 -> 0.08037037
A34: Sa2 | B34: 319 | C34: 2.83 | D34: 5.02 | E34: =D34-C34 -> 2.19 | F34: =E34/C34 -> 0.77385159 | G34: =E34/27 -> 0.081111111
A35: Sa2 | B35: 320 | C35: 2.82 | D35: 5.06 | E35: =D35-C35 -> 2.24 | F35: =E35/C35 -> 0.79432624 | G35: =E35/27 -> 0.082962963
A36: Sa2 | B36: 271 | C36: 2.82 | D36: 5.07 | E36: =D36-C36 -> 2.25 | F36: =E36/C36 -> 0.79787234 | G36: =E36/27 -> 0.083333333
A37: Sa2 | B37: 272 | C37: 2.8 | D37: 5.08 | E37: =D37-C37 -> 2.28 | F37: =E37/C37 -> 0.81428571 | G37: =E37/27 -> 0.084444444
... A83: Sa4 | B83: 214 | C83: 1.89 | D83: 3.83 | E83: =D83-C83 -> 1.94 | F83: =E83/C83 -> 1.026455 | G83: =E83/27 -> 0.071851852

Sheet Sa hito + sub
R1: Sl1
B2: 29.07.2025 | R2: Sl2
B3: hito +suberīnskabe | E3: m1 = 30s dip. hito + 100 oC 30 min | K3: m2 = 30s dip. suber. + 100 oC līdz konst. m. + 150 oC 15 min | R3: Sl3
B4: 80gab | M4: 8 gab | R4: Sl4
B5: kubiņa nr | C5: mo* | D5: m1 | E5: m2 | F5: Uzņemtais hito. | G5: hito g/g MK | H5: hito g/cm2 | I5: hito g/cm3 | J5: uzņemtā sub. Sk. | K5: sub. sk. g/g MK | L5: sub. sk. g/cm3 | M5: stieņa nr | N5: mo* | O5: m1 | P5: m2 | Q5: Uzņemtais hito. | R5: hito g/g MK | S5: hito g/cm2 | T5: hito g/cm3 | U5: uzņemtā sub. Sk. | V5: sub. sk. g/g MK | W5: sub. sk. g/cm3
A6: Sa1 | B6: 106 | C6: 1.81 | D6: 1.86 | E6: 3.78 | F6: =D6-C6 -> 0.05 | G6: =F6/C6 -> 0.027624309 | H6: =F6/(9*6) -> 0.00092592593 | I6: =F6/27 -> 0.0018518519 | J6: =E6-D6 -> 1.92 | K6: =J6/D6 -> 1.0322581 | L6: =J6/27 -> 0.071111111 | M6: 2 | N6: 12.03
A7: Sa1 | B7: 107 | C7: 1.86 | D7: 1.85 | E7: 3.66 | F7: =D7-C7 -> -0.01 | G7: =F7/C7 -> -0.0053763441 | H7: =F7/(9*6) -> -0.00018518519 | I7: =F7/27 -> -0.00037037037 | J7: =E7-D7 -> 1.81 | K7: =J7/D7 -> 0.97837838 | L7: =J7/27 -> 0.067037037 | M7: 52 | N7: 12.79
A8: Sa1 | B8: 108 | C8: 1.9 | D8: 1.96 | E8: 4 | F8: =D8-C8 -> 0.06 | G8: =F8/C8 -> 0.031578947 | H8: =F8/(9*6) -> 0.0011111111 | I8: =F8/27 -> 0.0022222222 | J8: =E8-D8 -> 2.04 | K8: =J8/D8 -> 1.0408163 | L8: =J8/27 -> 0.075555556 | M8: 58 | N8: 12.15
A9: Sa1 | B9: 109 | C9: 1.97 | D9: 1.99 | E9: 4.06 | F9: =D9-C9 -> 0.02 | G9: =F9/C9 -> 0.010152284 | H9: =F9/(9*6) -> 0.00037037037 | I9: =F9/27 -> 0.00074074074 | J9: =E9-D9 -> 2.07 | K9: =J9/D9 -> 1.040201 | L9: =J9/27 -> 0.076666667 | M9: 65 | N9: 14.16 | O9: 14.82 | P9: 27.48 | Q9: =O9-N9 -> 0.66 | R9: =Q9/N9 -> 0.046610169 | S9: =Q9/(9*2+3*17*4) -> 0.002972973 | T9: =Q9/153 -> 0.0043137255 | U9: =P9-O9 -> 12.66 | V9: =U9/O9 -> 0.85425101 | W9: =U9/153 -> 0.082745098
A10: Sa1 | B10: 110 | C10: 2.12 | D10: 2.17 | E10: 4.42 | F10: =D10-C10 -> 0.05 | G10: =F10/C10 -> 0.023584906 | H10: =F10/(9*6) -> 0.00092592593 | I10: =F10/27 -> 0.0018518519 | J10: =E10-D10 -> 2.25 | K10: =J10/D10 -> 1.0368664 | L10: =J10/27 -> 0.083333333 | M10: 69 | N10: 13.99 | O10: 14.22 | P10: 27.001 | Q10: =O10-N10 -> 0.23 | R10: =Q10/N10 -> 0.016440315 | S10: =Q10/(9*2+3*17*4) -> 0.001036036 | T10: =Q10/153 -> 0.001503268 | U10: =P10-O10 -> 12.781 | V10: =U10/O10 -> 0.8988045 | W10: =U10/153 -> 0.083535948
A11: Sa1 | B11: 306 | C11: 2.23 | D11: 2.41 | E11: 5.02 | F11: =D11-C11 -> 0.18 | G11: =F11/C11 -> 0.080717489 | H11: =F11/(9*6) -> 0.0033333333 | I11: =F11/27 -> 0.0066666667 | J11: =E11-D11 -> 2.61 | K11: =J11/D11 -> 1.0829876 | L11: =J11/27 -> 0.096666667 | M11: 7 | N11: 14.92 | O11: 15.6 | P11: 29.64 | Q11: =O11-N11 -> 0.68 | R11: =Q11/N11 -> 0.045576408 | S11: =Q11/(9*2+3*17*4) -> 0.0030630631 | T11: =Q11/153 -> 0.0044444444 | U11: =P11-O11 -> 14.04 | V11: =U11/O11 -> 0.9 | W11: =U11/153 -> 0.091764706
A12: Sa1 | B12: 307 | C12: 2.21 | D12: 2.39 | E12: 4.77 | F12: =D12-C12 -> 0.18 | G12: =F12/C12 -> 0.081447964 | H12: =F12/(9*6) -> 0.0033333333 | I12: =F12/27 -> 0.0066666667 | J12: =E12-D12 -> 2.38 | K12: =J12/D12 -> 0.9958159 | L12: =J12/27 -> 0.088148148 | M12: 10 | N12: 15.44 | O12: 16.25 | P12: 30.03 | Q12: =O12-N12 -> 0.81 | R12: =Q12/N12 -> 0.05246114 | S12: =Q12/(9*2+3*17*4) -> 0.0036486486 | T12: =Q12/153 -> 0.0052941176 | U12: =P12-O12 -> 13.78 | V12: =U12/O12 -> 0.848 | W12: =U12/153 -> 0.090065359
A13: Sa1 | B13: 308 | C13: 2.05 | D13: 2.09 | E13: 4.14 | F13: =D13-C13 -> 0.04 | G13: =F13/C13 -> 0.019512195 | H13: =F13/(9*6) -> 0.00074074074 | I13: =F13/27 -> 0.0014814815 | J13: =E13-D13 -> 2.05 | K13: =J13/D13 -> 0.98086124 | L13: =J13/27 -> 0.075925926 | M13: 46 | N13: 15.99 | O13: 16.99 | P13: 30.33 | Q13: =O13-N13 -> 1 | R13: =Q13/N13 -> 0.062539087 | S13: =Q13/(9*2+3*17*4) -> 0.0045045045 | T13: =Q13/153 -> 0.0065359477 | U13: =P13-O13 -> 13.34 | V13: =U13/O13 -> 0.78516775 | W13: =U13/153 -> 0.087189542
A14: Sa1 | B14: 309 | C14: 1.96 | D14: 2.09 | E14: 4.22 | F14: =D14-C14 -> 0.13 | G14: =F14/C14 -> 0.066326531 | H14: =F14/(9*6) -> 0.0024074074 | I14: =F14/27 -> 0.0048148148 | J14: =E14-D14 -> 2.13 | K14: =J14/D14 -> 1.0191388 | L14: =J14/27 -> 0.078888889 | M14: 49 | N14: 15.96 | O14: 16.27 | P14: 29.35 | Q14: =O14-N14 -> 0.31 | R14: =Q14/N14 -> 0.019423559 | S14: =Q14/(9*2+3*17*4) -> 0.0013963964 | T14: =Q14/153 -> 0.0020261438 | U14: =P14-O14 -> 13.08 | V14: =U14/O14 -> 0.80393362 | W14: =U14/153 -> 0.085490196
A15: Sa1 | B15: 310 | C15: 2 | D15: 2.12 | E15: 4.32 | F15: =D15-C15 -> 0.12 | G15: =F15/C15 -> 0.06 | H15: =F15/(9*6) -> 0.0022222222 | I15: =F15/27 -> 0.0044444444 | J15: =E15-D15 -> 2.2 | K15: =J15/D15 -> 1.0377358 | L15: =J15/27 -> 0.081481481 | M15: 63 | N15: 15.72 | O15: 16.38 | P15: 29.43 | Q15: =O15-N15 -> 0.66 | R15: =Q15/N15 -> 0.041984733 | S15: =Q15/(9*2+3*17*4) -> 0.002972973 | T15: =Q15/153 -> 0.0043137255 | U15: =P15-O15 -> 13.05 | V15: =U15/O15 -> 0.7967033 | W15: =U15/153 -> 0.085294118
A16: Sa1 | B16: 286 | C16: 2.02 | D16: 2.19 | E16: 4.47 | F16: =D16-C16 -> 0.17 | G16: =F16/C16 -> 0.084158416 | H16: =F16/(9*6) -> 0.0031481481 | I16: =F16/27 -> 0.0062962963 | J16: =E16-D16 -> 2.28 | K16: =J16/D16 -> 1.0410959 | L16: =J16/27 -> 0.084444444 | M16: 18 | N16: 19.29 | O16: 19.35 | P16: 32.57 | Q16: =O16-N16 -> 0.06 | R16: =Q16/N16 -> 0.0031104199 | S16: =Q16/(9*2+3*17*4) -> 0.00027027027 | T16: =Q16/153 -> 0.00039215686 | U16: =P16-O16 -> 13.22 | V16: =U16/O16 -> 0.68320413 | W16: =U16/153 -> 0.086405229
A17: Sa1 | B17: 287 | C17: 2.14 | D17: 2.31 | E17: 4.65 | F17: =D17-C17 -> 0.17 | G17: =F17/C17 -> 0.079439252 | H17: =F17/(9*6) -> 0.0031481481 | I17: =F17/27 -> 0.0062962963 | J17: =E17-D17 -> 2.34 | K17: =J17/D17 -> 1.012987 | L17: =J17/27 -> 0.086666667 | M17: 72 | N17: 21.34 | O17: 21.39 | P17: 33.81 | Q17: =O17-N17 -> 0.05 | R17: =Q17/N17 -> 0.0023430178 | S17: =Q17/(9*2+3*17*4) -> 0.00022522523 | T17: =Q17/153 -> 0.00032679739 | U17: =P17-O17 -> 12.42 | V17: =U17/O17 -> 0.58064516 | W17: =U17/153 -> 0.081176471
A18: Sa1 | B18: 288 | C18: 2.18 | D18: 2.28 | E18: 4.41 | F18: =D18-C18 -> 0.1 | G18: =F18/C18 -> 0.04587156 | H18: =F18/(9*6) -> 0.0018518519 | I18: =F18/27 -> 0.0037037037 | J18: =E18-D18 -> 2.13 | K18: =J18/D18 -> 0.93421053 | L18: =J18/27 -> 0.078888889 | M18: 36 | N18: 20.47 | O18: 20.84 | P18: 32.89 | Q18: =O18-N18 -> 0.37 | R18: =Q18/N18 -> 0.018075232 | S18: =Q18/(9*2+3*17*4) -> 0.0016666667 | T18: =Q18/153 -> 0.0024183007 | U18: =P18-O18 -> 12.05 | V18: =U18/O18 -> 0.57821497 | W18: =U18/153 -> 0.07875817
A19: Sa1 | B19: 289 | C19: 1.99 | D19: 2.22 | E19: 4.44 | F19: =D19-C19 -> 0.23 | G19: =F19/C19 -> 0.11557789 | H19: =F19/(9*6) -> 0.0042592593 | I19: =F19/27 -> 0.0085185185 | J19: =E19-D19 -> 2.22 | K19: =J19/D19 -> 1 | L19: =J19/27 -> 0.082222222 | M19: 123 | N19: 22.18 | O19: 22.21 | P19: 36.46 | Q19: =O19-N19 -> 0.03 | R19: =Q19/N19 -> 0.0013525699 | S19: =Q19/(9*2+3*17*4) -> 0.00013513514 | T19: =Q19/153 -> 0.00019607843 | U19: =P19-O19 -> 14.25 | V19: =U19/O19 -> 0.64160288 | W19: =U19/153 -> 0.093137255
A20: Sa1 | B20: 290 | C20: 2.19 | D20: 2.22 | E20: 4.16 | F20: =D20-C20 -> 0.03 | G20: =F20/C20 -> 0.01369863 | H20: =F20/(9*6) -> 0.00055555556 | I20: =F20/27 -> 0.0011111111 | J20: =E20-D20 -> 1.94 | K20: =J20/D20 -> 0.87387387 | L20: =J20/27 -> 0.071851852 | M20: 124 | N20: 20.77 | O20: 20.73 | P20: 34.73 | Q20: =O20-N20 -> -0.04 | R20: =Q20/N20 -> -0.0019258546 | S20: =Q20/(9*2+3*17*4) -> -0.00018018018 | T20: =Q20/153 -> -0.00026143791 | U20: =P20-O20 -> 14 | V20: =U20/O20 -> 0.67534973 | W20: =U20/153 -> 0.091503268
... A23: Sa1 | B23: 328 | C23: 1.96 | D23: 2.42 | E23: 4.24 | F23: =D23-C23 -> 0.46 | G23: =F23/C23 -> 0.23469388 | H23: =F23/(9*6) -> 0.0085185185 | I23: =F23/27 -> 0.017037037 | J23: =E23-D23 -> 1.82 | K23: =J23/D23 -> 0.75206612 | L23: =J23/27 -> 0.067407407 | M23: 42 | N23: 12.54 | O23: 12.52 | P23: 25.53 | Q23: =O23-N23 -> -0.02 | R23: =Q23/N23 -> -0.0015948963 | S23: =Q23/(9*2+3*17*4) -> -9.009009e-05 | T23: =Q23/153 -> -0.00013071895 | U23: =P23-O23 -> 13.01 | V23: =U23/O23 -> 1.0391374 | W23: =U23/153 -> 0.08503268
A24: Sa1 | B24: 329 | C24: 2.08 | D24: 2.1 | E24: 4.41 | F24: =D24-C24 -> 0.02 | G24: =F24/C24 -> 0.0096153846 | H24: =F24/(9*6) -> 0.00037037037 | I24: =F24/27 -> 0.00074074074 | J24: =E24-D24 -> 2.31 | K24: =J24/D24 -> 1.1 | L24: =J24/27 -> 0.085555556 | M24: 16 | N24: 12.59
A25: Sa1 | B25: 330 | C25: 2.02 | D25: 2.14 | E25: 4.15 | F25: =D25-C25 -> 0.12 | G25: =F25/C25 -> 0.059405941 | H25: =F25/(9*6) -> 0.0022222222 | I25: =F25/27 -> 0.0044444444 | J25: =E25-D25 -> 2.01 | K25: =J25/D25 -> 0.93925234 | L25: =J25/27 -> 0.074444444 | M25: 98 | N25: 13.56 | O25: 13.93 | P25: 27.45 | Q25: =O25-N25 -> 0.37 | R25: =Q25/N25 -> 0.027286136 | S25: =Q25/(9*2+3*17*4) -> 0.0016666667 | T25: =Q25/153 -> 0.0024183007 | U25: =P25-O25 -> 13.52 | V25: =U25/O25 -> 0.97056712 | W25: =U25/153 -> 0.088366013
A26: Sa2 | B26: 206 | C26: 2.64 | D26: 2.83 | E26: 5.22 | F26: =D26-C26 -> 0.19 | G26: =F26/C26 -> 0.071969697 | H26: =F26/(9*6) -> 0.0035185185 | I26: =F26/27 -> 0.007037037 | J26: =E26-D26 -> 2.39 | K26: =J26/D26 -> 0.84452297 | L26: =J26/27 -> 0.088518519
A27: Sa2 | B27: 207 | C27: 2.68 | D27: 2.89 | E27: 5.26 | F27: =D27-C27 -> 0.21 | G27: =F27/C27 -> 0.078358209 | H27: =F27/(9*6) -> 0.0038888889 | I27: =F27/27 -> 0.0077777778 | J27: =E27-D27 -> 2.37 | K27: =J27/D27 -> 0.8200692 | L27: =J27/27 -> 0.087777778
A28: Sa2 | B28: 208 | C28: 2.7 | D28: 2.9 | E28: 5.38 | F28: =D28-C28 -> 0.2 | G28: =F28/C28 -> 0.074074074 | H28: =F28/(9*6) -> 0.0037037037 | I28: =F28/27 -> 0.0074074074 | J28: =E28-D28 -> 2.48 | K28: =J28/D28 -> 0.85517241 | L28: =J28/27 -> 0.091851852
A29: Sa2 | B29: 209 | C29: 2.65 | D29: 2.88 | E29: 5.38 | F29: =D29-C29 -> 0.23 | G29: =F29/C29 -> 0.086792453 | H29: =F29/(9*6) -> 0.0042592593 | I29: =F29/27 -> 0.0085185185 | J29: =E29-D29 -> 2.5 | K29: =J29/D29 -> 0.86805556 | L29: =J29/27 -> 0.092592593
A30: Sa2 | B30: 210 | C30: 2.59 | D30: 2.82 | E30: 5.21 | F30: =D30-C30 -> 0.23 | G30: =F30/C30 -> 0.088803089 | H30: =F30/(9*6) -> 0.0042592593 | I30: =F30/27 -> 0.0085185185 | J30: =E30-D30 -> 2.39 | K30: =J30/D30 -> 0.84751773 | L30: =J30/27 -> 0.088518519
A31: Sa2 | B31: 311 | C31: 2.73 | D31: 2.94 | E31: 5.36 | F31: =D31-C31 -> 0.21 | G31: =F31/C31 -> 0.076923077 | H31: =F31/(9*6) -> 0.0038888889 | I31: =F31/27 -> 0.0077777778 | J31: =E31-D31 -> 2.42 | K31: =J31/D31 -> 0.82312925 | L31: =J31/27 -> 0.08962963
A32: Sa2 | B32: 312 | C32: 2.66 | D32: 2.8 | E32: 5.29 | F32: =D32-C32 -> 0.14 | G32: =F32/C32 -> 0.052631579 | H32: =F32/(9*6) -> 0.0025925926 | I32: =F32/27 -> 0.0051851852 | J32: =E32-D32 -> 2.49 | K32: =J32/D32 -> 0.88928571 | L32: =J32/27 -> 0.092222222
A33: Sa2 | B33: 313 | C33: 2.71 | D33: 2.86 | E33: 5.31 | F33: =D33-C33 -> 0.15 | G33: =F33/C33 -> 0.055350554 | H33: =F33/(9*6) -> 0.0027777778 | I33: =F33/27 -> 0.0055555556 | J33: =E33-D33 -> 2.45 | K33: =J33/D33 -> 0.85664336 | L33: =J33/27 -> 0.090740741
A34: Sa2 | B34: 314 | C34: 2.71 | D34: 2.86 | E34: 5.41 | F34: =D34-C34 -> 0.15 | G34: =F34/C34 -> 0.055350554 | H34: =F34/(9*6) -> 0.0027777778 | I34: =F34/27 -> 0.0055555556 | J34: =E34-D34 -> 2.55 | K34: =J34/D34 -> 0.89160839 | L34: =J34/27 -> 0.094444444
A35: Sa2 | B35: 315 | C35: 2.72 | D35: 2.9 | E35: 5.48 | F35: =D35-C35 -> 0.18 | G35: =F35/C35 -> 0.066176471 | H35: =F35/(9*6) -> 0.0033333333 | I35: =F35/27 -> 0.0066666667 | J35: =E35-D35 -> 2.58 | K35: =J35/D35 -> 0.88965517 | L35: =J35/27 -> 0.095555556
A36: Sa2 | B36: 276 | C36: 2.72 | D36: 2.87 | E36: 5.2 | F36: =D36-C36 -> 0.15 | G36: =F36/C36 -> 0.055147059 | H36: =F36/(9*6) -> 0.0027777778 | I36: =F36/27 -> 0.0055555556 | J36: =E36-D36 -> 2.33 | K36: =J36/D36 -> 0.81184669 | L36: =J36/27 -> 0.086296296
A37: Sa2 | B37: 277 | C37: 2.78 | D37: 2.94 | E37: 5.24 | F37: =D37-C37 -> 0.16 | G37: =F37/C37 -> 0.057553957 | H37: =F37/(9*6) -> 0.002962963 | I37: =F37/27 -> 0.0059259259 | J37: =E37-D37 -> 2.3 | K37: =J37/D37 -> 0.78231293 | L37: =J37/27 -> 0.085185185
... A71: Sa4 | B71: 159 | C71: 2.41 | D71: 2.47 | E71: 4.79 | F71: =D71-C71 -> 0.06 | G71: =F71/C71 -> 0.024896266 | H71: =F71/(9*6) -> 0.0011111111 | I71: =F71/27 -> 0.0022222222 | J71: =E71-D71 -> 2.32 | K71: =J71/D71 -> 0.93927126 | L71: =J71/27 -> 0.085925926
A72: Sa4 | B72: 160 | C72: 2.33 | D72: 2.19 | F72: =D72-C72 -> -0.14 | G72: =F72/C72 -> -0.060085837 | H72: =F72/(9*6) -> -0.0025925926 | I72: =F72/27 -> -0.0051851852
A73: Sa4 | B73: 251 | C73: 2.08 | D73: 2.36 | E73: 4.42 | F73: =D73-C73 -> 0.28 | G73: =F73/C73 -> 0.13461538 | H73: =F73/(9*6) -> 0.0051851852 | I73: =F73/27 -> 0.01037037 | J73: =E73-D73 -> 2.06 | K73: =J73/D73 -> 0.87288136 | L73: =J73/27 -> 0.076296296
A74: Sa4 | B74: 252 | C74: 2.22 | D74: 2.15 | E74: 4.71 | F74: =D74-C74 -> -0.07 | G74: =F74/C74 -> -0.031531532 | H74: =F74/(9*6) -> -0.0012962963 | I74: =F74/27 -> -0.0025925926 | J74: =E74-D74 -> 2.56 | K74: =J74/D74 -> 1.1906977 | L74: =J74/27 -> 0.094814815
A75: Sa4 | B75: 253 | C75: 2.16 | D75: 2.09 | E75: 4.43 | F75: =D75-C75 -> -0.07 | G75: =F75/C75 -> -0.032407407 | H75: =F75/(9*6) -> -0.0012962963 | I75: =F75/27 -> -0.0025925926 | J75: =E75-D75 -> 2.34 | K75: =J75/D75 -> 1.1196172 | L75: =J75/27 -> 0.086666667
A76: Sa4 | B76: 254 | C76: 2.06 | D76: 1.9 | E76: 4.36 | F76: =D76-C76 -> -0.16 | G76: =F76/C76 -> -0.077669903 | H76: =F76/(9*6) -> -0.002962963 | I76: =F76/27 -> -0.0059259259 | J76: =E76-D76 -> 2.46 | K76: =J76/D76 -> 1.2947368 | L76: =J76/27 -> 0.091111111
A77: Sa4 | B77: 255 | C77: 2.01 | D77: 2.22 | E77: 4.11 | F77: =D77-C77 -> 0.21 | G77: =F77/C77 -> 0.10447761 | H77: =F77/(9*6) -> 0.0038888889 | I77: =F77/27 -> 0.0077777778 | J77: =E77-D77 -> 1.89 | K77: =J77/D77 -> 0.85135135 | L77: =J77/27 -> 0.07
A78: Sa4 | B78: 216 | C78: 2.23 | D78: 2.11 | E78: 4.52 | F78: =D78-C78 -> -0.12 | G78: =F78/C78 -> -0.053811659 | H78: =F78/(9*6) -> -0.0022222222 | I78: =F78/27 -> -0.0044444444 | J78: =E78-D78 -> 2.41 | K78: =J78/D78 -> 1.1421801 | L78: =J78/27 -> 0.089259259
A79: Sa4 | B79: 217 | C79: 2.16 | D79: 2.18 | E79: 4.34 | F79: =D79-C79 -> 0.02 | G79: =F79/C79 -> 0.0092592593 | H79: =F79/(9*6) -> 0.00037037037 | I79: =F79/27 -> 0.00074074074 | J79: =E79-D79 -> 2.16 | K79: =J79/D79 -> 0.99082569 | L79: =J79/27 -> 0.08
A80: Sa4 | B80: 218 | C80: 2.25 | D80: 2.19 | E80: 4.19 | F80: =D80-C80 -> -0.06 | G80: =F80/C80 -> -0.026666667 | H80: =F80/(9*6) -> -0.0011111111 | I80: =F80/27 -> -0.0022222222 | J80: =E80-D80 -> 2 | K80: =J80/D80 -> 0.91324201 | L80: =J80/27 -> 0.074074074
A81: Sa4 | B81: 219 | C81: 2.15 | D81: 1.93 | E81: 4.48 | F81: =D81-C81 -> -0.22 | G81: =F81/C81 -> -0.10232558 | H81: =F81/(9*6) -> -0.0040740741 | I81: =F81/27 -> -0.0081481481 | J81: =E81-D81 -> 2.55 | K81: =J81/D81 -> 1.3212435 | L81: =J81/27 -> 0.094444444
A82: Sa4 | B82: 220 | C82: 1.92 | D82: 2.15 | E82: 4 | F82: =D82-C82 -> 0.23 | G82: =F82/C82 -> 0.11979167 | H82: =F82/(9*6) -> 0.0042592593 | I82: =F82/27 -> 0.0085185185 | J82: =E82-D82 -> 1.85 | K82: =J82/D82 -> 0.86046512 | L82: =J82/27 -> 0.068518519

Sheet tab videjie
C1: 80 | H1: 20 | O1: 74 | X1: 8
B2: SA | C2: n=80 | H2: n=20 | N2: hit+SA | O2: n=76 | X2: n=20
B3: kubiņa nr | C3: uzņemtā sub. Sk. | D3: sub. sk. g/g MK | E3: sub. sk. g/cm3 | H3: stieņa nr | I3: uzņemtā sub. Sk. | J3: sub. sk. g/g MK | K3: sub. sk. g/cm3 | N3: kubiņa nr | O3: Uzņemtais hito. | P3: hito g/g MK | Q3: hito g/cm2 | R3: hito g/cm3 | S3: uzņemtā sub. Sk. | T3: sub. sk. g/g MK | U3: sub. sk. g/cm3 | W3: stieņa nr | X3: Uzņemtais hito. | Y3: hito g/g MK | Z3: hito g/cm2 | AA3: hito h/cm3 | AB3: uzņemtā sub. Sk. | AC3: sub. sk. g/g MK | AD3: sub. sk. g/cm3
A4: Sl1 | B4: 3 | C4: 2.62 | D4: 0.58222222 | E4: 0.097037037 | M4: Sl1 | N4: 1 | O4: 0.28 | P4: 0.058577406 | Q4: 0.0051851852 | R4: 0.01037037 | S4: 1.91 | T4: 0.37747036 | U4: 0.070740741 | V4: Sl1 | W4: 2 | X4: 0.56 | Y4: 0.02173913 | Z4: 0.0025225225 | AA4: 0.0036601307 | AB4: 11.71 | AC4: 0.44490881 | AD4: 0.076535948
B5: 4 | C5: 2.57 | D5: 0.55150215 | E5: 0.095185185 | G5: Sl1 | H5: 1 | I5: 13.65 | J5: 0.53257901 | K5: 0.089215686 | N5: 2 | O5: 0.25 | P5: 0.057077626 | Q5: 0.0046296296 | R5: 0.0092592593 | S5: 2.26 | T5: 0.48812095 | U5: 0.083703704 | W5: 6 | X5: 0.48 | Y5: 0.018334607 | Z5: 0.0021621622 | AA5: 0.0031372549 | AB5: 12.63 | AC5: 0.47374344 | AD5: 0.08254902
B6: 7 | C6: 2.68 | D6: 0.6036036 | E6: 0.099259259 | H6: 8 | I6: 14.65 | J6: 0.5869391 | K6: 0.095751634 | N6: 5 | O6: 0.24 | P6: 0.053215078 | Q6: 0.0044444444 | R6: 0.0088888889 | S6: 2.45 | T6: 0.51578947 | U6: 0.090740741 | X6: =AVERAGE(X4:X5) -> 0.52 | Y6: =AVERAGE(Y4:Y5) -> 0.020036869 | Z6: =AVERAGE(Z4:Z5) -> 0.0023423423 | AA6: =AVERAGE(AA4:AA5) -> 0.0033986928 | AB6: =AVERAGE(AB4:AB5) -> 12.17 | AC6: =AVERAGE(AC4:AC5) -> 0.45932613 | AD6: =AVERAGE(AD4:AD5) -> 0.079542484
B7: 8 | C7: 2.55 | D7: 0.56919643 | E7: 0.094444444 | H7: 58 | I7: 12.24 | J7: 0.48842777 | K7: 0.08 | N7: 6 | O7: 0.26 | P7: 0.054968288 | Q7: 0.0048148148 | R7: 0.0096296296 | S7: 2.2 | T7: 0.44088176 | U7: 0.081481481 | V7: Sl2 | W7: 68 | X7: 0.7 | Y7: 0.037017451 | Z7: 0.0031531532 | AA7: 0.0045751634 | AB7: 14.43 | AC7: 0.73584906 | AD7: 0.094313725
B8: 9 | C8: 2.22 | D8: 0.48051948 | E8: 0.082222222 | H8: 63 | I8: 13.46 | J8: 0.54405821 | K8: 0.087973856 | N8: 10 | O8: 0.3 | P8: 0.063559322 | Q8: 0.0055555556 | R8: 0.011111111 | S8: 2.28 | T8: 0.45418327 | U8: 0.084444444 | W8: 71 | X8: 0.82 | Y8: 0.04357067 | Z8: 0.0036936937 | AA8: 0.0053594771 | AB8: 15.03 | AC8: 0.76527495 | AD8: 0.098235294
B9: 12 | C9: 2.39 | D9: 0.52643172 | E9: 0.088518519 | H9: 65 | I9: 14.63 | J9: 0.60404624 | K9: 0.095620915 | N9: 11 | O9: 0.24 | P9: 0.050420168 | Q9: 0.0044444444 | R9: 0.0088888889 | S9: 1.91 | T9: 0.382 | U9: 0.070740741 | X9: =AVERAGE(X7:X8) -> 0.76 | Y9: =AVERAGE(Y7:Y8) -> 0.04029406 | Z9: =AVERAGE(Z7:Z8) -> 0.0034234234 | AA9: =AVERAGE(AA7:AA8) -> 0.0049673203 | AB9: =AVERAGE(AB7:AB8) -> 14.73 | AC9: =AVERAGE(AC7:AC8) -> 0.750562 | AD9: =AVERAGE(AD7:AD8) -> 0.09627451
B10: 13 | C10: 2.38 | D10: 0.52078775 | E10: 0.088148148 | I10: =AVERAGE(I5:I9) -> 13.726 | J10: =AVERAGE(J5:J9) -> 0.55121007 | K10: =AVERAGE(K5:K9) -> 0.089712418 | N10: 14 | O10: 0.28 | P10: 0.060215054 | Q10: 0.0051851852 | R10: 0.01037037 | S10: 2.26 | T10: 0.45841785 | U10: 0.083703704 | V10: Sl3 | W10: 82 | X10: 0.79 | Y10: 0.028356066 | Z10: 0.0035585586 | AA10: 0.0051633987 | AB10: 14.14 | AC10: 0.49354276 | AD10: 0.092418301
B11: 18 | C11: 2.71 | D11: 0.43993506 | E11: 0.10037037 | G11: Sl2 | H11: 11 | I11: 13.09 | J11: 0.69295924 | K11: 0.085555556 | N11: 16 | O11: 0.21 | P11: 0.047085202 | Q11: 0.0038888889 | R11: 0.0077777778 | S11: 1.99 | T11: 0.4261242 | U11: 0.073703704 | W11: 85 | X11: 0.27 | Y11: 0.0096601073 | Z11: 0.0012162162 | AA11: 0.0017647059 | AB11: 15.28 | AC11: 0.54145996 | AD11: 0.099869281
B12: 21 | C12: 2.61 | D12: 0.61556604 | E12: 0.096666667 | H12: 19 | I12: 13.73 | J12: 0.70374167 | K12: 0.089738562 | N12: 17 | O12: 0.24 | P12: 0.055172414 | Q12: 0.0044444444 | R12: 0.0088888889 | S12: 2.59 | T12: 0.56427015 | U12: 0.095925926 | X12: =AVERAGE(X10:X11) -> 0.53 | Y12: =AVERAGE(Y10:Y11) -> 0.019008087 | Z12: =AVERAGE(Z10:Z11) -> 0.0023873874 | AA12: =AVERAGE(AA10:AA11) -> 0.0034640523 | AB12: =AVERAGE(AB10:AB11) -> 14.71 | AC12: =AVERAGE(AC10:AC11) -> 0.51750136 | AD12: =AVERAGE(AD10:AD11) -> 0.096143791
B13: 22 | C13: 2.65 | D13: 0.6206089 | E13: 0.098148148 | H13: 69 | I13: 14.38 | J13: 0.74662513 | K13: 0.093986928 | N13: 19 | O13: 0.24 | P13: 0.052401747 | Q13: 0.0044444444 | R13: 0.0088888889 | S13: 2.48 | T13: 0.51452282 | U13: 0.091851852 | V13: Sl4 | W13: 38 | X13: 1.3 | Y13: 0.047445255 | Z13: 0.0058558559 | AA13: 0.008496732 | AB13: 15.29 | AC13: 0.53275261 | AD13: 0.099934641
B14: 23 | C14: 2.47 | D14: 0.56392694 | E14: 0.091481481 | H14: 73 | I14: 15.49 | J14: 0.8092999 | K14: 0.10124183 | N14: 20 | O14: 0.24 | P14: 0.049689441 | Q14: 0.0044444444 | R14: 0.0088888889 | S14: 1.9 | T14: 0.37475345 | U14: 0.07037037 | W14: 45 | X14: 0.97 | Y14: 0.035247093 | Z14: 0.0043693694 | AA14: 0.0063398693 | AB14: 16.6 | AC14: 0.58266058 | AD14: 0.10849673
B15: 27 | C15: 2.65 | D15: 0.58888889 | E15: 0.098148148 | H15: 75 | I15: 15.61 | J15: 0.81599582 | K15: 0.10202614 | N15: 24 | O15: 0.24 | P15: 0.055427252 | Q15: 0.0044444444 | R15: 0.0088888889 | S15: 2.37 | T15: 0.51859956 | U15: 0.087777778 | X15: =AVERAGE(X13:X14) -> 1.135 | Y15: =AVERAGE(Y13:Y14) -> 0.041346174 | Z15: =AVERAGE(Z13:Z14) -> 0.0051126126 | AA15: =AVERAGE(AA13:AA14) -> 0.0074183007 | AB15: =AVERAGE(AB13:AB14) -> 15.945 | AC15: =AVERAGE(AC13:AC14) -> 0.5577066 | AD15: =AVERAGE(AD13:AD14) -> 0.10421569
B16: 28 | C16: 2.7 | D16: 0.63380282 | E16: 0.1 | I16: =AVERAGE(I11:I15) -> 14.46 | J16: =AVERAGE(J11:J15) -> 0.75372435 | K16: =AVERAGE(K11:K15) -> 0.094509804 | N16: 26 | O16: 0.26 | P16: 0.05664488 | Q16: 0.0048148148 | R16: 0.0096296296 | S16: 2.56 | T16: 0.52783505 | U16: 0.094814815
B17: 101 | C17: 2.89 | D17: 0.65681818 | E17: 0.10703704 | G17: Sl3 | H17: 32 | I17: 14.45 | J17: 0.55363985 | K17: 0.094444444 | N17: 29 | O17: 0.25 | P17: 0.058139535 | Q17: 0.0046296296 | R17: 0.0092592593 | S17: 2.14 | T17: 0.47032967 | U17: 0.079259259
B18: 102 | C18: 2.75 | D18: 0.61247216 | E18: 0.10185185 | H18: 34 | I18: 13.87 | J18: 0.51831091 | K18: 0.090653595 | N18: 99 | O18: 0.38 | P18: 0.086363636 | Q18: 0.007037037 | R18: 0.014074074 | S18: 2.51 | T18: 0.5251046 | U18: 0.092962963
B19: 105 | C19: 2.72 | D19: 0.59388646 | E19: 0.10074074 | H19: 78 | I19: 15.36 | J19: 0.56119839 | K19: 0.10039216 | N19: 100 | O19: 0.5 | P19: 0.11210762 | Q19: 0.0092592593 | R19: 0.018518519 | S19: 2.21 | T19: 0.44556452 | U19: 0.081851852
B20: 106 | C20: 2.64 | D20: 0.58928571 | E20: 0.097777778 | H20: 84 | I20: 15.89 | J20: 0.58162518 | K20: 0.10385621 | N20: 104 | O20: 0.44 | P20: 0.096069869 | Q20: 0.0081481481 | R20: 0.016296296 | S20: 2.34 | T20: 0.46613546 | U20: 0.086666667
B21: 111 | C21: 2.79 | D21: 0.63553531 | E21: 0.10333333 | H21: 86 | I21: 15.81 | J21: 0.56323477 | K21: 0.10333333 | N21: 107 | O21: 0.26 | P21: 0.058956916 | Q21: 0.0048148148 | R21: 0.0096296296 | S21: 2.32 | T21: 0.49678801 | U21: 0.085925926
B22: 113 | C22: 2.46 | D22: 0.57476636 | E22: 0.091111111 | I22: =AVERAGE(I17:I21) -> 15.076 | J22: =AVERAGE(J17:J21) -> 0.55560182 | K22: =AVERAGE(K17:K21) -> 0.098535948 | N22: 116 | O22: 0.18 | P22: 0.043062201 | Q22: 0.0033333333 | R22: 0.0066666667 | S22: 2.19 | T22: 0.50229358 | U22: 0.081111111
B23: 115 | C23: 2.93 | D23: 0.66894977 | E23: 0.10851852 | G23: Sl4 | H23: 37 | I23: 15.65 | J23: 0.57431193 | K23: 0.10228758 | N23: 117 | O23: 0.26 | P23: 0.059907834 | Q23: 0.0048148148 | R23: 0.0096296296 | S23: 2.2 | T23: 0.47826087 | U23: 0.081481481
B24: 20 | C24: =AVERAGE(C4:C23) -> 2.619 | D24: =AVERAGE(D4:D23) -> 0.5814353 | E24: =AVERAGE(E4:E23) -> 0.097 | H24: 43 | I24: 16.46 | J24: 0.61717285 | K24: 0.1075817 | N24: 20 | O24: =AVERAGE(O4:O23) -> 0.2775 | P24: =AVERAGE(P4:P23) -> 0.061453075 | Q24: =AVERAGE(Q4:Q23) -> 0.0051388889 | R24: =AVERAGE(R4:R23) -> 0.010277778 | S24: =AVERAGE(S4:S23) -> 2.2535 | T24: =AVERAGE(T4:T23) -> 0.47137228 | U24: =AVERAGE(U4:U23) -> 0.083462963
A25: Sl2 | B25: 33 | C25: 2.74 | D25: 0.84307692 | E25: 0.10148148 | H25: 88 | I25: 19.03 | J25: 0.74598197 | K25: 0.12437908 | M25: Sl2 | N25: 31 | O25: 0.28 | P25: 0.081871345 | Q25: 0.0051851852 | R25: 0.01037037 | S25: 2.23 | T25: 0.6027027 | U25: 0.082592593
B26: 34 | C26: 2.77 | D26: 0.87106918 | E26: 0.10259259 | H26: 90 | I26: 17.72 | J26: 0.69818755 | K26: 0.11581699 | N26: 32 | O26: 0.28 | P26: 0.082111437 | Q26: 0.0051851852 | R26: 0.01037037 | S26: 2.44 | T26: 0.66124661 | U26: 0.09037037
B27: 38 | C27: 2.65 | D27: 0.82043344 | E27: 0.098148148 | H27: 94 | I27: 16.29 | J27: 0.60988394 | K27: 0.10647059 | N27: 35 | O27: 0.29 | P27: 0.084548105 | Q27: 0.0053703704 | R27: 0.010740741 | S27: 2.32 | T27: 0.62365591 | U27: 0.085925926
B28: 39 | C28: 3.62 | D28: 1.6088889 | E28: 0.13407407 | I28: =AVERAGE(I23:I27) -> 17.03 | J28: =AVERAGE(J23:J27) -> 0.64910765 | K28: =AVERAGE(K23:K27) -> 0.11130719 | N28: 37 | O28: 0.26 | P28: 0.08 | Q28: 0.0048148148 | R28: 0.0096296296 | S28: 2.16 | T28: 0.61538462 | U28: 0.08
B29: 40 | C29: 2.76 | D29: 0.83383686 | E29: 0.10222222 | N29: 44 | O29: 0.3 | P29: 0.092307692 | Q29: 0.0055555556 | R29: 0.011111111 | S29: 2.4 | T29: 0.67605634 | U29: 0.088888889
B30: 41 | C30: 2.71 | D30: 0.81626506 | E30: 0.10037037 | N30: 47 | O30: 0.35 | P30: 0.10542169 | Q30: 0.0064814815 | R30: 0.012962963 | S30: 2.48 | T30: 0.67574932 | U30: 0.091851852
B31: 45 | C31: 2.61 | D31: 0.78614458 | E31: 0.096666667 | N31: 49 | O31: 0.54 | P31: 0.16718266 | Q31: 0.01 | R31: 0.02 | S31: 2.35 | T31: 0.62334218 | U31: 0.087037037
B32: 46 | C32: 2.71 | D32: 0.80177515 | E32: 0.10037037 | N32: 50 | O32: 0.48 | P32: 0.14501511 | Q32: 0.0088888889 | R32: 0.017777778 | S32: 2.36 | T32: 0.62269129 | U32: 0.087407407
B33: 51 | C33: 2.74 | D33: 0.78735632 | E33: 0.10148148 | N33: 53 | O33: 0.55 | P33: 0.16320475 | Q33: 0.010185185 | R33: 0.02037037 | S33: 2.25 | T33: 0.57397959 | U33: 0.083333333
B34: 52 | C34: 2.71 | D34: 0.80177515 | E34: 0.10037037 | N34: 57 | O34: 0.52 | P34: 0.15249267 | Q34: 0.0096296296 | R34: 0.019259259 | S34: 2.36 | T34: 0.60050891 | U34: 0.087407407
B35: 55 | C35: 2.64 | D35: 0.76521739 | E35: 0.097777778 | N35: 59 | O35: 0.89 | P35: 0.27725857 | Q35: 0.016481481 | R35: 0.032962963 | S35: 2.07 | T35: 0.50487805 | U35: 0.076666667
B36: 56 | C36: 2.53 | D36: 0.71067416 | E36: 0.093703704 | N36: 62 | O36: 0.5 | P36: 0.15625 | Q36: 0.0092592593 | R36: 0.018518519 | S36: 2.26 | T36: 0.61081081 | U36: 0.083703704
B37: 60 | C37: 2.54 | D37: 0.7673716 | E37: 0.094074074 | N37: 120 | O37: 0.24 | P37: 0.068965517 | Q37: 0.0044444444 | R37: 0.0088888889 | S37: 2.34 | T37: 0.62903226 | U37: 0.086666667
B38: 61 | C38: 2.64 | D38: 0.76300578 | E38: 0.097777778 | N38: 123 | O38: 0.26 | P38: 0.080495356 | Q38: 0.0048148148 | R38: 0.0096296296 | S38: 2.51 | T38: 0.71919771 | U38: 0.092962963
B39: 121 | C39: 2.76 | D39: 0.8 | E39: 0.10222222 | N39: 124 | O39: 0.21 | P39: 0.065420561 | Q39: 0.0038888889 | R39: 0.0077777778 | S39: 2.42 | T39: 0.70760234 | U39: 0.08962963
B40: 122 | C40: 2.9 | D40: 0.88414634 | E40: 0.10740741 | N40: 126 | O40: 0.21 | P40: 0.062874251 | Q40: 0.0038888889 | R40: 0.0077777778 | S40: 2.26 | T40: 0.63661972 | U40: 0.083703704
... B44: 136 | C44: 2.87 | D44: 0.82708934 | E44: 0.1062963 | N44: 135 | O44: 0.2 | P44: 0.05899705 | Q44: 0.0037037037 | R44: 0.0074074074 | S44: 2.52 | T44: 0.70194986 | U44: 0.093333333
B45: 20 | C45: =AVERAGE(C25:C44) -> 2.763 | D45: =AVERAGE(D25:D44) -> 0.84756108 | E45: =AVERAGE(E25:E44) -> 0.10233333 | N45: 20 | O45: =AVERAGE(O25:O44) -> 0.353 | P45: =AVERAGE(P25:P44) -> 0.10662633 | Q45: =AVERAGE(Q25:Q44) -> 0.006537037 | R45: =AVERAGE(R25:R44) -> 0.013074074 | S45: =AVERAGE(S25:S44) -> 2.335 | T45: =AVERAGE(T25:T44) -> 0.63618546 | U45: =AVERAGE(U25:U44) -> 0.086481481
A46: Sl3 | B46: 65 | C46: 2.78 | D46: 0.6247191 | E46: 0.10296296 | M46: Sl3 | N46: 64 | O46: 0.32 | P46: 0.070953437 | Q46: 0.0059259259 | R46: 0.011851852 | S46: 2.32 | T46: 0.48033126 | U46: 0.085925926
B47: 66 | C47: 2.73 | D47: 0.61348315 | E47: 0.10111111 | N47: 68 | O47: 0.34 | P47: 0.074889868 | Q47: 0.0062962963 | R47: 0.012592593 | S47: 2.3 | T47: 0.47131148 | U47: 0.085185185
B48: 67 | C48: 2.62 | D48: 0.5745614 | E48: 0.097037037 | N48: 73 | O48: 0.41 | P48: 0.086134454 | Q48: 0.0075925926 | R48: 0.015185185 | S48: 2.25 | T48: 0.43520309 | U48: 0.083333333
B49: 69 | C49: 2.59 | D49: 0.55939525 | E49: 0.095925926 | N49: 139 | O49: 0.17 | P49: 0.03655914 | Q49: 0.0031481481 | R49: 0.0062962963 | S49: 2.46 | T49: 0.51037344 | U49: 0.091111111
B50: 70 | C50: 2.67 | D50: 0.59865471 | E50: 0.098888889 | N50: 143 | O50: 0.34 | P50: 0.072805139 | Q50: 0.0062962963 | R50: 0.012592593 | S50: 2.31 | T50: 0.46107784 | U50: 0.085555556
B51: 71 | C51: 2.8 | D51: 0.61538462 | E51: 0.1037037 | N51: 148 | O51: 0.17 | P51: 0.034482759 | Q51: 0.0031481481 | R51: 0.0062962963 | S51: 2.45 | T51: 0.48039216 | U51: 0.090740741
B52: 72 | C52: 2.7 | D52: 0.56722689 | E52: 0.1 | N52: 150 | O52: 0.32 | P52: 0.066528067 | Q52: 0.0059259259 | R52: 0.011851852 | S52: 2.41 | T52: 0.46978558 | U52: 0.089259259
B53: 140 | C53: 2.76 | D53: 0.57620042 | E53: 0.10222222 | N53: 187 | O53: 0.23 | P53: 0.052511416 | Q53: 0.0042592593 | R53: 0.0085185185 | S53: 2.39 | T53: 0.51843818 | U53: 0.088518519
B54: 141 | C54: 2.87 | D54: 0.59916493 | E54: 0.1062963 | N54: 188 | O54: 0.45 | P54: 0.10158014 | Q54: 0.0083333333 | R54: 0.016666667 | S54: 2.75 | T54: 0.56352459 | U54: 0.10185185
B55: 142 | C55: 2.81 | D55: 0.58909853 | E55: 0.10407407 | N55: 189 | O55: 0.16 | P55: 0.036036036 | Q55: 0.002962963 | R55: 0.0059259259 | S55: 2.55 | T55: 0.55434783 | U55: 0.094444444
B56: 144 | C56: 2.79 | D56: 0.57289528 | E56: 0.10333333 | N56: 190 | O56: 0.23 | P56: 0.052511416 | Q56: 0.0042592593 | R56: 0.0085185185 | S56: 2.46 | T56: 0.53362256 | U56: 0.091111111
B57: 145 | C57: 2.75 | D57: 0.55443548 | E57: 0.10185185 | N57: 191 | O57: 0.36 | P57: 0.081264108 | Q57: 0.0066666667 | R57: 0.013333333 | S57: 2.44 | T57: 0.50939457 | U57: 0.09037037
B58: 146 | C58: 2.72 | D58: 0.56903766 | E58: 0.10074074 | N58: 192 | O58: 0.27 | P58: 0.060810811 | Q58: 0.005 | R58: 0.01 | S58: 2.48 | T58: 0.52653928 | U58: 0.091851852
... B60: 149 | C60: 2.77 | D60: 0.57588358 | E60: 0.10259259 | N60: 194 | O60: 0.18 | P60: 0.041189931 | Q60: 0.0033333333 | R60: 0.0066666667 | S60: 2.67 | T60: 0.58681319 | U60: 0.098888889
B61: 151 | C61: 2.92 | D61: 0.62393162 | E61: 0.10814815 | N61: 15 | O61: =AVERAGE(O46:O60) -> 0.28066667 | P61: =AVERAGE(P46:P60) -> 0.061744212 | Q61: =AVERAGE(Q46:Q60) -> 0.0051975309 | R61: =AVERAGE(R46:R60) -> 0.010395062 | S61: =AVERAGE(S46:S60) -> 2.4313333 | T61: =AVERAGE(T46:T60) -> 0.50470858 | U61: =AVERAGE(U46:U60) -> 0.090049383
B62: 152 | C62: 2.84 | D62: 0.55686275 | E62: 0.10518519 | M62: Sl4 | N62: 74 | O62: 0.7 | P62: 0.14675052 | Q62: 0.012962963 | R62: 0.025925926 | S62: 2.38 | T62: 0.43510055 | U62: 0.088148148
B63: 153 | C63: 2.78 | D63: 0.60566449 | E63: 0.10296296 | N63: 78 | O63: 0.33 | P63: 0.069767442 | Q63: 0.0061111111 | R63: 0.012222222 | S63: 2.7 | T63: 0.53359684 | U63: 0.1
B64: 18 | C64: =AVERAGE(C46:C63) -> 2.7566667 | D64: =AVERAGE(D46:D63) -> 0.58633859 | E64: =AVERAGE(E46:E63) -> 0.10209877 | N64: 79 | O64: 0.43 | P64: 0.090526316 | Q64: 0.007962963 | R64: 0.015925926 | S64: 2.63 | T64: 0.50772201 | U64: 0.097407407
A65: Sl4 | B65: 75 | C65: 2.82 | D65: 0.59368421 | E65: 0.10444444 | N65: 84 | O65: 0.3 | P65: 0.061983471 | Q65: 0.0055555556 | R65: 0.011111111 | S65: 2.62 | T65: 0.50972763 | U65: 0.097037037
B66: 76 | C66: 2.73 | D66: 0.55942623 | E66: 0.10111111 | N66: 87 | O66: 0.35 | P66: 0.070993915 | Q66: 0.0064814815 | R66: 0.012962963 | S66: 2.61 | T66: 0.49431818 | U66: 0.096666667
B67: 77 | C67: 2.87 | D67: 0.61587983 | E67: 0.1062963 | N67: 88 | O67: 0.28 | P67: 0.055009823 | Q67: 0.0051851852 | R67: 0.01037037 | S67: 2.8 | T67: 0.52141527 | U67: 0.1037037
B68: 80 | C68: 2.95 | D68: 0.61076605 | E68: 0.10925926 | N68: 89 | O68: 0.31 | P68: 0.061630219 | Q68: 0.0057407407 | R68: 0.011481481 | S68: 2.87 | T68: 0.53745318 | U68: 0.1062963
B69: 81 | C69: 2.83 | D69: 0.59205021 | E69: 0.10481481 | N69: 93 | O69: 0.47 | P69: 0.10217391 | Q69: 0.0087037037 | R69: 0.017407407 | S69: 2.69 | T69: 0.53057199 | U69: 0.09962963
B70: 82 | C70: 2.97 | D70: 0.60243408 | E70: 0.11 | N70: 94 | O70: 0.57 | P70: 0.12179487 | Q70: 0.010555556 | R70: 0.021111111 | S70: 2.57 | T70: 0.48952381 | U70: 0.095185185
B71: 83 | C71: 2.94 | D71: 0.60493827 | E71: 0.10888889 | N71: 98 | O71: 0.21 | P71: 0.044303797 | Q71: 0.0038888889 | R71: 0.0077777778 | S71: 2.83 | T71: 0.57171717 | U71: 0.10481481
B72: 85 | C72: 2.98 | D72: 0.64362851 | E72: 0.11037037 | N72: 155 | O72: 1.92 | P72: 0.43243243 | Q72: 0.035555556 | R72: 0.071111111 | S72: 1.55 | T72: 0.24371069 | U72: 0.057407407
B73: 86 | C73: 2.92 | D73: 0.60580913 | E73: 0.10814815 | N73: 157 | O73: 0.13 | P73: 0.02832244 | Q73: 0.0024074074 | R73: 0.0048148148 | S73: 2.89 | T73: 0.61228814 | U73: 0.10703704
B74: 90 | C74: 3.19 | D74: 0.63545817 | E74: 0.11814815 | N74: 158 | O74: 0.26 | P74: 0.058035714 | Q74: 0.0048148148 | R74: 0.0096296296 | S74: 2.8 | T74: 0.5907173 | U74: 0.1037037
B75: 91 | C75: 3.07 | D75: 0.64631579 | E75: 0.1137037 | N75: 161 | O75: 0.31 | P75: 0.072429907 | Q75: 0.0057407407 | R75: 0.011481481 | S75: 2.83 | T75: 0.61655773 | U75: 0.10481481
B76: 92 | C76: 3.08 | D76: 0.66236559 | E76: 0.11407407 | N76: 165 | O76: 0.28 | P76: 0.060085837 | Q76: 0.0051851852 | R76: 0.01037037 | S76: 2.76 | T76: 0.55870445 | U76: 0.10222222
B77: 95 | C77: 3.16 | D77: 0.67377399 | E77: 0.11703704 | N77: 167 | O77: 0.5 | P77: 0.10752688 | Q77: 0.0092592593 | R77: 0.018518519 | S77: 2.59 | T77: 0.50291262 | U77: 0.095925926
... B80: 154 | C80: 3.14 | D80: 0.68708972 | E80: 0.1162963 | N80: 174 | O80: 0.54 | P80: 0.11946903 | Q80: 0.01 | R80: 0.02 | S80: 2.51 | T80: 0.49604743 | U80: 0.092962963
B81: 156 | C81: 3.03 | D81: 0.68552036 | E81: 0.11222222 | N81: 19 | O81: =AVERAGE(O62:O80) -> 0.45473684 | P81: =AVERAGE(P62:P80) -> 0.098183272 | Q81: =AVERAGE(Q62:Q80) -> 0.0084210526 | R81: =AVERAGE(R62:R80) -> 0.016842105 | S81: =AVERAGE(S62:S80) -> 2.6121053 | T81: =AVERAGE(T62:T80) -> 0.51366635 | U81: =AVERAGE(U62:U80) -> 0.096744639
B82: 160 | C82: 3.1 | D82: 0.71100917 | E82: 0.11481481
B83: 166 | C83: 3.08 | D83: 0.67248908 | E83: 0.11407407
B84: 171 | C84: 3.11 | D84: 0.69574944 | E84: 0.11518519
B85: 172 | C85: 3.12 | D85: 0.67678959 | E85: 0.11555556
B86: 175 | C86: 3.06 | D86: 0.69074492 | E86: 0.11333333
B87: 22 | C87: =AVERAGE(C65:C86) -> 3.0222727 | D87: =AVERAGE(D65:D86) -> 0.64442134 | E87: =AVERAGE(E65:E86) -> 0.11193603

Sheet liecei
A1: Apstrāde | B1: substrāts | C1: id | D1: masa (g) | E1: garums mm | F1: platums mm | G1: augstums mm
A2: hito_sub. | B2: Sl1 | C2: 2 | D2: 40 | E2: 169 | F2: 30.29 | G2: 30.4
C3: 6 | D3: 41.3 | E3: 168 | F3: 30.72 | G3: 30.81
B4: Sl4 | C4: 38 | D4: 46 | E4: 168 | F4: 31.1 | G4: 30.75
C5: 45 | D5: 47.1 | E5: 168 | F5: 30.55 | G5: 32.8
B6: Sl2 | C6: 68 | D6: 35.5 | E6: 170 | F6: 30.74 | G6: 31.06
C7: 71 | D7: 36.1 | E7: 169 | F7: 30.89 | G7: 31.19
B8: Sl3 | C8: 82 | D8: 44.8 | E8: 168 | F8: 30.75 | G8: 30.7
C9: 85 | D9: 45.6 | E9: 169 | F9: 30.85 | G9: 31.4
A10: sub | B10: Sl1 | C10: 1 | D10: 41.1 | E10: 169 | F10: 30.45 | G10: 30.71
C11: 8 | D11: 41.3 | E11: 170 | F11: 30.71 | G11: 31.27
C12: 58 | D12: 39 | E12: 170 | F12: 38.07 | G12: 30.93
C13: 63 | D13: 39.9 | E13: 170 | F13: 31.1 | G13: 31
C14: 65 | D14: 40.5 | E14: 170 | F14: 30.58 | G14: 30.27
B15: Sl2 | C15: 11 | D15: 33.4 | E15: 170 | F15: 30.66 | G15: 30.11
C16: 19 | D16: 34.6 | E16: 169 | F16: 30.61 | G16: 31.7
C17: 69 | D17: 35 | E17: 169 | F17: 31.09 | G17: 31.22
C18: 73 | D18: 36 | E18: 169 | F18: 31.15 | G18: 31.53
C19: 75 | D19: 36.1 | E19: 170 | F19: 31.17 | G19: 31.67
B20: Sl3 | C20: 32 | D20: 42.3 | E20: 169 | F20: 30.9 | G20: 31.64
C21: 34 | D21: 42.5 | E21: 170 | F21: 31.11 | G21: 31.98
C22: 78 | D22: 44.5 | E22: 169 | F22: 30.95 | G22: 31.68
C23: 84 | D23: 45 | E23: 169 | F23: 30.79 | G23: 31.43
C24: 86 | D24: 45.7 | E24: 169 | F24: 30.69 | G24: 31.9
B25: Sl4 | C25: 37 | D25: 44.5 | E25: 170 | F25: 30.97 | G25: 31.29
C26: 43 | D26: 44.7 | E26: salūzis | F26: salūzis | G26: salūzis
C27: 88 | D27: 46.2 | E27: 171 | F27: 31.12 | G27: 31.69
C28: 90 | D28: 44.7 | E28: 170 | F28: 31.09 | G28: 31.67
C29: 94 | D29: 44.6 | E29: 169 | F29: 31.12 | G29: 30.87
A30: hito | B30: Sl2 | C30: 13 | D30: 21.3 | E30: 169 | F30: 30.3 | G30: 30.4
C31: 17 | D31: 21.9 | E31: 168 | F31: 30.94 | G31: 31.76
C32: 74 | D32: 21.7 | E32: 169 | F32: 30.84 | G32: 30.6
B33: Sl1 | C33: 59 | D33: 29.1 | E33: 170 | F33: 30.52 | G33: 29.6
C34: 61 | D34: 28.5 | E34: 169 | F34: 30.52 | G34: 29.3
C35: 67 | D35: 27.3 | E35: 171 | F35: 30.79 | G35: 29.71
B36: Sl3 | C36: 33 | D36: 28.6 | E36: 169 | F36: 30.51 | G36: 30.84
C37: 79 | D37: 30.4 | E37: 169 | F37: 30.68 | G37: 31.08
C38: 87 | D38: 30.8 | E38: 168 | F38: 30.97 | G38: 30.54
B39: Sl4 | C39: 89 | D39: 27.6 | E39: 168 | F39: 30.63 | G39: 29.12
C40: 93 | D40: 28.6 | E40: 169 | F40: 30.53 | G40: 30.38
A41: org stikls | B41: Sl1o | C41: 48 | D41: 30.1 | E41: 170 | F41: 30.33 | G41: 30.84
C42: 49 | D42: 28.8 | E42: 171 | F42: 30.4 | G42: 30.81
C43: 52 | D43: 29.1 | E43: 171 | F43: 30.32 | G43: 31
B44: Sl2o | C44: 58 | D44: 22.1 | E44: 169 | F44: 30.43 | G44: 30.73
C45: 59 | D45: 21.6 | E45: 170 | F45: 30.15 | G45: 30.2
C46: 60 | D46: 21.1 | E46: 170 | F46: 30.2 | G46: 30.42
C47: 61 | D47: 20.5 | E47: 170 | F47: 30.45 | G47: 30.15
C48: 62 | D48: 21.2 | E48: 170 | F48: 30.37 | G48: 29.73
C49: 63 | D49: 21.4 | E49: 169 | F49: 28.8 | G49: 30.75
B50: Sl3o | C50: 56 | D50: 29.3 | E50: 171 | F50: 29.36 | G50: 31.45
C51: 57 | D51: 29.7 | E51: 170 | F51: 28.7 | G51: 31.48
A52: hito_sub | B52: WS1 | C52: 69 | D52: 27.7 | E52: 169 | F52: 29.95 | G52: 30.15
A53: hito_sub | B53: WS1 | C53: 59 | D53: 28.2 | E53: 168 | F53: 30.98 | G53: 30.16
A54: hito_sub | B54: WS2 | C54: 63 | D54: 30.1 | E54: 167 | F54: 30.64 | G54: 30.5
A55: hito_sub | B55: WS2 | C55: 49 | D55: 30 | E55: 169 | F55: 31.14 | G55: 30.9
A56: hito_sub | B56: WS2 | C56: 46 | D56: 31 | E56: 167 | F56: 31.9 | G56: 30.66
A57: hito_sub | B57: WS2 | C57: 40 | D57: 30.7 | E57: 168 | F57: 31.7 | G57: 30.49
A58: hito_sub | B58: WS2 | C58: 7 | D58: 30.3 | E58: 168 | F58: 30.73 | G58: 30.75
A59: hito_sub | B59: WS3 | C59: 124 | D59: 35.8 | E59: 168 | F59: 32.39 | G59: 30.12
A60: hito_sub | B60: WS3 | C60: 123 | D60: 37.7 | E60: 169 | F60: 33.55 | G60: 30.11
A61: hito_sub | B61: WS3 | C61: 36 | D61: 33.9 | E61: 168 | F61: 30.91 | G61: 30.93
A62: hito_sub | B62: WS3 | C62: 72 | D62: 34.6 | E62: 168 | F62: 31.92 | G62: 30.21
A63: hito_sub | B63: WS3 | C63: 18 | D63: 33.3 | E63: 168 | F63: 31.37 | G63: 30.28
... A84: sub | B84: WS4 | C84: 29 | D84: 26.8 | E84: 167 | F84: 27.72 | G84: 29.44

Sheet spiedei
A1: Apstrāde | B1: substrāts | C1: id | D1: masa (g) | E1: garums mm | F1: platums mm | G1: augstums mm
A2: sub | B2: Sl1 | C2: 3 | D2: 7.5 | E2: 30.22 | F2: 30.23 | G2: 30.49 | I2: Sl1
C3: 22 | D3: 7.3 | E3: 30.93 | F3: 30.55 | G3: 30.67 | I3: Sl2
C4: 101 | D4: 7.6 | E4: 30.76 | F4: 30.42 | G4: 29.53 | I4: Sl3
C5: 111 | D5: 7.5 | E5: 30.89 | F5: 30.27 | G5: 30.63 | I5: Sl4
C6: 115 | D6: 7.6 | E6: 30.02 | F6: 31.03 | G6: 30.44
B7: Sl2 | C7: 33 | D7: 6.2 | E7: 30.68 | F7: 31.23 | G7: 31.46
C8: 45 | D8: 6.1 | E8: 30.62 | F8: 30.62 | G8: 30.59
C9: 56 | D9: 6.3 | E9: 30.63 | F9: 30.45 | G9: 31.64
C10: 125 | D10: 6.3 | E10: 31.13 | F10: 30.69 | G10: 31.04
C11: 132 | D11: 6.4 | E11: 31.03 | F11: 30.54 | G11: 30.31
B12: Sl3 | C12: 65 | D12: 7.5 | E12: 30.17 | F12: 30.69 | G12: 31.2
C13: 70 | D13: 7.4 | E13: 30.78 | F13: 30.7 | G13: 31.49
C14: 140 | D14: 7.8 | E14: 31.15 | F14: 30.77 | G14: 32
C15: 146 | D15: 7.8 | E15: 30.51 | F15: 30.63 | G15: 30.95
C16: 151 | D16: 7.9 | E16: 31.09 | F16: 30.67 | G16: 31.75
B17: Sl4 | C17: 76 | D17: 7.9 | E17: 31.07 | F17: 30.63 | G17: 30.76
C18: 86 | D18: 8 | E18: 30.79 | F18: 30.46 | G18: 31.22
C19: 92 | D19: 8 | E19: 30.98 | F19: 30.87 | G19: 32.53
C20: 156 | D20: 7.7 | E20: 31.22 | F20: 30.62 | G20: 31.59
C21: 172 | D21: 7.9 | E21: 30.86 | F21: 31.26 | G21: 31.22
A22: hito + sub | B22: Sl1 | C22: 1 | D22: 7.3 | E22: 30.15 | F22: 30.37 | G22: 30.26
C23: 14 | D23: 7.6 | E23: 30.66 | F23: 30.28 | G23: 31.06
C24: 19 | D24: 7.7 | E24: 30.38 | F24: 30.6 | G24: 31.94
C25: 100 | D25: 7.5 | E25: 30.4 | F25: 30.06 | G25: 29.53
C26: 116 | D26: 6.8 | E26: 30.14 | F26: 30.01 | G26: 30.03
B27: Sl2 | C27: 32 | D27: 6.4 | E27: 30.92 | F27: 30.68 | G27: 30.43
C28: 44 | D28: 6.2 | E28: 30.34 | F28: 30.64 | G28: 29.85
C29: 120 | D29: 6.3 | E29: 30.86 | F29: 30.54 | G29: 30.91
C30: 126 | D30: 6.1 | E30: 30.33 | F30: 30.98 | G30: 30.7
C31: 135 | D31: 6.4 | E31: 30.63 | F31: 30.66 | G31: 31.12
B32: Sl3 | C32: 64 | D32: 7.5 | E32: 30.97 | F32: 30.82 | G32: 30.76
C33: 73 | D33: 7.8 | E33: 30.84 | F33: 30.5 | G33: 31.09
C34: 139 | D34: 7.6 | E34: 30.6 | F34: 30.32 | G34: 30.6
C35: 148 | D35: 7.9 | E35: 31.02 | F35: 30.06 | G35: 30.34
C36: 150 | D36: 7.9 | E36: 30.31 | F36: 31.17 | G36: 31.11
B37: Sl4 | C37: 74 | D37: 8.2 | E37: 30.05 | F37: 31.02 | G37: 31.29
C38: 87 | D38: 8.2 | E38: 30.66 | F38: 30.48 | G38: 31.55
C39: 93 | D39: 8.1 | E39: 31.99 | F39: 30.55 | G39: 30.47
C40: 161 | D40: 7.7 | E40: 30.91 | F40: 30.47 | G40: 31.38
C41: 167 | D41: 8.1 | E41: 30.73 | F41: 31.37 | G41: 30.27
A42: sub | B42: WS1 | C42: 101 | D42: 3.8 | E42: 30.46 | F42: 30.16 | G42: 28.6
C43: 102 | D43: 3.9 | E43: 30.61 | F43: 30.42 | G43: 28.8
C44: 103 | D44: 4.1 | E44: 30.47 | F44: 29.31 | G44: 29.42
C45: 104 | D45: 4 | E45: 30.97 | F45: 30.06 | G45: 28.94
C46: 105 | D46: 4.2 | E46: 30.38 | F46: 30.76 | G46: 29.48
B47: WS2 | C47: 201 | D47: 5.2 | E47: 30.48 | F47: 31.05 | G47: 31.46
C48: 202 | D48: 5.1 | E48: 30.86 | F48: 31.95 | G48: 31.46
C49: 203 | D49: 5.2 | E49: 30.97 | F49: 30.42 | G49: 31.46
C50: 204 | D50: 5.1 | E50: 32.43 | F50: 30.72 | G50: 30.82
C51: 205 | D51: 5 | E51: 30.8 | F51: 30.41 | G51: 31.68
B52: WS3 | C52: 166 | D52: 5.6 | E52: 30.92 | F52: 30.35 | G52: 31.8
C53: 167 | D53: 5.8 | E53: 31.36 | F53: 30.37 | G53: 31.8
C54: 168 | D54: 5.7 | E54: 30.07 | F54: 30.8 | G54: 31.11
C55: 169 | D55: 5.8 | E55: 31.33 | F55: 30.16 | G55: 31.31
C56: 170 | D56: 5.7 | E56: 31.2 | F56: 31 | G56: 30.96
B57: WS4 | C57: 186 | D57: 4.3 | E57: 30.6 | F57: 30.35 | G57: 28.89
C58: 187 | D58: 4.1 | E58: 30.59 | F58: 30.1 | G58: 29.04
C59: 188 | D59: 4 | E59: 30.67 | F59: 30.59 | G59: 27.85
C60: 189 | D60: 4.2 | E60: 31.2 | F60: 30.74 | G60: 29.82
C61: 190 | D61: 4 | E61: 29.88 | F61: 29.74 | G61: 29.16
A62: hito_sub | B62: WS1 | C62: 107 | D62: 3.7 | E62: 25.13 | F62: 30.52 | G62: 30.24
C63: 306 | D63: 5 | E63: 31.79 | F63: 30.31 | G63: 29.48
C64: 309 | D64: 4.6 | E64: 29.33 | F64: 30.02 | G64: 30.88
C65: 290 | D65: 4.1 | E65: 27.94 | F65: 29.98 | G65: 29.88
C66: 327 | D66: 4.8 | E66: 31.45 | F66: 29.61 | G66: 30.65
B67: WS2 | C67: 208 | D67: 5.4 | E67: 32.02 | F67: 30.25 | G67: 30.46
C68: 311 | D68: 5.4 | E68: 30.72 | F68: 30.52 | G68: 30.84
C69: 277 | D69: 5.3 | E69: 31.36 | F69: 30.62 | G69: 31.14
C70: 279 | D70: 5.6 | E70: 32.72 | F70: 31.35 | G70: 31.02
C71: 270 | D71: 5.3 | E71: 31.79 | F71: 30.31 | G71: 29.48
B72: WS3 | C72: 173 | D72: 6 | E72: 30.44 | F72: 30.37 | G72: 30.87
C73: 226 | D73: 5.9 | E73: 29.65 | F73: 30.45 | G73: 30.25
C74: 230 | D74: 5.8 | E74: 30.18 | F74: 30.54 | G74: 30.59
C75: 347 | D75: 6.2 | E75: 30.59 | F75: 30.35 | G75: 31.25
C76: 52 | D76: 6.5 | E76: 33.02 | F76: 30.62 | G76: 30.28
B77: WS4 | C77: 195 | D77: 4.5 | E77: 28.38 | F77: 28.46 | G77: 30.55
C78: 156 | D78: 4.8 | E78: 30.3 | F78: 29.78 | G78: 30.69
C79: 252 | D79: 4.8 | E79: 30.5 | F79: 29.82 | G79: 30.09
C80: 217 | D80: 4.4 | E80: 28.27 | F80: 28.95 | G80: 29.78
C81: 220 | D81: 4.1 | E81: 24.98 | F81: 31.68 | G81: 28.34

Sheet ūd. sorbcija Sl
D1: 0h | H1: 2h | L1: 24h | P1: Ūdens uzsūcamība (%) | R1: Tilpums, cm3 | U1: Tilpuma izmaiņas (%)
A2: Apstrāde | B2: substrāts | C2: id | D2: masa (g) | E2: garums mm | F2: platums mm | G2: augstums mm | H2: masa (g) | I2: garums mm | J2: platums mm | K2: augstums mm | L2: masa (g) | M2: garums mm | N2: platums mm | O2: augstums mm | P2: pēc 2h | Q2: pēc 24h | R2: pirms | S2: pēc 2h | T2: pēc 24h | U2: pēc 2h | V2: pēc 24h
A3: sub | B3: Sl1 | C3: 7 | D3: 7.5 | E3: 30.44 | F3: 30.36 | G3: 29.79 | H3: 27.8 | I3: 30.85 | J3: 30.54 | K3: 30.75 | L3: 28.9 | M3: 30.92 | N3: 30.83 | O3: 30.86 | P3: =(H3-D3)/D3*100 -> 270.66667 | Q3: =(L3-D3)/D3*100 -> 285.33333 | R3: =E3*F3*G3/1000 -> 27.530679 | S3: =I3*J3*K3/1000 -> 28.971389 | T3: =M3*N3*O3/1000 -> 29.417715 | U3: =(S3-R3)/R3*100 -> 5.2331093 | V3: =(T3-S3)/S3*100 -> 1.5405732
C4: 13 | D4: 7.3 | E4: 30.5 | F4: 30.52 | G4: 30.3 | H4: 28.4 | I4: 30.87 | J4: 30.88 | K4: 30.51 | L4: 29 | M4: 30.79 | N4: 30.84 | O4: 30.63 | P4: =(H4-D4)/D4*100 -> 289.0411 | Q4: =(L4-D4)/D4*100 -> 297.26027 | R4: =E4*F4*G4/1000 -> 28.205058 | S4: =I4*J4*K4/1000 -> 29.084133 | T4: =M4*N4*O4/1000 -> 29.085133 | U4: =(S4-R4)/R4*100 -> 3.1167298 | V4: =(T4-S4)/S4*100 -> 0.0034369668
C5: 18 | D5: 9.2 | E5: 30.83 | F5: 30.97 | G5: 31.49 | H5: 30.7 | I5: 31.46 | J5: 31.22 | K5: 32.07 | L5: 31.4 | M5: 31.19 | N5: 31.08 | O5: 32.24 | P5: =(H5-D5)/D5*100 -> 233.69565 | Q5: =(L5-D5)/D5*100 -> 241.30435 | R5: =E5*F5*G5/1000 -> 30.066813 | S5: =I5*J5*K5/1000 -> 31.498551 | T5: =M5*N5*O5/1000 -> 31.252979 | U5: =(S5-R5)/R5*100 -> 4.7618565 | V5: =(T5-S5)/S5*100 -> -0.77963026
C6: 105 | D6: 7.6 | E6: 30.58 | F6: 30.35 | G6: 29.8 | H6: 27.8 | I6: 31.03 | J6: 30.69 | K6: 30.65 | L6: 28.6 | M6: 31.07 | N6: 30.75 | O6: 30.66 | P6: =(H6-D6)/D6*100 -> 265.78947 | Q6: =(L6-D6)/D6*100 -> 276.31579 | R6: =E6*F6*G6/1000 -> 27.657469 | S6: =I6*J6*K6/1000 -> 29.188323 | T6: =M6*N6*O6/1000 -> 29.292641 | U6: =(S6-R6)/R6*100 -> 5.5350456 | V6: =(T6-S6)/S6*100 -> 0.3573953
C7: 113 | D7: 7 | E7: 30.62 | F7: 30.3 | G7: 30.03 | H7: 28.1 | I7: 31.21 | J7: 30.74 | K7: 30.3 | L7: 29 | M7: 31.05 | N7: 30.44 | O7: 30.55 | P7: =(H7-D7)/D7*100 -> 301.42857 | Q7: =(L7-D7)/D7*100 -> 314.28571 | R7: =E7*F7*G7/1000 -> 27.861414 | S7: =I7*J7*K7/1000 -> 29.069681 | T7: =M7*N7*O7/1000 -> 28.874699 | U7: =(S7-R7)/R7*100 -> 4.336704 | V7: =(T7-S7)/S7*100 -> -0.67073843
B8: Sl2 | C8: 34 | D8: 6.2 | E8: 30.35 | F8: 30.5 | G8: 30.36 | H8: 25.4 | I8: 30.89 | J8: 30.59 | K8: 30.93 | L8: 26.3 | M8: 30.61 | N8: 30.46 | O8: 30.93 | P8: =(H8-D8)/D8*100 -> 309.67742 | Q8: =(L8-D8)/D8*100 -> 324.19355 | R8: =E8*F8*G8/1000 -> 28.103493 | S8: =I8*J8*K8/1000 -> 29.226533 | T8: =M8*N8*O8/1000 -> 28.838532 | U8: =(S8-R8)/R8*100 -> 3.9960881 | V8: =(T8-S8)/S8*100 -> -1.3275655
C9: 40 | D9: 6.3 | E9: 30.66 | F9: 30.51 | G9: 30.78 | H9: 26.3 | I9: 31.2 | J9: 30.5 | K9: 31.73 | L9: 26.8 | M9: 31.13 | N9: 30.32 | O9: 31.64 | P9: =(H9-D9)/D9*100 -> 317.46032 | Q9: =(L9-D9)/D9*100 -> 325.39683 | R9: =E9*F9*G9/1000 -> 28.792739 | S9: =I9*J9*K9/1000 -> 30.194268 | T9: =M9*N9*O9/1000 -> 29.863781 | U9: =(S9-R9)/R9*100 -> 4.867649 | V9: =(T9-S9)/S9*100 -> -1.0945355
C10: 52 | D10: 6.3 | E10: 30.72 | F10: 30.47 | G10: 31.51 | H10: 26.3 | I10: 30.47 | J10: 30.32 | K10: 32.12 | L10: 27 | M10: 30.62 | N10: 30.41 | O10: 32.04 | P10: =(H10-D10)/D10*100 -> 317.46032 | Q10: =(L10-D10)/D10*100 -> 328.57143 | R10: =E10*F10*G10/1000 -> 29.49457 | S10: =I10*J10*K10/1000 -> 29.674075 | T10: =M10*N10*O10/1000 -> 29.834181 | U10: =(S10-R10)/R10*100 -> 0.60860309 | V10: =(T10-S10)/S10*100 -> 0.53954747
C11: 121 | D11: 6.4 | E11: 30.8 | F11: 30.34 | G11: 31.42 | H11: 26.2 | I11: 30.64 | J11: 30.18 | K11: 31.72 | L11: 26.6 | M11: 30.86 | N11: 30.32 | O11: 32.12 | P11: =(H11-D11)/D11*100 -> 309.375 | Q11: =(L11-D11)/D11*100 -> 315.625 | R11: =E11*F11*G11/1000 -> 29.36111 | S11: =I11*J11*K11/1000 -> 29.331966 | T11: =M11*N11*O11/1000 -> 30.053887 | U11: =(S11-R11)/R11*100 -> -0.099260879 | V11: =(T11-S11)/S11*100 -> 2.46121
C12: 136 | D12: 6.6 | E12: 30.84 | F12: 30.24 | G12: 31.8 | H12: 26.3 | I12: 30.68 | J12: 30.47 | K12: 32.19 | L12: 26.9 | M12: 30.64 | N12: 30.32 | O12: 32.03 | P12: =(H12-D12)/D12*100 -> 298.48485 | Q12: =(L12-D12)/D12*100 -> 307.57576 | R12: =E12*F12*G12/1000 -> 29.656731 | S12: =I12*J12*K12/1000 -> 30.091843 | T12: =M12*N12*O12/1000 -> 29.756024 | U12: =(S12-R12)/R12*100 -> 1.4671612 | V12: =(T12-S12)/S12*100 -> -1.1159808
B13: Sl3 | C13: 67 | D13: 7.5 | E13: 30.15 | F13: 30.89 | G13: 31.06 | H13: 27.6 | I13: 30.44 | J13: 30.92 | K13: 31.4 | L13: 28.3 | M13: 30.45 | N13: 31 | O13: 31.57 | P13: =(H13-D13)/D13*100 -> 268 | Q13: =(L13-D13)/D13*100 -> 277.33333 | R13: =E13*F13*G13/1000 -> 28.927219 | S13: =I13*J13*K13/1000 -> 29.553831 | T13: =M13*N13*O13/1000 -> 29.800501 | U13: =(S13-R13)/R13*100 -> 2.1661682 | V13: =(T13-S13)/S13*100 -> 0.83464909
C14: 71 | D14: 7.6 | E14: 30.58 | F14: 30.4 | G14: 31.41 | H14: 28.3 | I14: 31.11 | J14: 30.77 | K14: 31.68 | L14: 29.2 | M14: 31.12 | N14: 30.77 | O14: 31.53 | P14: =(H14-D14)/D14*100 -> 272.36842 | Q14: =(L14-D14)/D14*100 -> 284.21053 | R14: =E14*F14*G14/1000 -> 29.199741 | S14: =I14*J14*K14/1000 -> 30.325829 | T14: =M14*N14*O14/1000 -> 30.191942 | U14: =(S14-R14)/R14*100 -> 3.8564992 | V14: =(T14-S14)/S14*100 -> -0.44149304
C15: 141 | D15: 8 | E15: 30.5 | F15: 30.35 | G15: 31.35 | H15: 28 | I15: 30.87 | J15: 30.6 | K15: 31.92 | L15: 28 | M15: 30.8 | N15: 30.62 | O15: 31.64 | P15: =(H15-D15)/D15*100 -> 250 | Q15: =(L15-D15)/D15*100 -> 250 | R15: =E15*F15*G15/1000 -> 29.019911 | S15: =I15*J15*K15/1000 -> 30.152334 | T15: =M15*N15*O15/1000 -> 29.839557 | U15: =(S15-R15)/R15*100 -> 3.9022276 | V15: =(T15-S15)/S15*100 -> -1.037322
C16: 145 | D16: 8 | E16: 30.58 | F16: 30.33 | G16: 31.94 | H16: 26.9 | I16: 30.72 | J16: 30.42 | K16: 31.47 | L16: 27.6 | M16: 30.8 | N16: 30.06 | O16: 31.48 | P16: =(H16-D16)/D16*100 -> 236.25 | Q16: =(L16-D16)/D16*100 -> 245 | R16: =E16*F16*G16/1000 -> 29.624075 | S16: =I16*J16*K16/1000 -> 29.408791 | T16: =M16*N16*O16/1000 -> 29.145695 | U16: =(S16-R16)/R16*100 -> -0.72672239 | V16: =(T16-S16)/S16*100 -> -0.89461512
C17: 152 | D17: 8.2 | E17: 30.92 | F17: 30.25 | G17: 31.87 | H17: 28.3 | I17: 31.51 | J17: 30.59 | K17: 31.6 | L17: 28.8 | M17: 31.12 | N17: 30.22 | O17: 31.62 | P17: =(H17-D17)/D17*100 -> 245.12195 | Q17: =(L17-D17)/D17*100 -> 251.21951 | R17: =E17*F17*G17/1000 -> 29.808967 | S17: =I17*J17*K17/1000 -> 30.458952 | T17: =M17*N17*O17/1000 -> 29.736915 | U17: =(S17-R17)/R17*100 -> 2.1805027 | V17: =(T17-S17)/S17*100 -> -2.3705256
C18: 153 | D18: 7.7 | E18: 30.81 | F18: 29.84 | G18: 31 | H18: 27.7 | I18: 31.06 | J18: 30.81 | K18: 31.08 | L18: 28.4 | M18: 30.86 | N18: 30.27 | O18: 31.09 | P18: =(H18-D18)/D18*100 -> 259.74026 | Q18: =(L18-D18)/D18*100 -> 268.83117 | R18: =E18*F18*G18/1000 -> 28.500482 | S18: =I18*J18*K18/1000 -> 29.742273 | T18: =M18*N18*O18/1000 -> 29.04217 | U18: =(S18-R18)/R18*100 -> 4.3570873 | V18: =(T18-S18)/S18*100 -> -2.3538994
B19: Sl4 | C19: 80 | D19: 8.1 | E19: 31.13 | F19: 30.38 | G19: 31.42 | H19: 29.2 | I19: 31.65 | J19: 30.79 | K19: 31.2 | L19: 29.5 | M19: 31.73 | N19: 30.49 | O19: 30.75 | P19: =(H19-D19)/D19*100 -> 260.49383 | Q19: =(L19-D19)/D19*100 -> 264.19753 | R19: =E19*F19*G19/1000 -> 29.714818 | S19: =I19*J19*K19/1000 -> 30.404509 | T19: =M19*N19*O19/1000 -> 29.749017 | U19: =(S19-R19)/R19*100 -> 2.3210354 | V19: =(T19-S19)/S19*100 -> -2.1559053
C20: 85 | D20: 7.9 | E20: 30.79 | F20: 30.48 | G20: 30.5 | H20: 28.9 | I20: 31.05 | J20: 31.09 | K20: 30.87 | L20: 29.3 | M20: 31.29 | N20: 31.18 | O20: 30.88 | P20: =(H20-D20)/D20*100 -> 265.82278 | Q20: =(L20-D20)/D20*100 -> 270.88608 | R20: =E20*F20*G20/1000 -> 28.623616 | S20: =I20*J20*K20/1000 -> 29.800185 | T20: =M20*N20*O20/1000 -> 30.127214 | U20: =(S20-R20)/R20*100 -> 4.1104839 | V20: =(T20-S20)/S20*100 -> 1.0974053
C21: 95 | D21: 8.1 | E21: 30.13 | F21: 30.86 | G21: 32.62 | H21: 30 | I21: 30 | J21: 31.59 | K21: 32.6 | L21: 30.6 | M21: 30.29 | N21: 31.34 | O21: 33.07 | P21: =(H21-D21)/D21*100 -> 270.37037 | Q21: =(L21-D21)/D21*100 -> 277.77778 | R21: =E21*F21*G21/1000 -> 30.330461 | S21: =I21*J21*K21/1000 -> 30.89502 | T21: =M21*N21*O21/1000 -> 31.392974 | U21: =(S21-R21)/R21*100 -> 1.8613601 | V21: =(T21-S21)/S21*100 -> 1.6117614
C22: 160 | D22: 7.7 | E22: 31.26 | F22: 30.8 | G22: 31.01 | H22: 29.1 | I22: 30.42 | J22: 30.54 | K22: 31.32 | L22: 29.9 | M22: 30.59 | N22: 30.27 | O22: 31.5 | P22: =(H22-D22)/D22*100 -> 277.92208 | Q22: =(L22-D22)/D22*100 -> 288.31169 | R22: =E22*F22*G22/1000 -> 29.856676 | S22: =I22*J22*K22/1000 -> 29.097119 | T22: =M22*N22*O22/1000 -> 29.167718 | U22: =(S22-R22)/R22*100 -> -2.5440096 | V22: =(T22-S22)/S22*100 -> 0.2426308
C23: 166 | D23: 7.9 | E23: 30.94 | F23: 31.89 | G23: 30.6 | H23: 29.3 | I23: 30.77 | J23: 32.02 | K23: 30.24 | L23: 29.5 | M23: 30.91 | N23: 31.8 | O23: 30.03 | P23: =(H23-D23)/D23*100 -> 270.88608 | Q23: =(L23-D23)/D23*100 -> 273.41772 | R23: =E23*F23*G23/1000 -> 30.192304 | S23: =I23*J23*K23/1000 -> 29.794123 | T23: =M23*N23*O23/1000 -> 29.517628 | U23: =(S23-R23)/R23*100 -> -1.3188151 | V23: =(T23-S23)/S23*100 -> -0.9280191
A24: hito + sub | B24: Sl1 | C24: 2 | D24: 7.3 | E24: 30.42 | F24: 30.33 | G24: 30.24 | H24: 26.7 | I24: 30.58 | J24: 30.41 | K24: 30.85 | L24: 28.2 | M24: 30.52 | N24: 30.6 | O24: 30.58 | P24: =(H24-D24)/D24*100 -> 265.75342 | Q24: =(L24-D24)/D24*100 -> 286.30137 | R24: =E24*F24*G24/1000 -> 27.900591 | S24: =I24*J24*K24/1000 -> 28.688581 | T24: =M24*N24*O24/1000 -> 28.559029 | U24: =(S24-R24)/R24*100 -> 2.8242766 | V24: =(T24-S24)/S24*100 -> -0.45158096
C25: 6 | D25: 7.5 | E25: 30.3 | F25: 30.06 | G25: 30.54 | H25: 27.7 | I25: 30.69 | J25: 30.54 | K25: 30.65 | L25: 28.6 | M25: 30.83 | N25: 30.45 | O25: 30.43 | P25: =(H25-D25)/D25*100 -> 269.33333 | Q25: =(L25-D25)/D25*100 -> 281.33333 | R25: =E25*F25*G25/1000 -> 27.816382 | S25: =I25*J25*K25/1000 -> 28.727405 | T25: =M25*N25*O25/1000 -> 28.566878 | U25: =(S25-R25)/R25*100 -> 3.2751329 | V25: =(T25-S25)/S25*100 -> -0.55879598
C26: 16 | D26: 7 | E26: 30.74 | F26: 30.19 | G26: 31.12 | H26: 27.9 | I26: 31.26 | J26: 30.85 | K26: 31.51 | L26: 29 | M26: 31.19 | N26: 30.59 | O26: 31.21 | P26: =(H26-D26)/D26*100 -> 298.57143 | Q26: =(L26-D26)/D26*100 -> 314.28571 | R26: =E26*F26*G26/1000 -> 28.880623 | S26: =I26*J26*K26/1000 -> 30.38733 | T26: =M26*N26*O26/1000 -> 29.777527 | U26: =(S26-R26)/R26*100 -> 5.217016 | V26: =(T26-S26)/S26*100 -> -2.0067695
C27: 29 | D27: 7 | E27: 30.77 | F27: 30.13 | G27: 30.52 | H27: 26.7 | I27: 30.83 | J27: 30.34 | K27: 30.78 | L27: 28 | M27: 30.85 | N27: 30.22 | O27: 31.11 | P27: =(H27-D27)/D27*100 -> 281.42857 | Q27: =(L27-D27)/D27*100 -> 300 | R27: =E27*F27*G27/1000 -> 28.295095 | S27: =I27*J27*K27/1000 -> 28.791064 | T27: =M27*N27*O27/1000 -> 29.003449 | U27: =(S27-R27)/R27*100 -> 1.7528447 | V27: =(T27-S27)/S27*100 -> 0.7376749
C28: 117 | D28: 7.1 | E28: 30.06 | F28: 30.82 | G28: 29.86 | H28: 27.3 | I28: 30.26 | J28: 31.13 | K28: 30.33 | L28: 28 | M28: 30.24 | N28: 30.81 | O28: 29.94 | P28: =(H28-D28)/D28*100 -> 284.50704 | Q28: =(L28-D28)/D28*100 -> 294.3662 | R28: =E28*F28*G28/1000 -> 27.663773 | S28: =I28*J28*K28/1000 -> 28.570672 | T28: =M28*N28*O28/1000 -> 27.89493 | U28: =(S28-R28)/R28*100 -> 3.2782905 | V28: =(T28-S28)/S28*100 -> -2.3651583
B29: Sl2 | C29: 35 | D29: 6.4 | E29: 30.73 | F29: 30.27 | G29: 30.02 | H29: 25.2 | I29: 30.63 | J29: 30.48 | K29: 30.3 | L29: 26 | M29: 30.59 | N29: 30.42 | O29: 30.13 | P29: =(H29-D29)/D29*100 -> 293.75 | Q29: =(L29-D29)/D29*100 -> 306.25 | R29: =E29*F29*G29/1000 -> 27.924517 | S29: =I29*J29*K29/1000 -> 28.288153 | T29: =M29*N29*O29/1000 -> 28.037405 | U29: =(S29-R29)/R29*100 -> 1.3022097 | V29: =(T29-S29)/S29*100 -> -0.88640467
C30: 49 | D30: 6.4 | E30: 30.61 | F30: 30.99 | G30: 30.92 | H30: 25.6 | I30: 30.93 | J30: 30.33 | K30: 31.43 | L30: 26.8 | M30: 30.6 | N30: 31.16 | O30: 31.44 | P30: =(H30-D30)/D30*100 -> 300 | Q30: =(L30-D30)/D30*100 -> 318.75 | R30: =E30*F30*G30/1000 -> 29.330833 | S30: =I30*J30*K30/1000 -> 29.4847 | T30: =M30*N30*O30/1000 -> 29.977914 | U30: =(S30-R30)/R30*100 -> 0.52459226 | V30: =(T30-S30)/S30*100 -> 1.6727807
C31: 59 | D31: 6.4 | E31: 30.67 | F31: 30.28 | G31: 30.84 | H31: 25.3 | I31: 30.51 | J31: 30.68 | K31: 30.79 | L31: 26.5 | M31: 30.36 | N31: 30.68 | O31: 30.58 | P31: =(H31-D31)/D31*100 -> 295.3125 | Q31: =(L31-D31)/D31*100 -> 314.0625 | R31: =E31*F31*G31/1000 -> 28.640726 | S31: =I31*J31*K31/1000 -> 28.820881 | T31: =M31*N31*O31/1000 -> 28.483582 | U31: =(S31-R31)/R31*100 -> 0.62901824 | V31: =(T31-S31)/S31*100 -> -1.1703285
C32: 123 | D32: 6.2 | E32: 30.8 | F32: 30.14 | G32: 31.38 | H32: 26.2 | I32: 31.33 | J32: 30.4 | K32: 31.85 | L32: 26.7 | M32: 30.9 | N32: 30.24 | O32: 31.96 | P32: =(H32-D32)/D32*100 -> 322.58065 | Q32: =(L32-D32)/D32*100 -> 330.64516 | R32: =E32*F32*G32/1000 -> 29.130431 | S32: =I32*J32*K32/1000 -> 30.334959 | T32: =M32*N32*O32/1000 -> 29.863935 | U32: =(S32-R32)/R32*100 -> 4.1349497 | V32: =(T32-S32)/S32*100 -> -1.5527426
C33: 130 | D33: 6.1 | E33: 31.06 | F33: 30.36 | G33: 30.64 | H33: 26 | I33: 30.74 | J33: 30.54 | K33: 31.03 | L33: 27 | M33: 30.93 | N33: 30.45 | O33: 30.98 | P33: =(H33-D33)/D33*100 -> 326.22951 | Q33: =(L33-D33)/D33*100 -> 342.62295 | R33: =E33*F33*G33/1000 -> 28.892956 | S33: =I33*J33*K33/1000 -> 29.130952 | T33: =M33*N33*O33/1000 -> 29.177537 | U33: =(S33-R33)/R33*100 -> 0.82371413 | V33: =(T33-S33)/S33*100 -> 0.15991768
B34: Sl3 | C34: 168 | D34: 7.4 | E34: 30.3 | F34: 30.38 | G34: 29.85 | H34: 25.2 | I34: 30.95 | J34: 30.36 | K34: 30.48 | L34: 26.1 | M34: 30.39 | N34: 30.25 | O34: 30.13 | P34: =(H34-D34)/D34*100 -> 240.54054 | Q34: =(L34-D34)/D34*100 -> 252.7027 | R34: =E34*F34*G34/1000 -> 27.477343 | S34: =I34*J34*K34/1000 -> 28.640288 | T34: =M34*N34*O34/1000 -> 27.698434 | U34: =(S34-R34)/R34*100 -> 4.2323789 | V34: =(T34-S34)/S34*100 -> -3.288565
C35: 187 | D35: 7.3 | E35: 30.32 | F35: 30.98 | G35: 30.46 | H35: 26 | I35: 30.16 | J35: 30.78 | K35: 30.45 | L35: 26.9 | M35: 29.61 | N35: 30.5 | O35: 30.08 | P35: =(H35-D35)/D35*100 -> 256.16438 | Q35: =(L35-D35)/D35*100 -> 268.49315 | R35: =E35*F35*G35/1000 -> 28.611492 | S35: =I35*J35*K35/1000 -> 28.26749 | T35: =M35*N35*O35/1000 -> 27.165398 | U35: =(S35-R35)/R35*100 -> -1.2023214 | V35: =(T35-S35)/S35*100 -> -3.8987959
C36: 189 | D36: 7.5 | E36: 30.43 | F36: 30.58 | G36: 30.21 | H36: 25.3 | I36: 30.06 | J36: 30.29 | K36: 30.39 | L36: 26.2 | M36: 29.63 | N36: 30.32 | O36: 30.51 | P36: =(H36-D36)/D36*100 -> 237.33333 | Q36: =(L36-D36)/D36*100 -> 249.33333 | R36: =E36*F36*G36/1000 -> 28.111897 | S36: =I36*J36*K36/1000 -> 27.670624 | T36: =M36*N36*O36/1000 -> 27.409623 | U36: =(S36-R36)/R36*100 -> -1.569704 | V36: =(T36-S36)/S36*100 -> -0.94324281
C37: 191 | D37: 7.6 | E37: 29.99 | F37: 30.93 | G37: 30.88 | H37: 26 | I37: 30.09 | J37: 30.87 | K37: 30.54 | L37: 26.7 | M37: 30.15 | N37: 30.74 | O37: 30.15 | P37: =(H37-D37)/D37*100 -> 242.10526 | Q37: =(L37-D37)/D37*100 -> 251.31579 | R37: =E37*F37*G37/1000 -> 28.644001 | S37: =I37*J37*K37/1000 -> 28.367943 | T37: =M37*N37*O37/1000 -> 27.943352 | U37: =(S37-R37)/R37*100 -> -0.96375341 | V37: =(T37-S37)/S37*100 -> -1.4967304
C38: 193 | D38: 7.6 | E38: 30.09 | F38: 30.42 | G38: 29.65 | H38: 25.9 | I38: 30.17 | J38: 30.23 | K38: 30.13 | L38: 26.3 | M38: 30.23 | N38: 30.37 | O38: 30.09 | P38: =(H38-D38)/D38*100 -> 240.78947 | Q38: =(L38-D38)/D38*100 -> 246.05263 | R38: =E38*F38*G38/1000 -> 27.139766 | S38: =I38*J38*K38/1000 -> 27.479738 | T38: =M38*N38*O38/1000 -> 27.625181 | U38: =(S38-R38)/R38*100 -> 1.2526722 | V38: =(T38-S38)/S38*100 -> 0.52927206
B39: Sl4 | C39: 78 | D39: 8.1 | E39: 31.37 | F39: 30.78 | G39: 30.9 | H39: 28.2 | I39: 31.43 | J39: 30.71 | K39: 30.9 | L39: 29.2 | M39: 31.9 | N39: 30.77 | O39: 30.55 | P39: =(H39-D39)/D39*100 -> 248.14815 | Q39: =(L39-D39)/D39*100 -> 260.49383 | R39: =E39*F39*G39/1000 -> 29.83607 | S39: =I39*J39*K39/1000 -> 29.825153 | T39: =M39*N39*O39/1000 -> 29.98675 | U39: =(S39-R39)/R39*100 -> -0.036589839 | V39: =(T39-S39)/S39*100 -> 0.54181409
C40: 89 | D40: 8.6 | E40: 30.6 | F40: 30.62 | G40: 33.14 | H40: 29.4 | I40: 30.37 | J40: 30.81 | K40: 33.63 | L40: 30.1 | M40: 30.34 | N40: 30.68 | O40: 33.67 | P40: =(H40-D40)/D40*100 -> 241.86047 | Q40: =(L40-D40)/D40*100 -> 250 | R40: =E40*F40*G40/1000 -> 31.051252 | S40: =I40*J40*K40/1000 -> 31.467581 | T40: =M40*N40*O40/1000 -> 31.341087 | U40: =(S40-R40)/R40*100 -> 1.3407795 | V40: =(T40-S40)/S40*100 -> -0.40198326
C41: 94 | D41: 8.1 | E41: 30.45 | F41: 32.9 | G41: 30.92 | H41: 26.6 | I41: 30.6 | J41: 32.86 | K41: 30.88 | L41: 28.8 | M41: 30.86 | N41: 33.37 | O41: 30.68 | P41: =(H41-D41)/D41*100 -> 228.39506 | Q41: =(L41-D41)/D41*100 -> 255.55556 | R41: =E41*F41*G41/1000 -> 30.975811 | S41: =I41*J41*K41/1000 -> 31.050334 | T41: =M41*N41*O41/1000 -> 31.594209 | U41: =(S41-R41)/R41*100 -> 0.24058605 | V41: =(T41-S41)/S41*100 -> 1.7515905
C42: 155 | D42: 8.2 | E42: 30.8 | F42: 30.32 | G42: 31.65 | H42: 28.5 | I42: 30.82 | J42: 30.44 | K42: 31.49 | L42: 29.1 | M42: 30.91 | N42: 30.65 | O42: 31.66 | P42: =(H42-D42)/D42*100 -> 247.56098 | Q42: =(L42-D42)/D42*100 -> 254.87805 | R42: =E42*F42*G42/1000 -> 29.556542 | S42: =I42*J42*K42/1000 -> 29.542684 | T42: =M42*N42*O42/1000 -> 29.994415 | U42: =(S42-R42)/R42*100 -> -0.046889138 | V42: =(T42-S42)/S42*100 -> 1.5290801
C43: 165 | D43: 8 | E43: 30.64 | F43: 30.6 | G43: 31.19 | H43: 28.6 | I43: 30.7 | J43: 30.3 | K43: 31.31 | L43: 29.5 | M43: 30.92 | N43: 30.04 | O43: 31.6 | P43: =(H43-D43)/D43*100 -> 257.5 | Q43: =(L43-D43)/D43*100 -> 268.75 | R43: =E43*F43*G43/1000 -> 29.243245 | S43: =I43*J43*K43/1000 -> 29.124875 | T43: =M43*N43*O43/1000 -> 29.351243 | U43: =(S43-R43)/R43*100 -> -0.40477676 | V43: =(T43-S43)/S43*100 -> 0.77723176

Sheet ūd sorbcija Sa
D1: 0h | H1: 2h | L1: 24h | P1: Ūdens uzsūcamība (%) | R1: Tilpums, cm3 | U1: Tilpuma izmaiņas (%)
A2: Apstrāde | B2: substrāts | C2: id | D2: masa (g) | E2: garums mm | F2: platums mm | G2: augstums mm | H2: masa (g) | I2: garums mm | J2: platums mm | K2: augstums mm | L2: masa (g) | M2: garums mm | N2: platums mm | O2: augstums mm | P2: pēc 2h | Q2: pēc 24h | R2: pirms | S2: pēc 2h | T2: pēc 24h | U2: pēc 2h | V2: pēc 24h
A3: sub | B3: WS1 | C3: 291 | D3: 4.2 | E3: 29.96 | F3: 31.25 | G3: 29.9 | H3: 19 | I3: 29.97 | J3: 30.74 | K3: 30.74 | L3: 20.8 | M3: 30.09 | N3: 30.8 | O3: 31.15 | P3: =(H3-D3)/D3*100 -> 352.38095 | Q3: =(L3-D3)/D3*100 -> 395.2381 | R3: =E3*F3*G3/1000 -> 27.993875 | S3: =I3*J3*K3/1000 -> 28.32008 | T3: =M3*N3*O3/1000 -> 28.868948 | U3: =(S3-R3)/R3*100 -> 1.1652712 | V3: =(T3-S3)/S3*100 -> 1.9380886
A4: sub | B4: WS1 | C4: 292 | D4: 4.5 | E4: 31.16 | F4: 30.57 | G4: 30.74 | H4: 22.4 | I4: 30.49 | J4: 30.12 | K4: 31.34 | L4: 22.7 | M4: 30.25 | N4: 30.22 | O4: 31.05 | P4: =(H4-D4)/D4*100 -> 397.77778 | Q4: =(L4-D4)/D4*100 -> 404.44444 | R4: =E4*F4*G4/1000 -> 29.281731 | S4: =I4*J4*K4/1000 -> 28.781365 | T4: =M4*N4*O4/1000 -> 28.384513 | U4: =(S4-R4)/R4*100 -> -1.7088009 | V4: =(T4-S4)/S4*100 -> -1.3788507
A5: sub | B5: WS1 | C5: 293 | D5: 4.6 | E5: 30.86 | F5: 30.84 | G5: 30.83 | H5: 19.4 | I5: 30.78 | J5: 30.67 | K5: 31.53 | L5: 22.6 | M5: 29.88 | N5: 30.55 | O5: 30.95 | P5: =(H5-D5)/D5*100 -> 321.73913 | Q5: =(L5-D5)/D5*100 -> 391.30435 | R5: =E5*F5*G5/1000 -> 29.341602 | S5: =I5*J5*K5/1000 -> 29.765033 | T5: =M5*N5*O5/1000 -> 28.252212 | U5: =(S5-R5)/R5*100 -> 1.443108 | V5: =(T5-S5)/S5*100 -> -5.082542
A6: sub | B6: WS1 | C6: 294 | D6: 3.9 | E6: 30.32 | F6: 30.64 | G6: 30.92 | H6: 17.7 | I6: 29.66 | J6: 30.15 | K6: 31.75 | L6: 19.1 | M6: 29.8 | N6: 30.2 | O6: 30.25 | P6: =(H6-D6)/D6*100 -> 353.84615 | Q6: =(L6-D6)/D6*100 -> 389.74359 | R6: =E6*F6*G6/1000 -> 28.724828 | S6: =I6*J6*K6/1000 -> 28.392406 | T6: =M6*N6*O6/1000 -> 27.22379 | U6: =(S6-R6)/R6*100 -> -1.157266 | V6: =(T6-S6)/S6*100 -> -4.1159448
A7: sub | B7: WS1 | C7: 295 | D7: 4.3 | E7: 30.83 | F7: 30.52 | G7: 30.45 | H7: 18.2 | I7: 29.6 | J7: 29.73 | K7: 30.73 | L7: 21.7 | M7: 30.75 | N7: 29.23 | O7: 30.67 | P7: =(H7-D7)/D7*100 -> 323.25581 | Q7: =(L7-D7)/D7*100 -> 404.65116 | R7: =E7*F7*G7/1000 -> 28.651367 | S7: =I7*J7*K7/1000 -> 27.042646 | T7: =M7*N7*O7/1000 -> 27.566886 | U7: =(S7-R7)/R7*100 -> -5.6148154 | V7: =(T7-S7)/S7*100 -> 1.9385686
A8: sub | B8: WS2 | C8: 316 | D8: 5.1 | E8: 30.4 | F8: 30.85 | G8: 31.99 | H8: 25.1 | I8: 30.22 | J8: 30.91 | K8: 31.97 | L8: 25.4 | M8: 30.47 | N8: 30.7 | O8: 31.74 | P8: =(H8-D8)/D8*100 -> 392.15686 | Q8: =(L8-D8)/D8*100 -> 398.03922 | R8: =E8*F8*G8/1000 -> 30.001502 | S8: =I8*J8*K8/1000 -> 29.863183 | T8: =M8*N8*O8/1000 -> 29.690516 | U8: =(S8-R8)/R8*100 -> -0.46103761 | V8: =(T8-S8)/S8*100 -> -0.57819333
A9: sub | B9: WS2 | C9: 317 | D9: 5.1 | E9: 31.84 | F9: 31.43 | G9: 31.15 | H9: 25.1 | I9: 30.79 | J9: 30.93 | K9: 31.69 | L9: 25.5 | M9: 31.15 | N9: 31.03 | O9: 31.66 | P9: =(H9-D9)/D9*100 -> 392.15686 | Q9: =(L9-D9)/D9*100 -> 400 | R9: =E9*F9*G9/1000 -> 31.172777 | S9: =I9*J9*K9/1000 -> 30.179487 | T9: =M9*N9*O9/1000 -> 30.602065 | U9: =(S9-R9)/R9*100 -> -3.1864028 | V9: =(T9-S9)/S9*100 -> 1.4002181
A10: sub | B10: WS2 | C10: 318 | D10: 5.3 | E10: 30.63 | F10: 31.05 | G10: 31.49 | H10: 25.4 | I10: 30.35 | J10: 31.04 | K10: 31.69 | L10: 25.9 | M10: 30.47 | N10: 31.26 | O10: 32.03 | P10: =(H10-D10)/D10*100 -> 379.24528 | Q10: =(L10-D10)/D10*100 -> 388.67925 | R10: =E10*F10*G10/1000 -> 29.948927 | S10: =I10*J10*K10/1000 -> 29.854008 | T10: =M10*N10*O10/1000 -> 30.508325 | U10: =(S10-R10)/R10*100 -> -0.31693448 | V10: =(T10-S10)/S10*100 -> 2.1917225
A11: sub | B11: WS2 | C11: 319 | D11: 5.3 | E11: 30.71 | F11: 31.21 | G11: 31.69 | H11: 25.6 | I11: 30.75 | J11: 31.31 | K11: 32.5 | L11: 26.2 | M11: 30.28 | N11: 30.99 | O11: 32.47 | P11: =(H11-D11)/D11*100 -> 383.01887 | Q11: =(L11-D11)/D11*100 -> 394.33962 | R11: =E11*F11*G11/1000 -> 30.373569 | S11: =I11*J11*K11/1000 -> 31.290431 | T11: =M11*N11*O11/1000 -> 30.469108 | U11: =(S11-R11)/R11*100 -> 3.0186192 | V11: =(T11-S11)/S11*100 -> -2.6248394
A12: sub | B12: WS2 | C12: 320 | D12: 5.4 | E12: 31.23 | F12: 30.85 | G12: 32.01 | H12: 24.2 | I12: 31.01 | J12: 30.89 | K12: 32.74 | L12: 26.3 | M12: 30.98 | N12: 30.8 | O12: 32.81 | P12: =(H12-D12)/D12*100 -> 348.14815 | Q12: =(L12-D12)/D12*100 -> 387.03704 | R12: =E12*F12*G12/1000 -> 30.83989 | S12: =I12*J12*K12/1000 -> 31.36161 | T12: =M12*N12*O12/1000 -> 31.306777 | U12: =(S12-R12)/R12*100 -> 1.6917036 | V12: =(T12-S12)/S12*100 -> -0.17484098
A13: sub | B13: WS3 | C13: 241 | D13: 5.8 | E13: 31.11 | F13: 30.97 | G13: 30.61 | H13: 21.2 | I13: 30.59 | J13: 30.53 | K13: 31.53 | L13: 25.7 | M13: 30.81 | N13: 30.51 | O13: 31.64 | P13: =(H13-D13)/D13*100 -> 265.51724 | Q13: =(L13-D13)/D13*100 -> 343.10345 | R13: =E13*F13*G13/1000 -> 29.492022 | S13: =I13*J13*K13/1000 -> 29.446267 | T13: =M13*N13*O13/1000 -> 29.742014 | U13: =(S13-R13)/R13*100 -> -0.15514147 | V13: =(T13-S13)/S13*100 -> 1.0043618
A14: sub | B14: WS3 | C14: 242 | D14: 6 | E14: 31.17 | F14: 30.31 | G14: 31.01 | H14: 22.9 | I14: 30.83 | J14: 30.25 | K14: 31.75 | L14: 26.5 | M14: 31.1 | N14: 30.57 | O14: 32.12 | P14: =(H14-D14)/D14*100 -> 281.66667 | Q14: =(L14-D14)/D14*100 -> 341.66667 | R14: =E14*F14*G14/1000 -> 29.297091 | S14: =I14*J14*K14/1000 -> 29.610288 | T14: =M14*N14*O14/1000 -> 30.537351 | U14: =(S14-R14)/R14*100 -> 1.0690372 | V14: =(T14-S14)/S14*100 -> 3.1308818
... A42: hito_sub | B42: WS4 | C42: 216 | D42: 4.6 | E42: 29.71 | F42: 29.81 | G42: 29.99 | H42: 13.7 | I42: 30.26 | J42: 31.17 | K42: 30.43 | L42: 18.7 | M42: 29.83 | N42: 30.93 | O42: 30.09 | P42: =(H42-D42)/D42*100 -> 197.82609 | Q42: =(L42-D42)/D42*100 -> 306.52174 | R42: =E42*F42*G42/1000 -> 26.560796 | S42: =I42*J42*K42/1000 -> 28.701704 | T42: =M42*N42*O42/1000 -> 27.762295 | U42: =(S42-R42)/R42*100 -> 8.0604035 | V42: =(T42-S42)/S42*100 -> -3.2730079

Sheet ūd_sorbc_statistikai
A1: apstrade | B1: substrate | C1: id | D1: time | E1: hito_g_g_mk | F1: sub_sk_g_g_mk | G1: delta_m | H1: delta_v | I1: delta_m_mo | J1: mo | K1: m2 | L1: masa | M1: kond_masa_bez_apst | N1: delt_m_kond | O1: udens | P1: tilpumprocenti | Q1: tilpums
A2: sub | B2: BSD1 | C2: 7 | D2: 0 | E2: 0 | F2: 0.6036036 | G2: 0 | H2: 0 | I2: 0 | J2: 4.44 | K2: 7.12 | L2: 7.5 | M2: =L2-(K2-J2) -> 4.82 | N2: 0 | O2: 0 | P2: =O2/Q2*100 -> 0 | Q2: 27.530679
A3: sub | B3: BSD1 | C3: 13 | D3: 0 | E3: 0 | F3: 0.52078775 | G3: 0 | H3: 0 | I3: 0 | J3: 4.57 | K3: 6.95 | L3: 7.3 | M3: =L3-(K3-J3) -> 4.92 | N3: 0 | O3: 0 | P3: =O3/Q3*100 -> 0 | Q3: 28.205058
A4: sub | B4: BSD1 | C4: 18 | D4: 0 | E4: 0 | F4: 0.43993506 | G4: 0 | H4: 0 | I4: 0 | J4: 6.16 | K4: 8.87 | L4: 9.2 | M4: =L4-(K4-J4) -> 6.49 | N4: 0 | O4: 0 | P4: =O4/Q4*100 -> 0 | Q4: 30.066813
A5: sub | B5: BSD1 | C5: 105 | D5: 0 | E5: 0 | F5: 0.59388646 | G5: 0 | H5: 0 | I5: 0 | J5: 4.58 | K5: 7.3 | L5: 7.6 | M5: =L5-(K5-J5) -> 4.88 | N5: 0 | O5: 0 | P5: =O5/Q5*100 -> 0 | Q5: 27.657469
A6: sub | B6: BSD1 | C6: 113 | D6: 0 | E6: 0 | F6: 0.57476636 | G6: 0 | H6: 0 | I6: 0 | J6: 4.28 | K6: 6.74 | L6: 7 | M6: =L6-(K6-J6) -> 4.54 | N6: 0 | O6: 0 | P6: =O6/Q6*100 -> 0 | Q6: 27.861414
A7: sub | B7: BSD2 | C7: 34 | D7: 0 | E7: 0 | F7: 0.87106918 | G7: 0 | H7: 0 | I7: 0 | J7: 3.18 | K7: 5.95 | L7: 6.2 | M7: =L7-(K7-J7) -> 3.43 | N7: 0 | O7: 0 | P7: =O7/Q7*100 -> 0 | Q7: 28.103493
A8: sub | B8: BSD2 | C8: 40 | D8: 0 | E8: 0 | F8: 0.83383686 | G8: 0 | H8: 0 | I8: 0 | J8: 3.31 | K8: 6.07 | L8: 6.3 | M8: =L8-(K8-J8) -> 3.54 | N8: 0 | O8: 0 | P8: =O8/Q8*100 -> 0 | Q8: 28.792739
A9: sub | B9: BSD2 | C9: 52 | D9: 0 | E9: 0 | F9: 0.80177515 | G9: 0 | H9: 0 | I9: 0 | J9: 3.38 | K9: 6.09 | L9: 6.3 | M9: =L9-(K9-J9) -> 3.59 | N9: 0 | O9: 0 | P9: =O9/Q9*100 -> 0 | Q9: 29.49457
A10: sub | B10: BSD2 | C10: 121 | D10: 0 | E10: 0 | F10: 0.8 | G10: 0 | H10: 0 | I10: 0 | J10: 3.45 | K10: 6.21 | L10: 6.4 | M10: =L10-(K10-J10) -> 3.64 | N10: 0 | O10: 0 | P10: =O10/Q10*100 -> 0 | Q10: 29.36111
A11: sub | B11: BSD2 | C11: 136 | D11: 0 | E11: 0 | F11: 0.82708934 | G11: 0 | H11: 0 | I11: 0 | J11: 3.47 | K11: 6.34 | L11: 6.6 | M11: =L11-(K11-J11) -> 3.73 | N11: 0 | O11: 0 | P11: =O11/Q11*100 -> 0 | Q11: 29.656731
A12: sub | B12: BSD3 | C12: 67 | D12: 0 | E12: 0 | F12: 0.5745614 | G12: 0 | H12: 0 | I12: 0 | J12: 4.56 | K12: 7.18 | L12: 7.5 | M12: =L12-(K12-J12) -> 4.88 | N12: 0 | O12: 0 | P12: =O12/Q12*100 -> 0 | Q12: 28.927219
A13: sub | B13: BSD3 | C13: 71 | D13: 0 | E13: 0 | F13: 0.61538462 | G13: 0 | H13: 0 | I13: 0 | J13: 4.55 | K13: 7.35 | L13: 7.6 | M13: =L13-(K13-J13) -> 4.8 | N13: 0 | O13: 0 | P13: =O13/Q13*100 -> 0 | Q13: 29.199741
... A42: hito_sub | B42: BSD4 | C42: 165 | D42: 0 | E42: 0.060085837 | F42: 0.55870445 | G42: 0 | H42: 0 | I42: 0 | J42: 4.66 | K42: 7.7 | L42: 8 | M42: =L42-(K42-J42) -> 4.96 | N42: 0 | O42: 0 | P42: =O42/Q42*100 -> 0 | Q42: 29.243245
A43: sub | B43: BSD1 | C43: 7 | D43: 2 | E43: 0 | F43: 0.6036036 | G43: 270.66667 | H43: 5.2331093 | I43: 457.20721 | J43: 4.44 | K43: 7.12 | L43: 27.8 | M43: =L43-(K43-J43) -> 25.12 | N43: =(L43-L2)/M2*100 -> 421.16183 | O43: =L43-L2 -> 20.3 | P43: =O43/Q43*100 -> 70.069129 | Q43: 28.971389
A44: sub | B44: BSD1 | C44: 13 | D44: 2 | E44: 0 | F44: 0.52078775 | G44: 289.0411 | H44: 3.1167298 | I44: 461.70678 | J44: 4.57 | K44: 6.95 | L44: 28.4 | M44: =L44-(K44-J44) -> 26.02 | N44: =(L44-L3)/M3*100 -> 428.86179 | O44: =L44-L3 -> 21.1 | P44: =O44/Q44*100 -> 72.548147 | Q44: 29.084133
A45: sub | B45: BSD1 | C45: 18 | D45: 2 | E45: 0 | F45: 0.43993506 | G45: 233.69565 | H45: 4.7618565 | I45: 349.02597 | J45: 6.16 | K45: 8.87 | L45: 30.7 | M45: =L45-(K45-J45) -> 27.99 | N45: =(L45-L4)/M4*100 -> 331.27889 | O45: =L45-L4 -> 21.5 | P45: =O45/Q45*100 -> 68.257108 | Q45: 31.498551
A46: sub | B46: BSD1 | C46: 105 | D46: 2 | E46: 0 | F46: 0.59388646 | G46: 265.78947 | H46: 5.5350456 | I46: 441.04803 | J46: 4.58 | K46: 7.3 | L46: 27.8 | M46: =L46-(K46-J46) -> 25.08 | N46: =(L46-L5)/M5*100 -> 413.93443 | O46: =L46-L5 -> 20.2 | P46: =O46/Q46*100 -> 69.205757 | Q46: 29.188323
A47: sub | B47: BSD1 | C47: 113 | D47: 2 | E47: 0 | F47: 0.57476636 | G47: 301.42857 | H47: 4.336704 | I47: 492.99065 | J47: 4.28 | K47: 6.74 | L47: 28.1 | M47: =L47-(K47-J47) -> 25.64 | N47: =(L47-L6)/M6*100 -> 464.75771 | O47: =L47-L6 -> 21.1 | P47: =O47/Q47*100 -> 72.584217 | Q47: 29.069681
A48: sub | B48: BSD2 | C48: 34 | D48: 2 | E48: 0 | F48: 0.87106918 | G48: 309.67742 | H48: 3.9960881 | I48: 603.77358 | J48: 3.18 | K48: 5.95 | L48: 25.4 | M48: =L48-(K48-J48) -> 22.63 | N48: =(L48-L7)/M7*100 -> 559.76676 | O48: =L48-L7 -> 19.2 | P48: =O48/Q48*100 -> 65.69373 | Q48: 29.226533
A49: sub | B49: BSD2 | C49: 40 | D49: 2 | E49: 0 | F49: 0.83383686 | G49: 317.46032 | H49: 4.867649 | I49: 604.22961 | J49: 3.31 | K49: 6.07 | L49: 26.3 | M49: =L49-(K49-J49) -> 23.54 | N49: =(L49-L8)/M8*100 -> 564.97175 | O49: =L49-L8 -> 20 | P49: =O49/Q49*100 -> 66.237738 | Q49: 30.194268
A50: sub | B50: BSD2 | C50: 52 | D50: 2 | E50: 0 | F50: 0.80177515 | G50: 317.46032 | H50: 0.60860309 | I50: 591.71598 | J50: 3.38 | K50: 6.09 | L50: 26.3 | M50: =L50-(K50-J50) -> 23.59 | N50: =(L50-L9)/M9*100 -> 557.10306 | O50: =L50-L9 -> 20 | P50: =O50/Q50*100 -> 67.3989 | Q50: 29.674075
A51: sub | B51: BSD2 | C51: 121 | D51: 2 | E51: 0 | F51: 0.8 | G51: 309.375 | H51: -0.099260879 | I51: 573.91304 | J51: 3.45 | K51: 6.21 | L51: 26.2 | M51: =L51-(K51-J51) -> 23.44 | N51: =(L51-L10)/M10*100 -> 543.95604 | O51: =L51-L10 -> 19.8 | P51: =O51/Q51*100 -> 67.503146 | Q51: 29.331966
A52: sub | B52: BSD2 | C52: 136 | D52: 2 | E52: 0 | F52: 0.82708934 | G52: 298.48485 | H52: 1.4671612 | I52: 567.72334 | J52: 3.47 | K52: 6.34 | L52: 26.3 | M52: =L52-(K52-J52) -> 23.43 | N52: =(L52-L11)/M11*100 -> 528.15013 | O52: =L52-L11 -> 19.7 | P52: =O52/Q52*100 -> 65.466246 | Q52: 30.091843
A53: sub | B53: BSD3 | C53: 67 | D53: 2 | E53: 0 | F53: 0.5745614 | G53: 268 | H53: 2.1661682 | I53: 440.78947 | J53: 4.56 | K53: 7.18 | L53: 27.6 | M53: =L53-(K53-J53) -> 24.98 | N53: =(L53-L12)/M12*100 -> 411.88525 | O53: =L53-L12 -> 20.1 | P53: =O53/Q53*100 -> 68.011488 | Q53: 29.553831
A54: sub | B54: BSD3 | C54: 71 | D54: 2 | E54: 0 | F54: 0.61538462 | G54: 272.36842 | H54: 3.8564992 | I54: 454.94505 | J54: 4.55 | K54: 7.35 | L54: 28.3 | M54: =L54-(K54-J54) -> 25.5 | N54: =(L54-L13)/M13*100 -> 431.25 | O54: =L54-L13 -> 20.7 | P54: =O54/Q54*100 -> 68.258645 | Q54: 30.325829
... A83: hito_sub | B83: BSD4 | C83: 165 | D83: 2 | E83: 0.060085837 | F83: 0.55870445 | G83: 257.5 | H83: -0.40477676 | I83: 442.06009 | J83: 4.66 | K83: 7.7 | L83: 28.6 | M83: =L83-(K83-J83) -> 25.56 | N83: =(L83-L42)/M42*100 -> 415.32258 | O83: =L83-L42 -> 20.6 | P83: =O83/Q83*100 -> 70.729917 | Q83: 29.124875
A84: sub | B84: BSD1 | C84: 7 | D84: 24 | E84: 0 | F84: 0.6036036 | G84: 285.33333 | H84: 1.5405732 | I84: 481.98198 | J84: 4.44 | K84: 7.12 | L84: 28.9 | M84: =L84-(K84-J84) -> 26.22 | N84: =(L84-L2)/M2*100 -> 443.9834 | O84: =L84-L2 -> 21.4 | P84: =O84/Q84*100 -> 72.745284 | Q84: 29.417715
A85: sub | B85: BSD1 | C85: 13 | D85: 24 | E85: 0 | F85: 0.52078775 | G85: 297.26027 | H85: 0.0034369668 | I85: 474.83589 | J85: 4.57 | K85: 6.95 | L85: 29 | M85: =L85-(K85-J85) -> 26.62 | N85: =(L85-L3)/M3*100 -> 441.05691 | O85: =L85-L3 -> 21.7 | P85: =O85/Q85*100 -> 74.608564 | Q85: 29.085133
A86: sub | B86: BSD1 | C86: 18 | D86: 24 | E86: 0 | F86: 0.43993506 | G86: 241.30435 | H86: -0.77963026 | I86: 360.38961 | J86: 6.16 | K86: 8.87 | L86: 31.4 | M86: =L86-(K86-J86) -> 28.69 | N86: =(L86-L4)/M4*100 -> 342.06471 | O86: =L86-L4 -> 22.2 | P86: =O86/Q86*100 -> 71.033229 | Q86: 31.252979
A87: sub | B87: BSD1 | C87: 105 | D87: 24 | E87: 0 | F87: 0.59388646 | G87: 276.31579 | H87: 0.3573953 | I87: 458.51528 | J87: 4.58 | K87: 7.3 | L87: 28.6 | M87: =L87-(K87-J87) -> 25.88 | N87: =(L87-L5)/M5*100 -> 430.32787 | O87: =L87-L5 -> 21 | P87: =O87/Q87*100 -> 71.690362 | Q87: 29.292641
A88: sub | B88: BSD1 | C88: 113 | D88: 24 | E88: 0 | F88: 0.57476636 | G88: 314.28571 | H88: -0.67073843 | I88: 514.01869 | J88: 4.28 | K88: 6.74 | L88: 29 | M88: =L88-(K88-J88) -> 26.54 | N88: =(L88-L6)/M6*100 -> 484.5815 | O88: =L88-L6 -> 22 | P88: =O88/Q88*100 -> 76.19127 | Q88: 28.874699
A89: sub | B89: BSD2 | C89: 34 | D89: 24 | E89: 0 | F89: 0.87106918 | G89: 324.19355 | H89: -1.3275655 | I89: 632.07547 | J89: 3.18 | K89: 5.95 | L89: 26.3 | M89: =L89-(K89-J89) -> 23.53 | N89: =(L89-L7)/M7*100 -> 586.00583 | O89: =L89-L7 -> 20.1 | P89: =O89/Q89*100 -> 69.698416 | Q89: 28.838532
A90: sub | B90: BSD2 | C90: 40 | D90: 24 | E90: 0 | F90: 0.83383686 | G90: 325.39683 | H90: -1.0945355 | I90: 619.33535 | J90: 3.31 | K90: 6.07 | L90: 26.8 | M90: =L90-(K90-J90) -> 24.04 | N90: =(L90-L8)/M8*100 -> 579.09605 | O90: =L90-L8 -> 20.5 | P90: =O90/Q90*100 -> 68.645025 | Q90: 29.863781
A91: sub | B91: BSD2 | C91: 52 | D91: 24 | E91: 0 | F91: 0.80177515 | G91: 328.57143 | H91: 0.53954747 | I91: 612.42604 | J91: 3.38 | K91: 6.09 | L91: 27 | M91: =L91-(K91-J91) -> 24.29 | N91: =(L91-L9)/M9*100 -> 576.60167 | O91: =L91-L9 -> 20.7 | P91: =O91/Q91*100 -> 69.383504 | Q91: 29.834181
A92: sub | B92: BSD2 | C92: 121 | D92: 24 | E92: 0 | F92: 0.8 | G92: 315.625 | H92: 2.46121 | I92: 585.50725 | J92: 3.45 | K92: 6.21 | L92: 26.6 | M92: =L92-(K92-J92) -> 23.84 | N92: =(L92-L10)/M10*100 -> 554.94505 | O92: =L92-L10 -> 20.2 | P92: =O92/Q92*100 -> 67.212603 | Q92: 30.053887
A93: sub | B93: BSD2 | C93: 136 | D93: 24 | E93: 0 | F93: 0.82708934 | G93: 307.57576 | H93: -1.1159808 | I93: 585.01441 | J93: 3.47 | K93: 6.34 | L93: 26.9 | M93: =L93-(K93-J93) -> 24.03 | N93: =(L93-L11)/M11*100 -> 544.23592 | O93: =L93-L11 -> 20.3 | P93: =O93/Q93*100 -> 68.221481 | Q93: 29.756024
A94: sub | B94: BSD3 | C94: 67 | D94: 24 | E94: 0 | F94: 0.5745614 | G94: 277.33333 | H94: 0.83464909 | I94: 456.14035 | J94: 4.56 | K94: 7.18 | L94: 28.3 | M94: =L94-(K94-J94) -> 25.68 | N94: =(L94-L12)/M12*100 -> 426.22951 | O94: =L94-L12 -> 20.8 | P94: =O94/Q94*100 -> 69.797483 | Q94: 29.800501
A95: sub | B95: BSD3 | C95: 71 | D95: 24 | E95: 0 | F95: 0.61538462 | G95: 284.21053 | H95: -0.44149304 | I95: 474.72527 | J95: 4.55 | K95: 7.35 | L95: 29.2 | M95: =L95-(K95-J95) -> 26.4 | N95: =(L95-L13)/M13*100 -> 450 | O95: =L95-L13 -> 21.6 | P95: =O95/Q95*100 -> 71.542267 | Q95: 30.191942
... A124: hito_sub | B124: BSD4 | C124: 165 | D124: 24 | E124: 0.060085837 | F124: 0.55870445 | G124: 268.75 | H124: 0.77723176 | I124: 461.37339 | J124: 4.66 | K124: 7.7 | L124: 29.5 | M124: =L124-(K124-J124) -> 26.46 | N124: =(L124-L42)/M42*100 -> 433.46774 | O124: =L124-L42 -> 21.5 | P124: =O124/Q124*100 -> 73.250731 | Q124: 29.351243
A125: sub | B125: WS1 | C125: 291 | D125: 0 | E125: 0 | F125: 0.95049505 | G125: 0 | H125: 0 | I125: 0 | J125: 2.02 | K125: 3.94 | L125: 4.2 | M125: =L125-(K125-J125) -> 2.28 | N125: 0 | O125: 0 | P125: =O125/Q125*100 -> 0 | Q125: 27.993875
A126: sub | B126: WS1 | C126: 292 | D126: 0 | E126: 0 | F126: 0.90625 | G126: 0 | H126: 0 | I126: 0 | J126: 2.24 | K126: 4.27 | L126: 4.5 | M126: =L126-(K126-J126) -> 2.47 | N126: 0 | O126: 0 | P126: =O126/Q126*100 -> 0 | Q126: 29.281731
A127: sub | B127: WS1 | C127: 293 | D127: 0 | E127: 0 | F127: 0.89177489 | G127: 0 | H127: 0 | I127: 0 | J127: 2.31 | K127: 4.37 | L127: 4.6 | M127: =L127-(K127-J127) -> 2.54 | N127: 0 | O127: 0 | P127: =O127/Q127*100 -> 0 | Q127: 29.341602
A128: sub | B128: WS1 | C128: 294 | D128: 0 | E128: 0 | F128: 0.83414634 | G128: 0 | H128: 0 | I128: 0 | J128: 2.05 | K128: 3.76 | L128: 3.9 | M128: =L128-(K128-J128) -> 2.19 | N128: 0 | O128: 0 | P128: =O128/Q128*100 -> 0 | Q128: 28.724828
A129: sub | B129: WS1 | C129: 295 | D129: 0 | E129: 0 | F129: 0.88127854 | G129: 0 | H129: 0 | I129: 0 | J129: 2.19 | K129: 4.12 | L129: 4.3 | M129: =L129-(K129-J129) -> 2.37 | N129: 0 | O129: 0 | P129: =O129/Q129*100 -> 0 | Q129: 28.651367
A130: sub | B130: WS2 | C130: 316 | D130: 0 | E130: 0 | F130: 0.80073801 | G130: 0 | H130: 0 | I130: 0 | J130: 2.71 | K130: 4.88 | L130: 5.1 | M130: =L130-(K130-J130) -> 2.93 | N130: 0 | O130: 0 | P130: =O130/Q130*100 -> 0 | Q130: 30.001502
A131: sub | B131: WS2 | C131: 317 | D131: 0 | E131: 0 | F131: 0.79411765 | G131: 0 | H131: 0 | I131: 0 | J131: 2.72 | K131: 4.88 | L131: 5.1 | M131: =L131-(K131-J131) -> 2.94 | N131: 0 | O131: 0 | P131: =O131/Q131*100 -> 0 | Q131: 31.172777
A132: sub | B132: WS2 | C132: 318 | D132: 0 | E132: 0 | F132: 0.77777778 | G132: 0 | H132: 0 | I132: 0 | J132: 2.79 | K132: 4.96 | L132: 5.3 | M132: =L132-(K132-J132) -> 3.13 | N132: 0 | O132: 0 | P132: =O132/Q132*100 -> 0 | Q132: 29.948927
A133: sub | B133: WS2 | C133: 319 | D133: 0 | E133: 0 | F133: 0.77385159 | G133: 0 | H133: 0 | I133: 0 | J133: 2.83 | K133: 5.02 | L133: 5.3 | M133: =L133-(K133-J133) -> 3.11 | N133: 0 | O133: 0 | P133: =O133/Q133*100 -> 0 | Q133: 30.373569
A134: sub | B134: WS2 | C134: 320 | D134: 0 | E134: 0 | F134: 0.79432624 | G134: 0 | H134: 0 | I134: 0 | J134: 2.82 | K134: 5.06 | L134: 5.4 | M134: =L134-(K134-J134) -> 3.16 | N134: 0 | O134: 0 | P134: =O134/Q134*100 -> 0 | Q134: 30.83989
A135: sub | B135: WS3 | C135: 241 | D135: 0 | E135: 0 | F135: 0.57758621 | G135: 0 | H135: 0 | I135: 0 | J135: 3.48 | K135: 5.49 | L135: 5.8 | M135: =L135-(K135-J135) -> 3.79 | N135: 0 | O135: 0 | P135: =O135/Q135*100 -> 0 | Q135: 29.492022
A136: sub | B136: WS3 | C136: 242 | D136: 0 | E136: 0 | F136: 0.56473829 | G136: 0 | H136: 0 | I136: 0 | J136: 3.63 | K136: 5.68 | L136: 6 | M136: =L136-(K136-J136) -> 3.95 | N136: 0 | O136: 0 | P136: =O136/Q136*100 -> 0 | Q136: 29.297091
... A144: sub | B144: WS4 | C144: 265 | D144: 0 | E144: 0 | F144: 0.83333333 | G144: 0 | H144: 0 | I144: 0 | J144: 2.34 | K144: 4.29 | L144: 4.5 | M144: =L144-(K144-J144) -> 2.55 | N144: 0 | O144: 0 | P144: =O144/Q144*100 -> 0 | Q144: 29.467665
A145: sub | B145: WS1 | C145: 291 | D145: 2 | E145: 0 | F145: 0.95049505 | G145: 352.38095 | H145: 1.1652712 | I145: =(L145-L125)/J125*100 -> 732.67327 | J145: 2.02 | K145: 3.94 | L145: 19 | M145: =L145-(K145-J145) -> 17.08 | N145: =(L145-L125)/M125*100 -> 649.12281 | O145: =L145-L125 -> 14.8 | P145: =O145/Q145*100 -> 52.25974 | Q145: 28.32008
A146: sub | B146: WS1 | C146: 292 | D146: 2 | E146: 0 | F146: 0.90625 | G146: 397.77778 | H146: -1.7088009 | I146: =(L146-L126)/J126*100 -> 799.10714 | J146: 2.24 | K146: 4.27 | L146: 22.4 | M146: =L146-(K146-J146) -> 20.37 | N146: =(L146-L126)/M126*100 -> 724.69636 | O146: =L146-L126 -> 17.9 | P146: =O146/Q146*100 -> 62.19302 | Q146: 28.781365
A147: sub | B147: WS1 | C147: 293 | D147: 2 | E147: 0 | F147: 0.89177489 | G147: 321.73913 | H147: 1.443108 | I147: =(L147-L127)/J127*100 -> 640.69264 | J147: 2.31 | K147: 4.37 | L147: 19.4 | M147: =L147-(K147-J147) -> 17.34 | N147: =(L147-L127)/M127*100 -> 582.67717 | O147: =L147-L127 -> 14.8 | P147: =O147/Q147*100 -> 49.722774 | Q147: 29.765033
A148: sub | B148: WS1 | C148: 294 | D148: 2 | E148: 0 | F148: 0.83414634 | G148: 353.84615 | H148: -1.157266 | I148: =(L148-L128)/J128*100 -> 673.17073 | J148: 2.05 | K148: 3.76 | L148: 17.7 | M148: =L148-(K148-J148) -> 15.99 | N148: =(L148-L128)/M128*100 -> 630.13699 | O148: =L148-L128 -> 13.8 | P148: =O148/Q148*100 -> 48.604546 | Q148: 28.392406
A149: sub | B149: WS1 | C149: 295 | D149: 2 | E149: 0 | F149: 0.88127854 | G149: 323.25581 | H149: -5.6148154 | I149: =(L149-L129)/J129*100 -> 634.7032 | J149: 2.19 | K149: 4.12 | L149: 18.2 | M149: =L149-(K149-J149) -> 16.27 | N149: =(L149-L129)/M129*100 -> 586.49789 | O149: =L149-L129 -> 13.9 | P149: =O149/Q149*100 -> 51.400296 | Q149: 27.042646
A150: sub | B150: WS2 | C150: 316 | D150: 2 | E150: 0 | F150: 0.80073801 | G150: 392.15686 | H150: -0.46103761 | I150: =(L150-L130)/J130*100 -> 738.00738 | J150: 2.71 | K150: 4.88 | L150: 25.1 | M150: =L150-(K150-J150) -> 22.93 | N150: =(L150-L130)/M130*100 -> 682.59386 | O150: =L150-L130 -> 20 | P150: =O150/Q150*100 -> 66.972096 | Q150: 29.863183
A151: sub | B151: WS2 | C151: 317 | D151: 2 | E151: 0 | F151: 0.79411765 | G151: 392.15686 | H151: -3.1864028 | I151: =(L151-L131)/J131*100 -> 735.29412 | J151: 2.72 | K151: 4.88 | L151: 25.1 | M151: =L151-(K151-J151) -> 22.94 | N151: =(L151-L131)/M131*100 -> 680.27211 | O151: =L151-L131 -> 20 | P151: =O151/Q151*100 -> 66.27018 | Q151: 30.179487
A152: sub | B152: WS2 | C152: 318 | D152: 2 | E152: 0 | F152: 0.77777778 | G152: 379.24528 | H152: -0.31693448 | I152: =(L152-L132)/J132*100 -> 720.43011 | J152: 2.79 | K152: 4.96 | L152: 25.4 | M152: =L152-(K152-J152) -> 23.23 | N152: =(L152-L132)/M132*100 -> 642.17252 | O152: =L152-L132 -> 20.1 | P152: =O152/Q152*100 -> 67.327643 | Q152: 29.854008
A153: sub | B153: WS2 | C153: 319 | D153: 2 | E153: 0 | F153: 0.77385159 | G153: 383.01887 | H153: 3.0186192 | I153: =(L153-L133)/J133*100 -> 717.31449 | J153: 2.83 | K153: 5.02 | L153: 25.6 | M153: =L153-(K153-J153) -> 23.41 | N153: =(L153-L133)/M133*100 -> 652.73312 | O153: =L153-L133 -> 20.3 | P153: =O153/Q153*100 -> 64.876063 | Q153: 31.290431
A154: sub | B154: WS2 | C154: 320 | D154: 2 | E154: 0 | F154: 0.79432624 | G154: 348.14815 | H154: 1.6917036 | I154: =(L154-L134)/J134*100 -> 666.66667 | J154: 2.82 | K154: 5.06 | L154: 24.2 | M154: =L154-(K154-J154) -> 21.96 | N154: =(L154-L134)/M134*100 -> 594.93671 | O154: =L154-L134 -> 18.8 | P154: =O154/Q154*100 -> 59.945902 | Q154: 31.36161
A155: sub | B155: WS3 | C155: 241 | D155: 2 | E155: 0 | F155: 0.57758621 | G155: 265.51724 | H155: -0.15514147 | I155: =(L155-L135)/J135*100 -> 442.52874 | J155: 3.48 | K155: 5.49 | L155: 21.2 | M155: =L155-(K155-J155) -> 19.19 | N155: =(L155-L135)/M135*100 -> 406.33245 | O155: =L155-L135 -> 15.4 | P155: =O155/Q155*100 -> 52.298649 | Q155: 29.446267
A156: sub | B156: WS3 | C156: 242 | D156: 2 | E156: 0 | F156: 0.56473829 | G156: 281.66667 | H156: 1.0690372 | I156: =(L156-L136)/J136*100 -> 465.56474 | J156: 3.63 | K156: 5.68 | L156: 22.9 | M156: =L156-(K156-J156) -> 20.85 | N156: =(L156-L136)/M136*100 -> 427.8481 | O156: =L156-L136 -> 16.9 | P156: =O156/Q156*100 -> 57.074757 | Q156: 29.610288
... A164: sub | B164: WS4 | C164: 265 | D164: 2 | E164: 0 | F164: 0.83333333 | G164: 391.11111 | H164: 1.0672248 | I164: =(L164-L144)/J144*100 -> 752.13675 | J164: 2.34 | K164: 4.29 | L164: 22.1 | M164: =L164-(K164-J164) -> 20.15 | N164: =(L164-L144)/M144*100 -> 690.19608 | O164: =L164-L144 -> 17.6 | P164: =O164/Q164*100 -> 59.095798 | Q164: 29.782151
A165: sub | B165: WS1 | C165: 291 | D165: 24 | E165: 0 | F165: 0.95049505 | G165: 395.2381 | H165: 1.9380886 | I165: =(L165-L125)/J125*100 -> 821.78218 | J165: 2.02 | K165: 3.94 | L165: 20.8 | M165: =L165-(K165-J165) -> 18.88 | N165: =(L165-L125)/M125*100 -> 728.07018 | O165: =L165-L125 -> 16.6 | P165: =O165/Q165*100 -> 57.50123 | Q165: 28.868948
A166: sub | B166: WS1 | C166: 292 | D166: 24 | E166: 0 | F166: 0.90625 | G166: 404.44444 | H166: -1.3788507 | I166: =(L166-L126)/J126*100 -> 812.5 | J166: 2.24 | K166: 4.27 | L166: 22.7 | M166: =L166-(K166-J166) -> 20.67 | N166: =(L166-L126)/M126*100 -> 736.84211 | O166: =L166-L126 -> 18.2 | P166: =O166/Q166*100 -> 64.119473 | Q166: 28.384513
A167: sub | B167: WS1 | C167: 293 | D167: 24 | E167: 0 | F167: 0.89177489 | G167: 391.30435 | H167: -5.082542 | I167: =(L167-L127)/J127*100 -> 779.22078 | J167: 2.31 | K167: 4.37 | L167: 22.6 | M167: =L167-(K167-J167) -> 20.54 | N167: =(L167-L127)/M127*100 -> 708.66142 | O167: =L167-L127 -> 18 | P167: =O167/Q167*100 -> 63.711825 | Q167: 28.252212
A168: sub | B168: WS1 | C168: 294 | D168: 24 | E168: 0 | F168: 0.83414634 | G168: 389.74359 | H168: -4.1159448 | I168: =(L168-L128)/J128*100 -> 741.46341 | J168: 2.05 | K168: 3.76 | L168: 19.1 | M168: =L168-(K168-J168) -> 17.39 | N168: =(L168-L128)/M128*100 -> 694.06393 | O168: =L168-L128 -> 15.2 | P168: =O168/Q168*100 -> 55.833519 | Q168: 27.22379
A169: sub | B169: WS1 | C169: 295 | D169: 24 | E169: 0 | F169: 0.88127854 | G169: 404.65116 | H169: 1.9385686 | I169: =(L169-L129)/J129*100 -> 794.52055 | J169: 2.19 | K169: 4.12 | L169: 21.7 | M169: =L169-(K169-J169) -> 19.77 | N169: =(L169-L129)/M129*100 -> 734.17722 | O169: =L169-L129 -> 17.4 | P169: =O169/Q169*100 -> 63.119207 | Q169: 27.566886
A170: sub | B170: WS2 | C170: 316 | D170: 24 | E170: 0 | F170: 0.80073801 | G170: 398.03922 | H170: -0.57819333 | I170: =(L170-L130)/J130*100 -> 749.07749 | J170: 2.71 | K170: 4.88 | L170: 25.4 | M170: =L170-(K170-J170) -> 23.23 | N170: =(L170-L130)/M130*100 -> 692.83276 | O170: =L170-L130 -> 20.3 | P170: =O170/Q170*100 -> 68.372 | Q170: 29.690516
A171: sub | B171: WS2 | C171: 317 | D171: 24 | E171: 0 | F171: 0.79411765 | G171: 400 | H171: 1.4002181 | I171: =(L171-L131)/J131*100 -> 750 | J171: 2.72 | K171: 4.88 | L171: 25.5 | M171: =L171-(K171-J171) -> 23.34 | N171: =(L171-L131)/M131*100 -> 693.87755 | O171: =L171-L131 -> 20.4 | P171: =O171/Q171*100 -> 66.662167 | Q171: 30.602065
A172: sub | B172: WS2 | C172: 318 | D172: 24 | E172: 0 | F172: 0.77777778 | G172: 388.67925 | H172: 2.1917225 | I172: =(L172-L132)/J132*100 -> 738.35125 | J172: 2.79 | K172: 4.96 | L172: 25.9 | M172: =L172-(K172-J172) -> 23.73 | N172: =(L172-L132)/M132*100 -> 658.14696 | O172: =L172-L132 -> 20.6 | P172: =O172/Q172*100 -> 67.522553 | Q172: 30.508325
A173: sub | B173: WS2 | C173: 319 | D173: 24 | E173: 0 | F173: 0.77385159 | G173: 394.33962 | H173: -2.6248394 | I173: =(L173-L133)/J133*100 -> 738.5159 | J173: 2.83 | K173: 5.02 | L173: 26.2 | M173: =L173-(K173-J173) -> 24.01 | N173: =(L173-L133)/M133*100 -> 672.02572 | O173: =L173-L133 -> 20.9 | P173: =O173/Q173*100 -> 68.594067 | Q173: 30.469108
A174: sub | B174: WS2 | C174: 320 | D174: 24 | E174: 0 | F174: 0.79432624 | G174: 387.03704 | H174: -0.17484098 | I174: =(L174-L134)/J134*100 -> 741.13475 | J174: 2.82 | K174: 5.06 | L174: 26.3 | M174: =L174-(K174-J174) -> 24.06 | N174: =(L174-L134)/M134*100 -> 661.39241 | O174: =L174-L134 -> 20.9 | P174: =O174/Q174*100 -> 66.758708 | Q174: 31.306777
A175: sub | B175: WS3 | C175: 241 | D175: 24 | E175: 0 | F175: 0.57758621 | G175: 343.10345 | H175: 1.0043618 | I175: =(L175-L135)/J135*100 -> 571.83908 | J175: 3.48 | K175: 5.49 | L175: 25.7 | M175: =L175-(K175-J175) -> 23.69 | N175: =(L175-L135)/M135*100 -> 525.06596 | O175: =L175-L135 -> 19.9 | P175: =O175/Q175*100 -> 66.908716 | Q175: 29.742014
A176: sub | B176: WS3 | C176: 242 | D176: 24 | E176: 0 | F176: 0.56473829 | G176: 341.66667 | H176: 3.1308818 | I176: =(L176-L136)/J136*100 -> 564.73829 | J176: 3.63 | K176: 5.68 | L176: 26.5 | M176: =L176-(K176-J176) -> 24.45 | N176: =(L176-L136)/M136*100 -> 518.98734 | O176: =L176-L136 -> 20.5 | P176: =O176/Q176*100 -> 67.130904 | Q176: 30.537351
... A184: sub | B184: WS4 | C184: 265 | D184: 24 | E184: 0 | F184: 0.83333333 | G184: 422.22222 | H184: 1.6058211 | I184: =(L184-L144)/J144*100 -> 811.96581 | J184: 2.34 | K184: 4.29 | L184: 23.5 | M184: =L184-(K184-J184) -> 21.55 | N184: =(L184-L144)/M144*100 -> 745.09804 | O184: =L184-L144 -> 19 | P184: =O184/Q184*100 -> 62.788332 | Q184: 30.260399
A185: hito_sub | B185: WS1 | C185: 106 | D185: 0 | E185: 0.027624309 | F185: 1.0322581 | G185: 0 | H185: 0 | I185: 0 | J185: 1.81 | K185: 3.78 | L185: 3.9 | M185: =L185-(K185-J185) -> 1.93 | N185: 0 | O185: 0 | P185: =O185/Q185*100 -> 0 | Q185: 23.606134
A186: hito_sub | B186: WS1 | C186: 307 | D186: 0 | E186: 0.081447964 | F186: 0.9958159 | G186: 0 | H186: 0 | I186: 0 | J186: 2.21 | K186: 4.77 | L186: 4.8 | M186: =L186-(K186-J186) -> 2.24 | N186: 0 | O186: 0 | P186: =O186/Q186*100 -> 0 | Q186: 28.147874
A187: hito_sub | B187: WS1 | C187: 310 | D187: 0 | E187: 0.06 | F187: 1.0377358 | G187: 0 | H187: 0 | I187: 0 | J187: 2 | K187: 4.32 | L187: 4.4 | M187: =L187-(K187-J187) -> 2.08 | N187: 0 | O187: 0 | P187: =O187/Q187*100 -> 0 | Q187: 28.360651
A188: hito_sub | B188: WS1 | C188: 286 | D188: 0 | E188: 0.084158416 | F188: 1.0410959 | G188: 0 | H188: 0 | I188: 0 | J188: 2.02 | K188: 4.47 | L188: 4.6 | M188: =L188-(K188-J188) -> 2.15 | N188: 0 | O188: 0 | P188: =O188/Q188*100 -> 0 | Q188: 28.51712
A189: hito_sub | B189: WS1 | C189: 328 | D189: 0 | E189: 0.23469388 | F189: 0.75206612 | G189: 0 | H189: 0 | I189: 0 | J189: 1.96 | K189: 4.24 | L189: 4.4 | M189: =L189-(K189-J189) -> 2.12 | N189: 0 | O189: 0 | P189: =O189/Q189*100 -> 0 | Q189: 29.329332
A190: hito_sub | B190: WS2 | C190: 206 | D190: 0 | E190: 0.071969697 | F190: 0.84452297 | G190: 0 | H190: 0 | I190: 0 | J190: 2.64 | K190: 5.22 | L190: 5.3 | M190: =L190-(K190-J190) -> 2.72 | N190: 0 | O190: 0 | P190: =O190/Q190*100 -> 0 | Q190: 29.074967
A191: hito_sub | B191: WS2 | C191: 312 | D191: 0 | E191: 0.052631579 | F191: 0.88928571 | G191: 0 | H191: 0 | I191: 0 | J191: 2.66 | K191: 5.29 | L191: 5.4 | M191: =L191-(K191-J191) -> 2.77 | N191: 0 | O191: 0 | P191: =O191/Q191*100 -> 0 | Q191: 29.0795
A192: hito_sub | B192: WS2 | C192: 315 | D192: 0 | E192: 0.066176471 | F192: 0.88965517 | G192: 0 | H192: 0 | I192: 0 | J192: 2.72 | K192: 5.48 | L192: 5.6 | M192: =L192-(K192-J192) -> 2.84 | N192: 0 | O192: 0 | P192: =O192/Q192*100 -> 0 | Q192: 30.58383
A193: hito_sub | B193: WS2 | C193: 276 | D193: 0 | E193: 0.055147059 | F193: 0.81184669 | G193: 0 | H193: 0 | I193: 0 | J193: 2.72 | K193: 5.2 | L193: 5.3 | M193: =L193-(K193-J193) -> 2.82 | N193: 0 | O193: 0 | P193: =O193/Q193*100 -> 0 | Q193: 30.702488
A194: hito_sub | B194: WS2 | C194: 269 | D194: 0 | E194: 0.057761733 | F194: 0.97269625 | G194: 0 | H194: 0 | I194: 0 | J194: 2.77 | K194: 5.78 | L194: 5.3 | M194: =L194-(K194-J194) -> 2.29 | N194: 0 | O194: 0 | P194: =O194/Q194*100 -> 0 | Q194: 29.069807
A195: hito_sub | B195: WS3 | C195: 171 | D195: 0 | E195: 0.029850746 | F195: 0.69275362 | G195: 0 | H195: 0 | I195: 0 | J195: 3.35 | K195: 5.84 | L195: 6 | M195: =L195-(K195-J195) -> 3.51 | N195: 0 | O195: 0 | P195: =O195/Q195*100 -> 0 | Q195: 27.951419
A196: hito_sub | B196: WS3 | C196: 227 | D196: 0 | E196: 0.031884058 | F196: 0.64606742 | G196: 0 | H196: 0 | I196: 0 | J196: 3.45 | K196: 5.86 | L196: 6 | M196: =L196-(K196-J196) -> 3.59 | N196: 0 | O196: 0 | P196: =O196/Q196*100 -> 0 | Q196: 28.164407
... A204: hito_sub | B204: WS4 | C204: 216 | D204: 0 | E204: -0.053811659 | F204: 1.1421801 | G204: 0 | H204: 0 | I204: 0 | J204: 2.23 | K204: 4.52 | L204: 4.6 | M204: =L204-(K204-J204) -> 2.31 | N204: 0 | O204: 0 | P204: =O204/Q204*100 -> 0 | Q204: 26.560796
A205: hito_sub | B205: WS1 | C205: 106 | D205: 2 | E205: 0.027624309 | F205: 1.0322581 | G205: 305.12821 | H205: 6.8660385 | I205: =(L205-L185)/J185*100 -> 657.45856 | J205: 1.81 | K205: 3.78 | L205: 15.8 | M205: =L205-(K205-J205) -> 13.83 | N205: =(L205-L185)/M185*100 -> 616.58031 | O205: =L205-L185 -> 11.9 | P205: =O205/Q205*100 -> 47.171793 | Q205: 25.22694
A206: hito_sub | B206: WS1 | C206: 307 | D206: 2 | E206: 0.081447964 | F206: 0.9958159 | G206: 260.41667 | H206: 6.8484482 | I206: =(L206-L186)/J186*100 -> 565.61086 | J206: 2.21 | K206: 4.77 | L206: 17.3 | M206: =L206-(K206-J206) -> 14.74 | N206: =(L206-L186)/M186*100 -> 558.03571 | O206: =L206-L186 -> 12.5 | P206: =O206/Q206*100 -> 41.561976 | Q206: 30.075567
A207: hito_sub | B207: WS1 | C207: 310 | D207: 2 | E207: 0.06 | F207: 1.0377358 | G207: 259.09091 | H207: 4.939811 | I207: =(L207-L187)/J187*100 -> 570 | J207: 2 | K207: 4.32 | L207: 15.8 | M207: =L207-(K207-J207) -> 13.48 | N207: =(L207-L187)/M187*100 -> 548.07692 | O207: =L207-L187 -> 11.4 | P207: =O207/Q207*100 -> 38.304375 | Q207: 29.761614
A208: hito_sub | B208: WS1 | C208: 286 | D208: 2 | E208: 0.084158416 | F208: 1.0410959 | G208: 297.82609 | H208: -0.64248316 | I208: =(L208-L188)/J188*100 -> 678.21782 | J208: 2.02 | K208: 4.47 | L208: 18.3 | M208: =L208-(K208-J208) -> 15.85 | N208: =(L208-L188)/M188*100 -> 637.2093 | O208: =L208-L188 -> 13.7 | P208: =O208/Q208*100 -> 48.351971 | Q208: 28.333902
A209: hito_sub | B209: WS1 | C209: 328 | D209: 2 | E209: 0.23469388 | F209: 0.75206612 | G209: 309.09091 | H209: -2.0833527 | I209: =(L209-L189)/J189*100 -> 693.87755 | J209: 1.96 | K209: 4.24 | L209: 18 | M209: =L209-(K209-J209) -> 15.72 | N209: =(L209-L189)/M189*100 -> 641.50943 | O209: =L209-L189 -> 13.6 | P209: =O209/Q209*100 -> 47.356566 | Q209: 28.718299
A210: hito_sub | B210: WS2 | C210: 206 | D210: 2 | E210: 0.071969697 | F210: 0.84452297 | G210: 132.07547 | H210: 5.8428517 | I210: =(L210-L190)/J190*100 -> 265.15152 | J210: 2.64 | K210: 5.22 | L210: 12.3 | M210: =L210-(K210-J210) -> 9.72 | N210: =(L210-L190)/M190*100 -> 257.35294 | O210: =L210-L190 -> 7 | P210: =O210/Q210*100 -> 22.746641 | Q210: 30.773774
A211: hito_sub | B211: WS2 | C211: 312 | D211: 2 | E211: 0.052631579 | F211: 0.88928571 | G211: 101.85185 | H211: 4.2730767 | I211: =(L211-L191)/J191*100 -> 206.76692 | J211: 2.66 | K211: 5.29 | L211: 10.9 | M211: =L211-(K211-J211) -> 8.27 | N211: =(L211-L191)/M191*100 -> 198.55596 | O211: =L211-L191 -> 5.5 | P211: =O211/Q211*100 -> 18.138592 | Q211: 30.322089
A212: hito_sub | B212: WS2 | C212: 315 | D212: 2 | E212: 0.066176471 | F212: 0.88965517 | G212: 192.85714 | H212: 2.6745395 | I212: =(L212-L192)/J192*100 -> 397.05882 | J212: 2.72 | K212: 5.48 | L212: 16.4 | M212: =L212-(K212-J212) -> 13.64 | N212: =(L212-L192)/M192*100 -> 380.28169 | O212: =L212-L192 -> 10.8 | P212: =O212/Q212*100 -> 34.392926 | Q212: 31.401806
...

Sheet kubinu_apstrādes
A1: Substrate | B1: apstrāde | C1: nr | D1: mo* | E1: m1 | F1: m2 | G1: Uzņemtais hito. | H1: hito g/g MK | I1: hito g/cm2 | J1: hito g/cm3 | K1: uzņemtā sub. Sk. | L1: sub. sk. g/g MK | M1: sub. sk. g/cm3
A2: Sl | B2: hito_sub | C2: 1 | D2: 4.78 | E2: 5.06 | F2: 6.97 | G2: =E2-D2 -> 0.28 | H2: =G2/D2 -> 0.058577406 | I2: =G2/(9*6) -> 0.0051851852 | J2: =G2/27 -> 0.01037037 | K2: =F2-E2 -> 1.91 | L2: =K2/E2 -> 0.37747036 | M2: =K2/27 -> 0.070740741
A3: Sl | B3: hito_sub | C3: 2 | D3: 4.38 | E3: 4.63 | F3: 6.89 | G3: =E3-D3 -> 0.25 | H3: =G3/D3 -> 0.057077626 | I3: =G3/(9*6) -> 0.0046296296 | J3: =G3/27 -> 0.0092592593 | K3: =F3-E3 -> 2.26 | L3: =K3/E3 -> 0.48812095 | M3: =K3/27 -> 0.083703704
A4: Sl | B4: hito_sub | C4: 5 | D4: 4.51 | E4: 4.75 | F4: 7.2 | G4: =E4-D4 -> 0.24 | H4: =G4/D4 -> 0.053215078 | I4: =G4/(9*6) -> 0.0044444444 | J4: =G4/27 -> 0.0088888889 | K4: =F4-E4 -> 2.45 | L4: =K4/E4 -> 0.51578947 | M4: =K4/27 -> 0.090740741
A5: Sl | B5: hito_sub | C5: 6 | D5: 4.73 | E5: 4.99 | F5: 7.19 | G5: =E5-D5 -> 0.26 | H5: =G5/D5 -> 0.054968288 | I5: =G5/(9*6) -> 0.0048148148 | J5: =G5/27 -> 0.0096296296 | K5: =F5-E5 -> 2.2 | L5: =K5/E5 -> 0.44088176 | M5: =K5/27 -> 0.081481481
A6: Sl | B6: hito_sub | C6: 10 | D6: 4.72 | E6: 5.02 | F6: 7.3 | G6: =E6-D6 -> 0.3 | H6: =G6/D6 -> 0.063559322 | I6: =G6/(9*6) -> 0.0055555556 | J6: =G6/27 -> 0.011111111 | K6: =F6-E6 -> 2.28 | L6: =K6/E6 -> 0.45418327 | M6: =K6/27 -> 0.084444444
A7: Sl | B7: hito_sub | C7: 11 | D7: 4.76 | E7: 5 | F7: 6.91 | G7: =E7-D7 -> 0.24 | H7: =G7/D7 -> 0.050420168 | I7: =G7/(9*6) -> 0.0044444444 | J7: =G7/27 -> 0.0088888889 | K7: =F7-E7 -> 1.91 | L7: =K7/E7 -> 0.382 | M7: =K7/27 -> 0.070740741
A8: Sl | B8: hito_sub | C8: 14 | D8: 4.65 | E8: 4.93 | F8: 7.19 | G8: =E8-D8 -> 0.28 | H8: =G8/D8 -> 0.060215054 | I8: =G8/(9*6) -> 0.0051851852 | J8: =G8/27 -> 0.01037037 | K8: =F8-E8 -> 2.26 | L8: =K8/E8 -> 0.45841785 | M8: =K8/27 -> 0.083703704
A9: Sl | B9: hito_sub | C9: 16 | D9: 4.46 | E9: 4.67 | F9: 6.66 | G9: =E9-D9 -> 0.21 | H9: =G9/D9 -> 0.047085202 | I9: =G9/(9*6) -> 0.0038888889 | J9: =G9/27 -> 0.0077777778 | K9: =F9-E9 -> 1.99 | L9: =K9/E9 -> 0.4261242 | M9: =K9/27 -> 0.073703704
A10: Sl | B10: hito_sub | C10: 17 | D10: 4.35 | E10: 4.59 | F10: 7.18 | G10: =E10-D10 -> 0.24 | H10: =G10/D10 -> 0.055172414 | I10: =G10/(9*6) -> 0.0044444444 | J10: =G10/27 -> 0.0088888889 | K10: =F10-E10 -> 2.59 | L10: =K10/E10 -> 0.56427015 | M10: =K10/27 -> 0.095925926
A11: Sl | B11: hito_sub | C11: 19 | D11: 4.58 | E11: 4.82 | F11: 7.3 | G11: =E11-D11 -> 0.24 | H11: =G11/D11 -> 0.052401747 | I11: =G11/(9*6) -> 0.0044444444 | J11: =G11/27 -> 0.0088888889 | K11: =F11-E11 -> 2.48 | L11: =K11/E11 -> 0.51452282 | M11: =K11/27 -> 0.091851852
A12: Sl | B12: hito_sub | C12: 20 | D12: 4.83 | E12: 5.07 | F12: 6.97 | G12: =E12-D12 -> 0.24 | H12: =G12/D12 -> 0.049689441 | I12: =G12/(9*6) -> 0.0044444444 | J12: =G12/27 -> 0.0088888889 | K12: =F12-E12 -> 1.9 | L12: =K12/E12 -> 0.37475345 | M12: =K12/27 -> 0.07037037
A13: Sl | B13: hito_sub | C13: 24 | D13: 4.33 | E13: 4.57 | F13: 6.94 | G13: =E13-D13 -> 0.24 | H13: =G13/D13 -> 0.055427252 | I13: =G13/(9*6) -> 0.0044444444 | J13: =G13/27 -> 0.0088888889 | K13: =F13-E13 -> 2.37 | L13: =K13/E13 -> 0.51859956 | M13: =K13/27 -> 0.087777778
... A75: Sl | B75: hito_sub | C75: 194 | D75: 4.37 | E75: 4.55 | F75: 7.22 | G75: =E75-D75 -> 0.18 | H75: =G75/D75 -> 0.041189931 | I75: =G75/(9*6) -> 0.0033333333 | J75: =G75/27 -> 0.0066666667 | K75: =F75-E75 -> 2.67 | L75: =K75/E75 -> 0.58681319 | M75: =K75/27 -> 0.098888889
A76: Sl | B76: sub | C76: 3 | D76: 4.5 | E76: 4.5 | F76: 7.12 | G76: 0 | H76: 0 | I76: 0 | J76: 0 | K76: =F76-D76 -> 2.62 | L76: =K76/D76 -> 0.58222222 | M76: =K76/27 -> 0.097037037
A77: Sl | B77: sub | C77: 4 | D77: 4.66 | E77: 4.66 | F77: 7.23 | G77: 0 | H77: 0 | I77: 0 | J77: 0 | K77: =F77-D77 -> 2.57 | L77: =K77/D77 -> 0.55150215 | M77: =K77/27 -> 0.095185185
A78: Sl | B78: sub | C78: 7 | D78: 4.44 | E78: 4.44 | F78: 7.12 | G78: 0 | H78: 0 | I78: 0 | J78: 0 | K78: =F78-D78 -> 2.68 | L78: =K78/D78 -> 0.6036036 | M78: =K78/27 -> 0.099259259
A79: Sl | B79: sub | C79: 8 | D79: 4.48 | E79: 4.48 | F79: 7.03 | G79: 0 | H79: 0 | I79: 0 | J79: 0 | K79: =F79-D79 -> 2.55 | L79: =K79/D79 -> 0.56919643 | M79: =K79/27 -> 0.094444444
A80: Sl | B80: sub | C80: 9 | D80: 4.62 | E80: 4.62 | F80: 6.84 | G80: 0 | H80: 0 | I80: 0 | J80: 0 | K80: =F80-D80 -> 2.22 | L80: =K80/D80 -> 0.48051948 | M80: =K80/27 -> 0.082222222
A81: Sl | B81: sub | C81: 12 | D81: 4.54 | E81: 4.54 | F81: 6.93 | G81: 0 | H81: 0 | I81: 0 | J81: 0 | K81: =F81-D81 -> 2.39 | L81: =K81/D81 -> 0.52643172 | M81: =K81/27 -> 0.088518519
A82: Sl | B82: sub | C82: 13 | D82: 4.57 | E82: 4.57 | F82: 6.95 | G82: 0 | H82: 0 | I82: 0 | J82: 0 | K82: =F82-D82 -> 2.38 | L82: =K82/D82 -> 0.52078775 | M82: =K82/27 -> 0.088148148
A83: Sl | B83: sub | C83: 18 | D83: 6.16 | E83: 6.16 | F83: 8.87 | G83: 0 | H83: 0 | I83: 0 | J83: 0 | K83: =F83-D83 -> 2.71 | L83: =K83/D83 -> 0.43993506 | M83: =K83/27 -> 0.10037037
A84: Sl | B84: sub | C84: 21 | D84: 4.24 | E84: 4.24 | F84: 6.85 | G84: 0 | H84: 0 | I84: 0 | J84: 0 | K84: =F84-D84 -> 2.61 | L84: =K84/D84 -> 0.61556604 | M84: =K84/27 -> 0.096666667
A85: Sl | B85: sub | C85: 22 | D85: 4.27 | E85: 4.27 | F85: 6.92 | G85: 0 | H85: 0 | I85: 0 | J85: 0 | K85: =F85-D85 -> 2.65 | L85: =K85/D85 -> 0.6206089 | M85: =K85/27 -> 0.098148148
A86: Sl | B86: sub | C86: 23 | D86: 4.38 | E86: 4.38 | F86: 6.85 | G86: 0 | H86: 0 | I86: 0 | J86: 0 | K86: =F86-D86 -> 2.47 | L86: =K86/D86 -> 0.56392694 | M86: =K86/27 -> 0.091481481
A87: Sl | B87: sub | C87: 27 | D87: 4.5 | E87: 4.5 | F87: 7.15 | G87: 0 | H87: 0 | I87: 0 | J87: 0 | K87: =F87-D87 -> 2.65 | L87: =K87/D87 -> 0.58888889 | M87: =K87/27 -> 0.098148148
... A155: Sl | B155: sub | C155: 175 | D155: 4.43 | E155: 4.43 | F155: 7.49 | G155: 0 | H155: 0 | I155: 0 | J155: 0 | K155: =F155-D155 -> 3.06 | L155: =K155/D155 -> 0.69074492 | M155: =K155/27 -> 0.11333333
A156: Sa1 | B156: sub | C156: 101 | D156: 1.87 | E156: 1.87 | F156: 3.63 | G156: 0 | H156: 0 | I156: 0 | J156: 0 | K156: 1.76 | L156: 0.94117647 | M156: 0.065185185
A157: Sa1 | B157: sub | C157: 102 | D157: 1.98 | E157: 1.98 | F157: 3.76 | G157: 0 | H157: 0 | I157: 0 | J157: 0 | K157: 1.78 | L157: 0.8989899 | M157: 0.065925926
A158: Sa1 | B158: sub | C158: 103 | D158: 2 | E158: 2 | F158: 3.89 | G158: 0 | H158: 0 | I158: 0 | J158: 0 | K158: 1.89 | L158: 0.945 | M158: 0.07
A159: Sa1 | B159: sub | C159: 104 | D159: 1.99 | E159: 1.99 | F159: 3.76 | G159: 0 | H159: 0 | I159: 0 | J159: 0 | K159: 1.77 | L159: 0.88944724 | M159: 0.065555556
A160: Sa1 | B160: sub | C160: 105 | D160: 2.08 | E160: 2.08 | F160: 4.02 | G160: 0 | H160: 0 | I160: 0 | J160: 0 | K160: 1.94 | L160: 0.93269231 | M160: 0.071851852
A161: Sa1 | B161: sub | C161: 291 | D161: 2.02 | E161: 2.02 | F161: 3.94 | G161: 0 | H161: 0 | I161: 0 | J161: 0 | K161: 1.92 | L161: 0.95049505 | M161: 0.071111111
A162: Sa1 | B162: sub | C162: 292 | D162: 2.24 | E162: 2.24 | F162: 4.27 | G162: 0 | H162: 0 | I162: 0 | J162: 0 | K162: 2.03 | L162: 0.90625 | M162: 0.075185185
A163: Sa1 | B163: sub | C163: 293 | D163: 2.31 | E163: 2.31 | F163: 4.37 | G163: 0 | H163: 0 | I163: 0 | J163: 0 | K163: 2.06 | L163: 0.89177489 | M163: 0.076296296
A164: Sa1 | B164: sub | C164: 294 | D164: 2.05 | E164: 2.05 | F164: 3.76 | G164: 0 | H164: 0 | I164: 0 | J164: 0 | K164: 1.71 | L164: 0.83414634 | M164: 0.063333333
A165: Sa1 | B165: sub | C165: 295 | D165: 2.19 | E165: 2.19 | F165: 4.12 | G165: 0 | H165: 0 | I165: 0 | J165: 0 | K165: 1.93 | L165: 0.88127854 | M165: 0.071481481
A166: Sa1 | B166: sub | C166: 281 | D166: 2.19 | E166: 2.19 | F166: 4.02 | G166: 0 | H166: 0 | I166: 0 | J166: 0 | K166: 1.83 | L166: 0.83561644 | M166: 0.067777778
A167: Sa1 | B167: sub | C167: 282 | D167: 1.99 | E167: 1.99 | F167: 3.71 | G167: 0 | H167: 0 | I167: 0 | J167: 0 | K167: 1.72 | L167: 0.86432161 | M167: 0.063703704
... A299: Sa4 | B299: hito_sub | C299: 159 | D299: 2.41 | E299: 2.47 | F299: 4.79 | G299: 0.06 | H299: 0.024896266 | I299: 0.0011111111 | J299: 0.0022222222 | K299: 2.32 | L299: 0.93927126 | M299: 0.085925926
A300: Sa4 | B300: hito_sub | C300: 160 | D300: 2.33 | E300: 2.19 | G300: -0.14 | H300: -0.060085837 | I300: -0.0025925926 | J300: -0.0051851852
A301: Sa4 | B301: hito_sub | C301: 251 | D301: 2.08 | E301: 2.36 | F301: 4.42 | G301: 0.28 | H301: 0.13461538 | I301: 0.0051851852 | J301: 0.01037037 | K301: 2.06 | L301: 0.87288136 | M301: 0.076296296
A302: Sa4 | B302: hito_sub | C302: 252 | D302: 2.22 | E302: 2.15 | F302: 4.71 | G302: -0.07 | H302: -0.031531532 | I302: -0.0012962963 | J302: -0.0025925926 | K302: 2.56 | L302: 1.1906977 | M302: 0.094814815
A303: Sa4 | B303: hito_sub | C303: 253 | D303: 2.16 | E303: 2.09 | F303: 4.43 | G303: -0.07 | H303: -0.032407407 | I303: -0.0012962963 | J303: -0.0025925926 | K303: 2.34 | L303: 1.1196172 | M303: 0.086666667
A304: Sa4 | B304: hito_sub | C304: 254 | D304: 2.06 | E304: 1.9 | F304: 4.36 | G304: -0.16 | H304: -0.077669903 | I304: -0.002962963 | J304: -0.0059259259 | K304: 2.46 | L304: 1.2947368 | M304: 0.091111111
A305: Sa4 | B305: hito_sub | C305: 255 | D305: 2.01 | E305: 2.22 | F305: 4.11 | G305: 0.21 | H305: 0.10447761 | I305: 0.0038888889 | J305: 0.0077777778 | K305: 1.89 | L305: 0.85135135 | M305: 0.07
A306: Sa4 | B306: hito_sub | C306: 216 | D306: 2.23 | E306: 2.11 | F306: 4.52 | G306: -0.12 | H306: -0.053811659 | I306: -0.0022222222 | J306: -0.0044444444 | K306: 2.41 | L306: 1.1421801 | M306: 0.089259259
A307: Sa4 | B307: hito_sub | C307: 217 | D307: 2.16 | E307: 2.18 | F307: 4.34 | G307: 0.02 | H307: 0.0092592593 | I307: 0.00037037037 | J307: 0.00074074074 | K307: 2.16 | L307: 0.99082569 | M307: 0.08
A308: Sa4 | B308: hito_sub | C308: 218 | D308: 2.25 | E308: 2.19 | F308: 4.19 | G308: -0.06 | H308: -0.026666667 | I308: -0.0011111111 | J308: -0.0022222222 | K308: 2 | L308: 0.91324201 | M308: 0.074074074
A309: Sa4 | B309: hito_sub | C309: 219 | D309: 2.15 | E309: 1.93 | F309: 4.48 | G309: -0.22 | H309: -0.10232558 | I309: -0.0040740741 | J309: -0.0081481481 | K309: 2.55 | L309: 1.3212435 | M309: 0.094444444
A310: Sa4 | B310: hito_sub | C310: 220 | D310: 1.92 | E310: 2.15 | F310: 4 | G310: 0.23 | H310: 0.11979167 | I310: 0.0042592593 | J310: 0.0085185185 | K310: 1.85 | L310: 0.86046512 | M310: 0.068518519

Sheet stienisu_apstrades
A1: Substrate | B1: apstrāde | C1: nr | D1: mo* | E1: m1 | F1: m2 | G1: Uzņemtais hito. | H1: hito g/g MK | I1: hito g/cm2 | J1: hito g/cm3 | K1: uzņemtā sub. Sk. | L1: sub. sk. g/g MK | M1: sub. sk. g/cm3
A2: Sl | B2: hito_sub | C2: 2 | D2: 25.76 | E2: 26.32 | F2: 38.03 | G2: =E2-D2 -> 0.56 | H2: =G2/D2 -> 0.02173913 | I2: =G2/(9*2+3*17*4) -> 0.0025225225 | J2: =G2/153 -> 0.0036601307 | K2: =F2-E2 -> 11.71 | L2: =K2/E2 -> 0.44490881 | M2: =K2/153 -> 0.076535948
A3: Sl | B3: hito_sub | C3: 6 | D3: 26.18 | E3: 26.66 | F3: 39.29 | G3: =E3-D3 -> 0.48 | H3: =G3/D3 -> 0.018334607 | I3: =G3/(9*2+3*17*4) -> 0.0021621622 | J3: =G3/153 -> 0.0031372549 | K3: =F3-E3 -> 12.63 | L3: =K3/E3 -> 0.47374344 | M3: =K3/153 -> 0.08254902
A4: Sl | B4: hito_sub | C4: 38 | D4: 27.4 | E4: 28.7 | F4: 43.99 | G4: =E4-D4 -> 1.3 | H4: =G4/D4 -> 0.047445255 | I4: =G4/(9*2+3*17*4) -> 0.0058558559 | J4: =G4/153 -> 0.008496732 | K4: =F4-E4 -> 15.29 | L4: =K4/E4 -> 0.53275261 | M4: =K4/153 -> 0.099934641
A5: Sl | B5: hito_sub | C5: 45 | D5: 27.52 | E5: 28.49 | F5: 45.09 | G5: =E5-D5 -> 0.97 | H5: =G5/D5 -> 0.035247093 | I5: =G5/(9*2+3*17*4) -> 0.0043693694 | J5: =G5/153 -> 0.0063398693 | K5: =F5-E5 -> 16.6 | L5: =K5/E5 -> 0.58266058 | M5: =K5/153 -> 0.10849673
A6: Sl | B6: hito_sub | C6: 68 | D6: 18.91 | E6: 19.61 | F6: 34.04 | G6: =E6-D6 -> 0.7 | H6: =G6/D6 -> 0.037017451 | I6: =G6/(9*2+3*17*4) -> 0.0031531532 | J6: =G6/153 -> 0.0045751634 | K6: =F6-E6 -> 14.43 | L6: =K6/E6 -> 0.73584906 | M6: =K6/153 -> 0.094313725
A7: Sl | B7: hito_sub | C7: 71 | D7: 18.82 | E7: 19.64 | F7: 34.67 | G7: =E7-D7 -> 0.82 | H7: =G7/D7 -> 0.04357067 | I7: =G7/(9*2+3*17*4) -> 0.0036936937 | J7: =G7/153 -> 0.0053594771 | K7: =F7-E7 -> 15.03 | L7: =K7/E7 -> 0.76527495 | M7: =K7/153 -> 0.098235294
A8: Sl | B8: hito_sub | C8: 82 | D8: 27.86 | E8: 28.65 | F8: 42.79 | G8: =E8-D8 -> 0.79 | H8: =G8/D8 -> 0.028356066 | I8: =G8/(9*2+3*17*4) -> 0.0035585586 | J8: =G8/153 -> 0.0051633987 | K8: =F8-E8 -> 14.14 | L8: =K8/E8 -> 0.49354276 | M8: =K8/153 -> 0.092418301
A9: Sl | B9: hito_sub | C9: 85 | D9: 27.95 | E9: 28.22 | F9: 43.5 | G9: =E9-D9 -> 0.27 | H9: =G9/D9 -> 0.0096601073 | I9: =G9/(9*2+3*17*4) -> 0.0012162162 | J9: =G9/153 -> 0.0017647059 | K9: =F9-E9 -> 15.28 | L9: =K9/E9 -> 0.54145996 | M9: =K9/153 -> 0.099869281
A10: Sl | B10: sub | C10: 1 | D10: 25.63 | E10: 25.63 | F10: 39.28 | G10: 0 | H10: 0 | I10: 0 | J10: 0 | K10: =F10-D10 -> 13.65 | L10: =K10/D10 -> 0.53257901 | M10: =K10/153 -> 0.089215686
A11: Sl | B11: sub | C11: 8 | D11: 24.96 | E11: 24.96 | F11: 39.61 | G11: 0 | H11: 0 | I11: 0 | J11: 0 | K11: =F11-D11 -> 14.65 | L11: =K11/D11 -> 0.5869391 | M11: =K11/153 -> 0.095751634
A12: Sl | B12: sub | C12: 11 | D12: 18.89 | E12: 18.89 | F12: 31.98 | G12: 0 | H12: 0 | I12: 0 | J12: 0 | K12: =F12-D12 -> 13.09 | L12: =K12/D12 -> 0.69295924 | M12: =K12/153 -> 0.085555556
A13: Sl | B13: sub | C13: 19 | D13: 19.51 | E13: 19.51 | F13: 33.24 | G13: 0 | H13: 0 | I13: 0 | J13: 0 | K13: =F13-D13 -> 13.73 | L13: =K13/D13 -> 0.70374167 | M13: =K13/153 -> 0.089738562
A14: Sl | B14: sub | C14: 32 | D14: 26.1 | E14: 26.1 | F14: 40.55 | G14: 0 | H14: 0 | I14: 0 | J14: 0 | K14: =F14-D14 -> 14.45 | L14: =K14/D14 -> 0.55363985 | M14: =K14/153 -> 0.094444444
A15: Sl | B15: sub | C15: 34 | D15: 26.76 | E15: 26.76 | F15: 40.63 | G15: 0 | H15: 0 | I15: 0 | J15: 0 | K15: =F15-D15 -> 13.87 | L15: =K15/D15 -> 0.51831091 | M15: =K15/153 -> 0.090653595
A16: Sl | B16: sub | C16: 37 | D16: 27.25 | E16: 27.25 | F16: 42.9 | G16: 0 | H16: 0 | I16: 0 | J16: 0 | K16: =F16-D16 -> 15.65 | L16: =K16/D16 -> 0.57431193 | M16: =K16/153 -> 0.10228758
A17: Sl | B17: sub | C17: 43 | D17: 26.67 | E17: 26.67 | F17: 43.13 | G17: 0 | H17: 0 | I17: 0 | J17: 0 | K17: =F17-D17 -> 16.46 | L17: =K17/D17 -> 0.61717285 | M17: =K17/153 -> 0.1075817
A18: Sl | B18: sub | C18: 58 | D18: 25.06 | E18: 25.06 | F18: 37.3 | G18: 0 | H18: 0 | I18: 0 | J18: 0 | K18: =F18-D18 -> 12.24 | L18: =K18/D18 -> 0.48842777 | M18: =K18/153 -> 0.08
A19: Sl | B19: sub | C19: 63 | D19: 24.74 | E19: 24.74 | F19: 38.2 | G19: 0 | H19: 0 | I19: 0 | J19: 0 | K19: =F19-D19 -> 13.46 | L19: =K19/D19 -> 0.54405821 | M19: =K19/153 -> 0.087973856
A20: Sl | B20: sub | C20: 65 | D20: 24.22 | E20: 24.22 | F20: 38.85 | G20: 0 | H20: 0 | I20: 0 | J20: 0 | K20: =F20-D20 -> 14.63 | L20: =K20/D20 -> 0.60404624 | M20: =K20/153 -> 0.095620915
A21: Sl | B21: sub | C21: 69 | D21: 19.26 | E21: 19.26 | F21: 33.64 | G21: 0 | H21: 0 | I21: 0 | J21: 0 | K21: =F21-D21 -> 14.38 | L21: =K21/D21 -> 0.74662513 | M21: =K21/153 -> 0.093986928
... A29: Sl | B29: sub | C29: 94 | D29: 26.71 | E29: 26.71 | F29: 43 | G29: 0 | H29: 0 | I29: 0 | J29: 0 | K29: =F29-D29 -> 16.29 | L29: =K29/D29 -> 0.60988394 | M29: =K29/153 -> 0.10647059
A30: Sl | B30: hito | C30: 13 | D30: 18.9 | E30: 19.65 | F30: 19.65 | G30: =E30-D30 -> 0.75 | H30: =G30/D30 -> 0.03968254 | I30: =G30/(9*2+3*17*4) -> 0.0033783784 | J30: =G30/153 -> 0.0049019608 | K30: 0 | L30: 0 | M30: 0
A31: Sl | B31: hito | C31: 17 | D31: 19.18 | E31: 20.13 | F31: 20.13 | G31: =E31-D31 -> 0.95 | H31: =G31/D31 -> 0.049530761 | I31: =G31/(9*2+3*17*4) -> 0.0042792793 | J31: =G31/153 -> 0.0062091503 | K31: 0 | L31: 0 | M31: 0
A32: Sl | B32: hito | C32: 33 | D32: 25.93 | E32: 26.51 | F32: 26.51 | G32: =E32-D32 -> 0.58 | H32: =G32/D32 -> 0.022367914 | I32: =G32/(9*2+3*17*4) -> 0.0026126126 | J32: =G32/153 -> 0.0037908497 | K32: 0 | L32: 0 | M32: 0
A33: Sl | B33: hito | C33: 42 | D33: 24.23 | E33: 27.09 | F33: 27.09 | G33: =E33-D33 -> 2.86 | H33: =G33/D33 -> 0.11803549 | I33: =G33/(9*2+3*17*4) -> 0.012882883 | J33: =G33/153 -> 0.01869281 | K33: 0 | L33: 0 | M33: 0
A34: Sl | B34: hito | C34: 59 | D34: 26.13 | E34: 27.05 | F34: 27.05 | G34: =E34-D34 -> 0.92 | H34: =G34/D34 -> 0.035208573 | I34: =G34/(9*2+3*17*4) -> 0.0041441441 | J34: =G34/153 -> 0.0060130719 | K34: 0 | L34: 0 | M34: 0
A35: Sl | B35: hito | C35: 61 | D35: 25.27 | E35: 26.41 | F35: 26.41 | G35: =E35-D35 -> 1.14 | H35: =G35/D35 -> 0.045112782 | I35: =G35/(9*2+3*17*4) -> 0.0051351351 | J35: =G35/153 -> 0.0074509804 | K35: 0 | L35: 0 | M35: 0
A36: Sl | B36: hito | C36: 67 | D36: 24.68 | E36: 25.27 | F36: 25.27 | G36: =E36-D36 -> 0.59 | H36: =G36/D36 -> 0.023905997 | I36: =G36/(9*2+3*17*4) -> 0.0026576577 | J36: =G36/153 -> 0.0038562092 | K36: 0 | L36: 0 | M36: 0
A37: Sl | B37: hito | C37: 74 | D37: 19.45 | E37: 20.11 | F37: 20.11 | G37: =E37-D37 -> 0.66 | H37: =G37/D37 -> 0.033933162 | I37: =G37/(9*2+3*17*4) -> 0.002972973 | J37: =G37/153 -> 0.0043137255 | K37: 0 | L37: 0 | M37: 0
A38: Sl | B38: hito | C38: 79 | D38: 27.23 | E38: 28.25 | F38: 28.25 | G38: =E38-D38 -> 1.02 | H38: =G38/D38 -> 0.037458685 | I38: =G38/(9*2+3*17*4) -> 0.0045945946 | J38: =G38/153 -> 0.0066666667 | K38: 0 | L38: 0 | M38: 0
A39: Sl | B39: hito | C39: 87 | D39: 28.05 | E39: 28.68 | F39: 28.68 | G39: =E39-D39 -> 0.63 | H39: =G39/D39 -> 0.022459893 | I39: =G39/(9*2+3*17*4) -> 0.0028378378 | J39: =G39/153 -> 0.0041176471 | K39: 0 | L39: 0 | M39: 0
A40: Sl | B40: hito | C40: 89 | D40: 25.06 | E40: 25.7 | F40: 25.7 | G40: =E40-D40 -> 0.64 | H40: =G40/D40 -> 0.025538707 | I40: =G40/(9*2+3*17*4) -> 0.0028828829 | J40: =G40/153 -> 0.0041830065 | K40: 0 | L40: 0 | M40: 0
A41: Sl | B41: hito | C41: 93 | D41: 25.94 | E41: 26.49 | F41: 26.49 | G41: =E41-D41 -> 0.55 | H41: =G41/D41 -> 0.021202776 | I41: =G41/(9*2+3*17*4) -> 0.0024774775 | J41: =G41/153 -> 0.0035947712 | K41: 0 | L41: 0 | M41: 0
A42: Sa1 | B42: sub | C42: 1 | D42: 12.26 | E42: 12.26 | F42: 24.02 | G42: 0 | H42: 0 | I42: 0 | J42: 0 | K42: 11.76 | L42: 0.95921697 | M42: 0.076862745
A43: Sa1 | B43: sub | C43: 51 | D43: 12.69 | E43: 12.69 | F43: 23.88 | G43: 0 | H43: 0 | I43: 0 | J43: 0 | K43: 11.19 | L43: 0.88179669 | M43: 0.073137255
A44: Sa1 | B44: sub | C44: 57 | D44: 12.29 | E44: 12.29 | F44: 24.73 | G44: 0 | H44: 0 | I44: 0 | J44: 0 | K44: 12.44 | L44: 1.012205 | M44: 0.08130719
A45: Sa1 | B45: sub | C45: 68 | D45: 13.51 | E45: 13.51 | F45: 25.44 | G45: 0 | H45: 0 | I45: 0 | J45: 0 | K45: 11.93 | L45: 0.88304959 | M45: 0.077973856
A46: Sa2 | B46: sub | C46: 6 | D46: 14.95 | E46: 14.95 | F46: 27.62 | G46: 0 | H46: 0 | I46: 0 | J46: 0 | K46: 12.67 | L46: 0.84749164 | M46: 0.082810458
A47: Sa2 | B47: sub | C47: 9 | D47: 15.35 | E47: 15.35 | F47: 28.75 | G47: 0 | H47: 0 | I47: 0 | J47: 0 | K47: 13.4 | L47: 0.87296417 | M47: 0.087581699
A48: Sa2 | B48: sub | C48: 45 | D48: 16.09 | E48: 16.09 | F48: 29.51 | G48: 0 | H48: 0 | I48: 0 | J48: 0 | K48: 13.42 | L48: 0.83405842 | M48: 0.087712418
A49: Sa2 | B49: sub | C49: 48 | D49: 15.71 | E49: 15.71 | F49: 28.95 | G49: 0 | H49: 0 | I49: 0 | J49: 0 | K49: 13.24 | L49: 0.8427753 | M49: 0.086535948
A50: Sa2 | B50: sub | C50: 62 | D50: 15.76 | E50: 15.76 | F50: 28.09 | G50: 0 | H50: 0 | I50: 0 | J50: 0 | K50: 12.33 | L50: 0.78236041 | M50: 0.080588235
A51: Sa3 | B51: sub | C51: 17 | D51: 19.14 | E51: 19.14 | F51: 31.15 | G51: 0 | H51: 0 | I51: 0 | J51: 0 | K51: 12.01 | L51: 0.62748171 | M51: 0.078496732
A52: Sa3 | B52: sub | C52: 71 | D52: 21.44 | E52: 21.44 | F52: 33.31 | G52: 0 | H52: 0 | I52: 0 | J52: 0 | K52: 11.87 | L52: 0.55363806 | M52: 0.077581699
A53: Sa3 | B53: sub | C53: 35 | D53: 19.12 | E53: 19.12 | F53: 31.3 | G53: 0 | H53: 0 | I53: 0 | J53: 0 | K53: 12.18 | L53: 0.63702929 | M53: 0.079607843
... A60: Sa4 | B60: sub | C60: 112 | D60: 13.08 | E60: 13.08 | F60: 23.97 | G60: 0 | H60: 0 | I60: 0 | J60: 0 | K60: 10.89 | L60: 0.83256881 | M60: 0.071176471
A61: Sa1 | B61: hito_sub | C61: 2 | D61: 12.03
A62: Sa1 | B62: hito_sub | C62: 52 | D62: 12.79
A63: Sa1 | B63: hito_sub | C63: 58 | D63: 12.15
A64: Sa1 | B64: hito_sub | C64: 65 | D64: 14.16 | E64: 14.82 | F64: 27.48 | G64: 0.66 | H64: 0.046610169 | I64: 0.002972973 | J64: 0.0043137255 | K64: 12.66 | L64: 0.85425101 | M64: 0.082745098
A65: Sa1 | B65: hito_sub | C65: 69 | D65: 13.99 | E65: 14.22 | F65: 27.001 | G65: 0.23 | H65: 0.016440315 | I65: 0.001036036 | J65: 0.001503268 | K65: 12.781 | L65: 0.8988045 | M65: 0.083535948
A66: Sa2 | B66: hito_sub | C66: 7 | D66: 14.92 | E66: 15.6 | F66: 29.64 | G66: 0.68 | H66: 0.045576408 | I66: 0.0030630631 | J66: 0.0044444444 | K66: 14.04 | L66: 0.9 | M66: 0.091764706
A67: Sa2 | B67: hito_sub | C67: 10 | D67: 15.44 | E67: 16.25 | F67: 30.03 | G67: 0.81 | H67: 0.05246114 | I67: 0.0036486486 | J67: 0.0052941176 | K67: 13.78 | L67: 0.848 | M67: 0.090065359
A68: Sa2 | B68: hito_sub | C68: 46 | D68: 15.99 | E68: 16.99 | F68: 30.33 | G68: 1 | H68: 0.062539087 | I68: 0.0045045045 | J68: 0.0065359477 | K68: 13.34 | L68: 0.78516775 | M68: 0.087189542
A69: Sa2 | B69: hito_sub | C69: 49 | D69: 15.96 | E69: 16.27 | F69: 29.35 | G69: 0.31 | H69: 0.019423559 | I69: 0.0013963964 | J69: 0.0020261438 | K69: 13.08 | L69: 0.80393362 | M69: 0.085490196
A70: Sa2 | B70: hito_sub | C70: 63 | D70: 15.72 | E70: 16.38 | F70: 29.43 | G70: 0.66 | H70: 0.041984733 | I70: 0.002972973 | J70: 0.0043137255 | K70: 13.05 | L70: 0.7967033 | M70: 0.085294118
A71: Sa3 | B71: hito_sub | C71: 18 | D71: 19.29 | E71: 19.35 | F71: 32.57 | G71: 0.06 | H71: 0.0031104199 | I71: 0.00027027027 | J71: 0.00039215686 | K71: 13.22 | L71: 0.68320413 | M71: 0.086405229
A72: Sa3 | B72: hito_sub | C72: 72 | D72: 21.34 | E72: 21.39 | F72: 33.81 | G72: 0.05 | H72: 0.0023430178 | I72: 0.00022522523 | J72: 0.00032679739 | K72: 12.42 | L72: 0.58064516 | M72: 0.081176471
A73: Sa3 | B73: hito_sub | C73: 36 | D73: 20.47 | E73: 20.84 | F73: 32.89 | G73: 0.37 | H73: 0.018075232 | I73: 0.0016666667 | J73: 0.0024183007 | K73: 12.05 | L73: 0.57821497 | M73: 0.07875817
A74: Sa3 | B74: hito_sub | C74: 123 | D74: 22.18 | E74: 22.21 | F74: 36.46 | G74: 0.03 | H74: 0.0013525699 | I74: 0.00013513514 | J74: 0.00019607843 | K74: 14.25 | L74: 0.64160288 | M74: 0.093137255
A75: Sa3 | B75: hito_sub | C75: 124 | D75: 20.77 | E75: 20.73 | F75: 34.73 | G75: -0.04 | H75: -0.0019258546 | I75: -0.00018018018 | J75: -0.00026143791 | K75: 14 | L75: 0.67534973 | M75: 0.091503268
... A78: Sa4 | B78: hito_sub | C78: 42 | D78: 12.54 | E78: 12.52 | F78: 25.53 | G78: -0.02 | H78: -0.0015948963 | I78: -9.009009e-05 | J78: -0.00013071895 | K78: 13.01 | L78: 1.0391374 | M78: 0.08503268
A79: Sa4 | B79: hito_sub | C79: 16 | D79: 12.59
A80: Sa4 | B80: hito_sub | C80: 98 | D80: 13.56 | E80: 13.93 | F80: 27.45 | G80: 0.37 | H80: 0.027286136 | I80: 0.0016666667 | J80: 0.0024183007 | K80: 13.52 | L80: 0.97056712 | M80: 0.088366013

Sheet ūdens sorbcija mean, sd
A1: time | B1: apstrade | C1: substrate | D1: mean_delta_m | E1: sd_delta_m | F1: mean_delta_v | G1: sd_delta_v
A2: 2 | B2: control | C2: BSD1 | D2: 301.38844 | E2: 16.600265 | F2: 7.6233143 | G2: 0.67535455
A3: 2 | B3: control | C3: BSD2 | D3: 530.29915 | E3: 11.113309 | F3: 3.2403621 | G3: 1.4356314
A4: 2 | B4: control | C4: BSD3 | D4: 320.51282 | E4: 10.981827 | F4: 1.7869159 | G4: 1.2338592
A5: 2 | B5: control | C5: BSD4 | D5: 317.71062 | E5: 6.3166106 | F5: 8.3424582 | G5: 4.7390448
A6: 2 | B6: control | C6: WS1 | D6: 376.50221 | E6: 112.72315
A7: 2 | B7: control | C7: WS2 | D7: 580.27417 | E7: 27.444192 | F7: 0.95311408 | G7: 0.8491174
A8: 2 | B8: control | C8: WS3 | D8: 292.51456 | E8: 115.52775 | F8: 2.6802518 | G8: 1.3931997
A9: 2 | B9: control | C9: WS4 | D9: 216.9697 | E9: 35.323508 | F9: 3.417814
A10: 2 | B10: hito_sub | C10: BSD1 | D10: 279.91876 | E10: 13.076333 | F10: 3.2695121 | G10: 1.2541326
A11: 2 | B11: hito_sub | C11: BSD2 | D11: 307.57453 | E11: 15.58878 | F11: 1.4828968 | G11: 1.5122839
A12: 2 | B12: hito_sub | C12: BSD3 | D12: 243.3866 | E12: 7.3552827 | F12: 2.7425256 | G12: 2.1069708
A13: 2 | B13: hito_sub | C13: BSD4 | D13: 244.69293 | E13: 10.698465 | F13: 0.21862197 | G13: 0.66782767
A14: 2 | B14: sub | C14: BSD1 | D14: 272.12429 | E14: 25.806656 | F14: 4.5966891 | G14: 0.94481422
A15: 2 | B15: sub | C15: BSD2 | D15: 310.49158 | E15: 7.7974004 | F15: 2.1680481 | G15: 2.1617919
A16: 2 | B16: sub | C16: BSD3 | D16: 255.24677 | E16: 13.90615 | F16: 3.292497 | G16: 1.0402368
A17: 2 | B17: sub | C17: BSD4 | D17: 269.09903 | E17: 6.4699172 | F17: 2.7642931 | G17: 1.188275
A18: 24 | B18: control | C18: BSD1 | D18: 326.81425 | E18: 13.11726 | F18: 6.9653434 | G18: 2.2083769
A19: 24 | B19: control | C19: BSD2 | D19: 563.88889 | E19: 7.8763594 | F19: 3.1376912 | G19: 1.8930778
A20: 24 | B20: control | C20: BSD3 | D20: 348.82847 | E20: 29.642009 | F20: 1.7890192 | G20: 1.4553382
A21: 24 | B21: control | C21: BSD4 | D21: 341.69808 | E21: 3.7822228 | F21: 6.0002186 | G21: 1.4898743
A22: 24 | B22: control | C22: WS1 | D22: 440.60721 | E22: 102.08887 | F22: 0.014676965
A23: 24 | B23: control | C23: WS2 | D23: 655.38961 | E23: 20.364308 | F23: 2.7556462
A24: 24 | B24: control | C24: WS3 | D24: 380.79797 | E24: 113.12559 | F24: 0.59801817 | G24: 0.65946987
A25: 24 | B25: control | C25: WS4 | D25: 312.32323 | E25: 22.808609 | F25: 7.1579462
A26: 24 | B26: hito_sub | C26: BSD1 | D26: 295.25732 | E26: 12.839912 | F26: 0.14304697 | G26: 0.84093088
A27: 24 | B27: hito_sub | C27: BSD2 | D27: 322.46612 | E27: 14.322949 | F27: 0.9163492 | G27: 1.0697557
A28: 24 | B28: hito_sub | C28: BSD3 | D28: 253.57952 | E28: 8.7033588 | F28: 0.52927206
A29: 24 | B29: hito_sub | C29: BSD4 | D29: 257.93549 | E29: 7.097231 | F29: 0.83954664 | G29: 0.85749704
A30: 24 | B30: sub | C30: BSD1 | D30: 282.89989 | E30: 27.252302 | F30: 0.63380181 | G30: 0.80498282
A31: 24 | B31: sub | C31: BSD2 | D31: 320.27251 | E31: 8.563178 | F31: 1.5003787 | G31: 1.3588206
A32: 24 | B32: sub | C32: BSD3 | D32: 262.76576 | E32: 16.252902 | F32: 0.19657803 | G32: 0.90236876
A33: 24 | B33: sub | C33: BSD4 | D33: 274.91816 | E33: 8.9583051 | F33: 0.98393251 | G33: 0.69158275

Sheet higro
B1: Gaisa mitrums: | E1: 0.5 | H1: 0.6 | K1: 0.7 | M1: 0.8 | P1: 0.9 | S1: 0.95
B2: Temperatūra: | D2: 23oC | E2: 23oC | F2: 23oC | G2: 23oC | H2: 23oC | I2: 23oC | J2: 23oC | K2: 23oC | L2: 23oC | M2: 23oC | N2: 23oC | O2: 23oC | P2: 23oC | Q2: 23oC | R2: 23oC | S2: 23oC | T2: 23oC | U2: 23oC
B3: Paraugi | D3: 24.11.25
A4: apstrāde | D4: mo*
A5: sub | B5: Sl1 | C5: 9
C6: 27
C7: 106
B8: Sl2 | C8: 39
C9: 55
C10: 122
B11: Sl3 | C11: 66
C12: 142
C13: 147
B14: Sl4 | C14: 75
C15: 81
C16: 91
B19: Sa1 | C19: 285
C20: 322
C21: 323
B22: Sa2 | C22: 267
C23: 275
C24: 266
B25: Sa3 | C25: 344
C26: 60
C27: 58
B28: Sa4 | C28: 211
C29: 250
C30: 212
A31: hito/sub | B31: Sl1 | C31: 5
C32: 17
C33: 99
B35: Sl2 | C35: 37
C36: 53
C37: 134
B39: Sl3 | C39: 192
C40: 143
C41: 190
B43: Sl4 | C43: 88
C44: 169
C45: 174
B47: sa1 | C47: 108
C48: 287
C49: 328
B50: sa2 | C50: 207
C51: 314
C52: 280
B53: sa3 | C53: 172
C54: 229
C55: 349
B56: sa4 | C56: 193
C57: 161
C58: 218
A60: references | B60: Sap | C60: 32
C61: 33
C62: 34
B64: mMDF | C64: 50
C65: 51
C66: 52
B68: Laminēta skaidu plātne | C68: 8
C69: 9
C70: 10
B72: Mitrumizturīga skaidu plātne | C72: 38
C73: 39
C74: 40
B76: Laminēts MDF | C76: 45
C77: 46
B79: MDF | C79: 26
C80: 27
C81: 28

Sheet Komp
A1: Nr | B1: MK paraugi (slīpputekļi/ hito) | C1: parauga masa gaisa sausa, g | D1: Nr. | E1: MK paraugi (salmi/hito) | F1: parauga masa gaisa sausa, g
A2: 4 | B2: Sl1 sub | C2: 7.6 | D2: 281 | E2: Sa1 sub | F2: 4.2
A3: 8 | B3: Sl1 sub | C3: 7.3 | D3: 283 | E3: Sa1 sub | F3: 3.9
A4: 12 | B4: Sl1 sub | C4: 7.2 | D4: 284 | E4: Sa1 sub | F4: 3.9
A5: 46 | B5: Sl2 sub | C5: 6.3 | D5: 271 | E5: Sa2 sub | F5: 5.2
A6: 51 | B6: Sl2 sub | C6: 6.5 | D6: 272 | E6: Sa2 sub | F6: 5.3
A7: 61 | B7: Sl2 sub | C7: 6.3 | D7: 273 | E7: Sa2 sub | F7: 5.2
A8: 69 | B8: Sl3 sub | C8: 7.5 | D8: 341 | E8: Sa3 sub | F8: 5.6
A9: 144 | B9: Sl3 sub | C9: 8 | D9: 322 | E9: Sa3 sub | F9: 5.8
A10: 149 | B10: Sl3 sub | C10: 7.8 | D10: 343 | E10: Sa3 sub | F10: 5.9
A11: 96 | B11: Sl4 sub | C11: 8.3 | D11: 246 | E11: Sa4 sub | F11: 4.3
A12: 97 | B12: Sl4 sub | C12: 8.2 | D12: 247 | E12: Sa4 sub | F12: 3.7
A13: 154 | B13: Sl4 sub | C13: 7.9 | D13: 248 | E13: Sa4 sub | F13: 4
D14: 87 | E14: Sa4 | F14: 2.1
D15: 199 | E15: Sa4 | F15: 2.2
D16: 200 | E16: Sa4 | F16: 2.2
